
=== Mon Sep 28 09:46:27 2026 attempt 1: D:\Quant\.venv\Scripts\python.exe -u -m infodiff.baselines.easytpp_runner S2P2 lob_aapl 6 2019 300 32
[31;1m2026-09-28 09:46:29,395 - config.py[pid:5388;line:33:build_from_yaml_file] - CRITICAL: Load pipeline config class RunnerConfig[0m
[31;1m2026-09-28 09:46:29,395 - runner_config.py[pid:5388;line:205:update_config] - CRITICAL: train model S2P2 using GPU with torch backend[0m
[38;20m2026-09-28 09:46:29,405 - runner_config.py[pid:5388;line:45:__init__] - INFO: Save the config to D:\Quant\results\easytpp\checkpoints/lob_aapl/S2P2/train_2026_09_28_09_46_29\S2P2_train_output.yaml[0m
[38;20m2026-09-28 09:46:29,405 - base_runner.py[pid:5388;line:193:save_log] - INFO: Save the log to D:\Quant\results\easytpp\checkpoints/lob_aapl/S2P2/train_2026_09_28_09_46_29\log[0m
0.20842144932044016 0.6263620563223178
min_dt: 7.275957614183426e-12
max_dt: 17.26781208600005
[38;20m2026-09-28 09:46:33,033 - tpp_runner.py[pid:5388;line:62:_init_model] - INFO: Num of model parameters 34060[0m
[38;20m2026-09-28 09:46:33,711 - base_runner.py[pid:5388;line:103:train] - INFO: Data 'lob_aapl' loaded...[0m
[38;20m2026-09-28 09:46:33,711 - base_runner.py[pid:5388;line:108:train] - INFO: Start S2P2 training...[0m
[38;20m2026-09-28 09:46:39,717 - tpp_runner.py[pid:5388;line:104:_train_model] - INFO: [ Epoch 0 (train) ]: train loglike is -1.1728089372129265, num_events is 66675, mark_ll is -1.7927074435519779, time_ll is 0.6198985283089614[0m
[38;20m2026-09-28 09:46:39,919 - tpp_runner.py[pid:5388;line:116:_train_model] - INFO: [ Epoch 0 (valid) ]:  valid loglike is -0.9840833345862193, num_events is 17018, mark_ll is -1.6179930579019273, time_ll is 0.6339097842863072[0m
[38;20m2026-09-28 09:46:40,311 - tpp_runner.py[pid:5388;line:136:_train_model] - INFO: [ Epoch 0 (test) ]: test loglike is -0.44085102140806065, num_events is 33655, mark_ll is -1.6225745892953314, time_ll is 1.1817235479381778[0m
[31;1m2026-09-28 09:46:40,311 - tpp_runner.py[pid:5388;line:140:_train_model] - CRITICAL: current best loglike on valid set is -0.9841 (updated at epoch-0), best updated at this epoch[0m
[38;20m2026-09-28 09:46:45,421 - tpp_runner.py[pid:5388;line:104:_train_model] - INFO: [ Epoch 1 (train) ]: train loglike is -0.4617241124888686, num_events is 66675, mark_ll is -1.610022812089895, time_ll is 1.1482986922777232[0m
[38;20m2026-09-28 09:46:45,621 - tpp_runner.py[pid:5388;line:116:_train_model] - INFO: [ Epoch 1 (valid) ]:  valid loglike is -0.41498323136371235, num_events is 17018, mark_ll is -1.6359775053206531, time_ll is 1.2209943636195866[0m
[38;20m2026-09-28 09:46:46,023 - tpp_runner.py[pid:5388;line:136:_train_model] - INFO: [ Epoch 1 (test) ]: test loglike is -0.02525502648223936, num_events is 33655, mark_ll is -1.6653671924328666, time_ll is 1.6401121995013743[0m
[31;1m2026-09-28 09:46:46,023 - tpp_runner.py[pid:5388;line:140:_train_model] - CRITICAL: current best loglike on valid set is -0.4150 (updated at epoch-1), best updated at this epoch[0m
[38;20m2026-09-28 09:46:51,140 - tpp_runner.py[pid:5388;line:104:_train_model] - INFO: [ Epoch 2 (train) ]: train loglike is -0.1458321974203298, num_events is 66675, mark_ll is -1.6521480786581364, time_ll is 1.5063158914217754[0m
[38;20m2026-09-28 09:46:51,334 - tpp_runner.py[pid:5388;line:116:_train_model] - INFO: [ Epoch 2 (valid) ]:  valid loglike is -0.2175062643345465, num_events is 17018, mark_ll is -1.7028277360506154, time_ll is 1.4853214430240222[0m
[38;20m2026-09-28 09:46:51,716 - tpp_runner.py[pid:5388;line:136:_train_model] - INFO: [ Epoch 2 (test) ]: test loglike is 0.2626700952598199, num_events is 33655, mark_ll is -1.7137516713712673, time_ll is 1.9764217392010845[0m
[31;1m2026-09-28 09:46:51,716 - tpp_runner.py[pid:5388;line:140:_train_model] - CRITICAL: current best loglike on valid set is -0.2175 (updated at epoch-2), best updated at this epoch[0m
[38;20m2026-09-28 09:46:56,815 - tpp_runner.py[pid:5388;line:104:_train_model] - INFO: [ Epoch 3 (train) ]: train loglike is -0.2130525011277887, num_events is 66675, mark_ll is -1.6957044358712974, time_ll is 1.4826519676983736[0m
[38;20m2026-09-28 09:46:57,019 - tpp_runner.py[pid:5388;line:116:_train_model] - INFO: [ Epoch 3 (valid) ]:  valid loglike is -0.3311460860146242, num_events is 17018, mark_ll is -1.708437131594121, time_ll is 1.3772909881954034[0m
[38;20m2026-09-28 09:46:57,398 - tpp_runner.py[pid:5388;line:136:_train_model] - INFO: [ Epoch 3 (test) ]: test loglike is 0.20298640911831684, num_events is 33655, mark_ll is -1.7256652115677462, time_ll is 1.9286516270335017[0m
[31;1m2026-09-28 09:46:57,398 - tpp_runner.py[pid:5388;line:140:_train_model] - CRITICAL: current best loglike on valid set is -0.2175 (updated at epoch-2)[0m
[38;20m2026-09-28 09:47:02,491 - tpp_runner.py[pid:5388;line:104:_train_model] - INFO: [ Epoch 4 (train) ]: train loglike is -0.01556289598474263, num_events is 66675, mark_ll is -1.6730267102842613, time_ll is 1.65746381189656[0m
[38;20m2026-09-28 09:47:02,685 - tpp_runner.py[pid:5388;line:116:_train_model] - INFO: [ Epoch 4 (valid) ]:  valid loglike is 0.0781530014201272, num_events is 17018, mark_ll is -1.6437461351813154, time_ll is 1.7218991529648755[0m
[38;20m2026-09-28 09:47:03,072 - tpp_runner.py[pid:5388;line:136:_train_model] - INFO: [ Epoch 4 (test) ]: test loglike is 0.4831518689797265, num_events is 33655, mark_ll is -1.6728925778348314, time_ll is 2.1560444445476157[0m
[31;1m2026-09-28 09:47:03,072 - tpp_runner.py[pid:5388;line:140:_train_model] - CRITICAL: current best loglike on valid set is 0.0782 (updated at epoch-4), best updated at this epoch[0m
[38;20m2026-09-28 09:47:08,177 - tpp_runner.py[pid:5388;line:104:_train_model] - INFO: [ Epoch 5 (train) ]: train loglike is 0.300518823773127, num_events is 66675, mark_ll is -1.6615247337246906, time_ll is 1.962043567796213[0m
[38;20m2026-09-28 09:47:08,383 - tpp_runner.py[pid:5388;line:116:_train_model] - INFO: [ Epoch 5 (valid) ]:  valid loglike is 0.37290599077453146, num_events is 17018, mark_ll is -1.7398482517821203, time_ll is 2.1127542560060486[0m
[38;20m2026-09-28 09:47:08,786 - tpp_runner.py[pid:5388;line:136:_train_model] - INFO: [ Epoch 5 (test) ]: test loglike is 0.8237887962702886, num_events is 33655, mark_ll is -1.7446027257860088, time_ll is 2.5683914966665427[0m
[31;1m2026-09-28 09:47:08,786 - tpp_runner.py[pid:5388;line:140:_train_model] - CRITICAL: current best loglike on valid set is 0.3729 (updated at epoch-5), best updated at this epoch[0m
[38;20m2026-09-28 09:47:13,878 - tpp_runner.py[pid:5388;line:104:_train_model] - INFO: [ Epoch 6 (train) ]: train loglike is 0.47903388190367807, num_events is 66675, mark_ll is -1.755243170287308, time_ll is 2.2342770288479565[0m
[38;20m2026-09-28 09:47:14,074 - tpp_runner.py[pid:5388;line:116:_train_model] - INFO: [ Epoch 6 (valid) ]:  valid loglike is 0.3754657732360244, num_events is 17018, mark_ll is -1.7896157256976069, time_ll is 2.1650815339020633[0m
[38;20m2026-09-28 09:47:14,466 - tpp_runner.py[pid:5388;line:136:_train_model] - INFO: [ Epoch 6 (test) ]: test loglike is 0.8045861422865055, num_events is 33655, mark_ll is -1.7888144275901612, time_ll is 2.593400549927574[0m
[31;1m2026-09-28 09:47:14,466 - tpp_runner.py[pid:5388;line:140:_train_model] - CRITICAL: current best loglike on valid set is 0.3755 (updated at epoch-6), best updated at this epoch[0m
[38;20m2026-09-28 09:47:19,581 - tpp_runner.py[pid:5388;line:104:_train_model] - INFO: [ Epoch 7 (train) ]: train loglike is 0.6641772058155816, num_events is 66675, mark_ll is -1.7125069644614737, time_ll is 2.3766841327451256[0m
[38;20m2026-09-28 09:47:19,778 - tpp_runner.py[pid:5388;line:116:_train_model] - INFO: [ Epoch 7 (valid) ]:  valid loglike is 0.652069839583341, num_events is 17018, mark_ll is -1.6966725317035638, time_ll is 2.3487424017722045[0m
[38;20m2026-09-28 09:47:20,167 - tpp_runner.py[pid:5388;line:136:_train_model] - INFO: [ Epoch 7 (test) ]: test loglike is 1.1271558984607135, num_events is 33655, mark_ll is -1.7251777282814589, time_ll is 2.852333579589771[0m
[31;1m2026-09-28 09:47:20,167 - tpp_runner.py[pid:5388;line:140:_train_model] - CRITICAL: current best loglike on valid set is 0.6521 (updated at epoch-7), best updated at this epoch[0m
[38;20m2026-09-28 09:47:25,269 - tpp_runner.py[pid:5388;line:104:_train_model] - INFO: [ Epoch 8 (train) ]: train loglike is 0.8333196204478347, num_events is 66675, mark_ll is -1.666385689825881, time_ll is 2.499705299288761[0m
[38;20m2026-09-28 09:47:25,467 - tpp_runner.py[pid:5388;line:116:_train_model] - INFO: [ Epoch 8 (valid) ]:  valid loglike is 0.7209291394245247, num_events is 17018, mark_ll is -1.6714051390439535, time_ll is 2.3923342928145015[0m
[38;20m2026-09-28 09:47:25,857 - tpp_runner.py[pid:5388;line:136:_train_model] - INFO: [ Epoch 8 (test) ]: test loglike is 1.217859039057277, num_events is 33655, mark_ll is -1.6908975263705244, time_ll is 2.908756570868463[0m
[31;1m2026-09-28 09:47:25,858 - tpp_runner.py[pid:5388;line:140:_train_model] - CRITICAL: current best loglike on valid set is 0.7209 (updated at epoch-8), best updated at this epoch[0m
[38;20m2026-09-28 09:47:30,960 - tpp_runner.py[pid:5388;line:104:_train_model] - INFO: [ Epoch 9 (train) ]: train loglike is 0.9459596767933305, num_events is 66675, mark_ll is -1.651327872346035, time_ll is 2.5972875473085395[0m
[38;20m2026-09-28 09:47:31,158 - tpp_runner.py[pid:5388;line:116:_train_model] - INFO: [ Epoch 9 (valid) ]:  valid loglike is 0.795355293470287, num_events is 17018, mark_ll is -1.6560595780593526, time_ll is 2.4514148894621686[0m
[38;20m2026-09-28 09:47:31,551 - tpp_runner.py[pid:5388;line:136:_train_model] - INFO: [ Epoch 9 (test) ]: test loglike is 1.3015559167993704, num_events is 33655, mark_ll is -1.6746500131156217, time_ll is 2.9762059407963157[0m
[31;1m2026-09-28 09:47:31,551 - tpp_runner.py[pid:5388;line:140:_train_model] - CRITICAL: current best loglike on valid set is 0.7954 (updated at epoch-9), best updated at this epoch[0m
[38;20m2026-09-28 09:47:36,663 - tpp_runner.py[pid:5388;line:104:_train_model] - INFO: [ Epoch 10 (train) ]: train loglike is 1.0202679907931431, num_events is 66675, mark_ll is -1.635935676497469, time_ll is 2.656203680106393[0m
[38;20m2026-09-28 09:47:36,858 - tpp_runner.py[pid:5388;line:116:_train_model] - INFO: [ Epoch 10 (valid) ]:  valid loglike is 0.8809117236391247, num_events is 17018, mark_ll is -1.648848413146191, time_ll is 2.529760108093269[0m
[38;20m2026-09-28 09:47:37,252 - tpp_runner.py[pid:5388;line:136:_train_model] - INFO: [ Epoch 10 (test) ]: test loglike is 1.3948793235850216, num_events is 33655, mark_ll is -1.6757872564904917, time_ll is 3.0706665637535284[0m
[31;1m2026-09-28 09:47:37,252 - tpp_runner.py[pid:5388;line:140:_train_model] - CRITICAL: current best loglike on valid set is 0.8809 (updated at epoch-10), best updated at this epoch[0m
[38;20m2026-09-28 09:47:42,370 - tpp_runner.py[pid:5388;line:104:_train_model] - INFO: [ Epoch 11 (train) ]: train loglike is 1.0849662981580428, num_events is 66675, mark_ll is -1.6284360060461192, time_ll is 2.713402315189117[0m
[38;20m2026-09-28 09:47:42,572 - tpp_runner.py[pid:5388;line:116:_train_model] - INFO: [ Epoch 11 (valid) ]:  valid loglike is 0.9613697062313158, num_events is 17018, mark_ll is -1.644554806170305, time_ll is 2.6059244944690914[0m
[38;20m2026-09-28 09:47:42,967 - tpp_runner.py[pid:5388;line:136:_train_model] - INFO: [ Epoch 11 (test) ]: test loglike is 1.482874849982822, num_events is 33655, mark_ll is -1.6738102796296983, time_ll is 3.1566851803920293[0m
[31;1m2026-09-28 09:47:42,967 - tpp_runner.py[pid:5388;line:140:_train_model] - CRITICAL: current best loglike on valid set is 0.9614 (updated at epoch-11), best updated at this epoch[0m
[38;20m2026-09-28 09:47:48,178 - tpp_runner.py[pid:5388;line:104:_train_model] - INFO: [ Epoch 12 (train) ]: train loglike is 1.153463248734533, num_events is 66675, mark_ll is -1.6211701540237158, time_ll is 2.774633402758249[0m
[38;20m2026-09-28 09:47:48,376 - tpp_runner.py[pid:5388;line:116:_train_model] - INFO: [ Epoch 12 (valid) ]:  valid loglike is 0.9999203114269175, num_events is 17018, mark_ll is -1.6427608000880503, time_ll is 2.6426811222744853[0m
[38;20m2026-09-28 09:47:48,769 - tpp_runner.py[pid:5388;line:136:_train_model] - INFO: [ Epoch 12 (test) ]: test loglike is 1.5448781719783, num_events is 33655, mark_ll is -1.6657566349957287, time_ll is 3.21063478883849[0m
[31;1m2026-09-28 09:47:48,769 - tpp_runner.py[pid:5388;line:140:_train_model] - CRITICAL: current best loglike on valid set is 0.9999 (updated at epoch-12), best updated at this epoch[0m
[38;20m2026-09-28 09:47:53,915 - tpp_runner.py[pid:5388;line:104:_train_model] - INFO: [ Epoch 13 (train) ]: train loglike is 1.1993561937570303, num_events is 66675, mark_ll is -1.6171691990649606, time_ll is 2.816525400145294[0m
[38;20m2026-09-28 09:47:54,127 - tpp_runner.py[pid:5388;line:116:_train_model] - INFO: [ Epoch 13 (valid) ]:  valid loglike is 1.0580799292419698, num_events is 17018, mark_ll is -1.6276120235054428, time_ll is 2.685692028064035[0m
[38;20m2026-09-28 09:47:54,523 - tpp_runner.py[pid:5388;line:136:_train_model] - INFO: [ Epoch 13 (test) ]: test loglike is 1.600845674688475, num_events is 33655, mark_ll is -1.6550084555136682, time_ll is 3.2558541737274367[0m
[31;1m2026-09-28 09:47:54,523 - tpp_runner.py[pid:5388;line:140:_train_model] - CRITICAL: current best loglike on valid set is 1.0581 (updated at epoch-13), best updated at this epoch[0m
[38;20m2026-09-28 09:47:59,737 - tpp_runner.py[pid:5388;line:104:_train_model] - INFO: [ Epoch 14 (train) ]: train loglike is 1.2417365749203224, num_events is 66675, mark_ll is -1.605289358361455, time_ll is 2.847025903988564[0m
[38;20m2026-09-28 09:47:59,937 - tpp_runner.py[pid:5388;line:116:_train_model] - INFO: [ Epoch 14 (valid) ]:  valid loglike is 1.1128345004875353, num_events is 17018, mark_ll is -1.6310597100427673, time_ll is 2.743894174665244[0m
[38;20m2026-09-28 09:48:00,328 - tpp_runner.py[pid:5388;line:136:_train_model] - INFO: [ Epoch 14 (test) ]: test loglike is 1.638717315406329, num_events is 33655, mark_ll is -1.6586798502845974, time_ll is 3.2973971439282797[0m
[31;1m2026-09-28 09:48:00,328 - tpp_runner.py[pid:5388;line:140:_train_model] - CRITICAL: current best loglike on valid set is 1.1128 (updated at epoch-14), best updated at this epoch[0m
[38;20m2026-09-28 09:48:05,458 - tpp_runner.py[pid:5388;line:104:_train_model] - INFO: [ Epoch 15 (train) ]: train loglike is 1.2755438651223285, num_events is 66675, mark_ll is -1.5950034199826584, time_ll is 2.8705473143982[0m
[38;20m2026-09-28 09:48:05,651 - tpp_runner.py[pid:5388;line:116:_train_model] - INFO: [ Epoch 15 (valid) ]:  valid loglike is 1.1281164296856636, num_events is 17018, mark_ll is -1.6066924586168874, time_ll is 2.7348088596105042[0m
[38;20m2026-09-28 09:48:06,045 - tpp_runner.py[pid:5388;line:136:_train_model] - INFO: [ Epoch 15 (test) ]: test loglike is 1.669275676731262, num_events is 33655, mark_ll is -1.6352448602431846, time_ll is 3.3045206022623868[0m
[31;1m2026-09-28 09:48:06,045 - tpp_runner.py[pid:5388;line:140:_train_model] - CRITICAL: current best loglike on valid set is 1.1281 (updated at epoch-15), best updated at this epoch[0m
[38;20m2026-09-28 09:48:11,198 - tpp_runner.py[pid:5388;line:104:_train_model] - INFO: [ Epoch 16 (train) ]: train loglike is 1.310555459742337, num_events is 66675, mark_ll is -1.587752027822694, time_ll is 2.898307555305587[0m
[38;20m2026-09-28 09:48:11,393 - tpp_runner.py[pid:5388;line:116:_train_model] - INFO: [ Epoch 16 (valid) ]:  valid loglike is 1.1514763463915045, num_events is 17018, mark_ll is -1.6023430743023013, time_ll is 2.7538196215381325[0m
[38;20m2026-09-28 09:48:11,787 - tpp_runner.py[pid:5388;line:136:_train_model] - INFO: [ Epoch 16 (test) ]: test loglike is 1.7095465513169013, num_events is 33655, mark_ll is -1.6266012810364359, time_ll is 3.336147785200936[0m
[31;1m2026-09-28 09:48:11,787 - tpp_runner.py[pid:5388;line:140:_train_model] - CRITICAL: current best loglike on valid set is 1.1515 (updated at epoch-16), best updated at this epoch[0m
[38;20m2026-09-28 09:48:16,933 - tpp_runner.py[pid:5388;line:104:_train_model] - INFO: [ Epoch 17 (train) ]: train loglike is 1.3453019690898014, num_events is 66675, mark_ll is -1.582453800940898, time_ll is 2.9277557590457444[0m
[38;20m2026-09-28 09:48:17,131 - tpp_runner.py[pid:5388;line:116:_train_model] - INFO: [ Epoch 17 (valid) ]:  valid loglike is 1.1800903076430103, num_events is 17018, mark_ll is -1.590311781838072, time_ll is 2.7704021540381873[0m
[38;20m2026-09-28 09:48:17,542 - tpp_runner.py[pid:5388;line:136:_train_model] - INFO: [ Epoch 17 (test) ]: test loglike is 1.7323069609711597, num_events is 33655, mark_ll is -1.6156802481057793, time_ll is 3.3479872526022323[0m
[31;1m2026-09-28 09:48:17,542 - tpp_runner.py[pid:5388;line:140:_train_model] - CRITICAL: current best loglike on valid set is 1.1801 (updated at epoch-17), best updated at this epoch[0m
[38;20m2026-09-28 09:48:22,728 - tpp_runner.py[pid:5388;line:104:_train_model] - INFO: [ Epoch 18 (train) ]: train loglike is 1.3800294213711568, num_events is 66675, mark_ll is -1.5788617426239688, time_ll is 2.958891156671822[0m
[38;20m2026-09-28 09:48:22,921 - tpp_runner.py[pid:5388;line:116:_train_model] - INFO: [ Epoch 18 (valid) ]:  valid loglike is 1.184150052919611, num_events is 17018, mark_ll is -1.593611403068626, time_ll is 2.777761434469202[0m
[38;20m2026-09-28 09:48:23,319 - tpp_runner.py[pid:5388;line:136:_train_model] - INFO: [ Epoch 18 (test) ]: test loglike is 1.7696661094945494, num_events is 33655, mark_ll is -1.6123783032796017, time_ll is 3.3820443220964567[0m
[31;1m2026-09-28 09:48:23,319 - tpp_runner.py[pid:5388;line:140:_train_model] - CRITICAL: current best loglike on valid set is 1.1842 (updated at epoch-18), best updated at this epoch[0m
[38;20m2026-09-28 09:48:28,456 - tpp_runner.py[pid:5388;line:104:_train_model] - INFO: [ Epoch 19 (train) ]: train loglike is 1.3976977145434946, num_events is 66675, mark_ll is -1.573468484896419, time_ll is 2.9711661042369704[0m
[38;20m2026-09-28 09:48:28,656 - tpp_runner.py[pid:5388;line:116:_train_model] - INFO: [ Epoch 19 (valid) ]:  valid loglike is 1.2298000746796591, num_events is 17018, mark_ll is -1.5887272563884562, time_ll is 2.8185273525871506[0m
[38;20m2026-09-28 09:48:29,041 - tpp_runner.py[pid:5388;line:136:_train_model] - INFO: [ Epoch 19 (test) ]: test loglike is 1.8091469564793492, num_events is 33655, mark_ll is -1.599534598545907, time_ll is 3.4086815332626097[0m
[31;1m2026-09-28 09:48:29,041 - tpp_runner.py[pid:5388;line:140:_train_model] - CRITICAL: current best loglike on valid set is 1.2298 (updated at epoch-19), best updated at this epoch[0m
[38;20m2026-09-28 09:48:34,253 - tpp_runner.py[pid:5388;line:104:_train_model] - INFO: [ Epoch 20 (train) ]: train loglike is 1.4228497371666433, num_events is 66675, mark_ll is -1.569356120523997, time_ll is 2.9922058668447695[0m
[38;20m2026-09-28 09:48:34,452 - tpp_runner.py[pid:5388;line:116:_train_model] - INFO: [ Epoch 20 (valid) ]:  valid loglike is 1.248209648567188, num_events is 17018, mark_ll is -1.5828903616070118, time_ll is 2.831100049625764[0m
[38;20m2026-09-28 09:48:34,852 - tpp_runner.py[pid:5388;line:136:_train_model] - INFO: [ Epoch 20 (test) ]: test loglike is 1.8367028814034412, num_events is 33655, mark_ll is -1.5913509946400053, time_ll is 3.42805395221271[0m
[31;1m2026-09-28 09:48:34,852 - tpp_runner.py[pid:5388;line:140:_train_model] - CRITICAL: current best loglike on valid set is 1.2482 (updated at epoch-20), best updated at this epoch[0m
[38;20m2026-09-28 09:48:40,005 - tpp_runner.py[pid:5388;line:104:_train_model] - INFO: [ Epoch 21 (train) ]: train loglike is 1.4451625187476564, num_events is 66675, mark_ll is -1.5677896146770716, time_ll is 3.0129521553946383[0m
[38;20m2026-09-28 09:48:40,200 - tpp_runner.py[pid:5388;line:116:_train_model] - INFO: [ Epoch 21 (valid) ]:  valid loglike is 1.2607732968515872, num_events is 17018, mark_ll is -1.5662440251682042, time_ll is 2.8270172431166634[0m
[38;20m2026-09-28 09:48:40,588 - tpp_runner.py[pid:5388;line:136:_train_model] - INFO: [ Epoch 21 (test) ]: test loglike is 1.8452098601039035, num_events is 33655, mark_ll is -1.5746958960291004, time_ll is 3.4199057851498664[0m
[31;1m2026-09-28 09:48:40,588 - tpp_runner.py[pid:5388;line:140:_train_model] - CRITICAL: current best loglike on valid set is 1.2608 (updated at epoch-21), best updated at this epoch[0m
[38;20m2026-09-28 09:48:45,705 - tpp_runner.py[pid:5388;line:104:_train_model] - INFO: [ Epoch 22 (train) ]: train loglike is 1.46932983718832, num_events is 66675, mark_ll is -1.5630284642154106, time_ll is 3.0323582647872143[0m
[38;20m2026-09-28 09:48:45,903 - tpp_runner.py[pid:5388;line:116:_train_model] - INFO: [ Epoch 22 (valid) ]:  valid loglike is 1.2846486052050128, num_events is 17018, mark_ll is -1.5602422228486015, time_ll is 2.8448908244671083[0m
[38;20m2026-09-28 09:48:46,292 - tpp_runner.py[pid:5388;line:136:_train_model] - INFO: [ Epoch 22 (test) ]: test loglike is 1.8547443657958513, num_events is 33655, mark_ll is -1.5710681825172244, time_ll is 3.425812522923321[0m
[31;1m2026-09-28 09:48:46,292 - tpp_runner.py[pid:5388;line:140:_train_model] - CRITICAL: current best loglike on valid set is 1.2846 (updated at epoch-22), best updated at this epoch[0m
[38;20m2026-09-28 09:48:51,415 - tpp_runner.py[pid:5388;line:104:_train_model] - INFO: [ Epoch 23 (train) ]: train loglike is 1.4731247693159448, num_events is 66675, mark_ll is -1.5626519805141545, time_ll is 3.035776709551931[0m
[38;20m2026-09-28 09:48:51,613 - tpp_runner.py[pid:5388;line:116:_train_model] - INFO: [ Epoch 23 (valid) ]:  valid loglike is 1.2453381915758774, num_events is 17018, mark_ll is -1.5628570868666631, time_ll is 2.8081952461639883[0m
[38;20m2026-09-28 09:48:52,000 - tpp_runner.py[pid:5388;line:136:_train_model] - INFO: [ Epoch 23 (test) ]: test loglike is 1.8377100820829, num_events is 33655, mark_ll is -1.5772374757419032, time_ll is 3.4149476013500966[0m
[31;1m2026-09-28 09:48:52,000 - tpp_runner.py[pid:5388;line:140:_train_model] - CRITICAL: current best loglike on valid set is 1.2846 (updated at epoch-22)[0m
[38;20m2026-09-28 09:48:57,176 - tpp_runner.py[pid:5388;line:104:_train_model] - INFO: [ Epoch 24 (train) ]: train loglike is 1.485189744958638, num_events is 66675, mark_ll is -1.5579623787260968, time_ll is 3.0431521255155607[0m
[38;20m2026-09-28 09:48:57,365 - tpp_runner.py[pid:5388;line:116:_train_model] - INFO: [ Epoch 24 (valid) ]:  valid loglike is 1.3058680199136576, num_events is 17018, mark_ll is -1.5589340735384043, time_ll is 2.8648020145489337[0m
[38;20m2026-09-28 09:48:57,776 - tpp_runner.py[pid:5388;line:136:_train_model] - INFO: [ Epoch 24 (test) ]: test loglike is 1.8645916442463044, num_events is 33655, mark_ll is -1.5713931858831804, time_ll is 3.4359848337565926[0m
[31;1m2026-09-28 09:48:57,776 - tpp_runner.py[pid:5388;line:140:_train_model] - CRITICAL: current best loglike on valid set is 1.3059 (updated at epoch-24), best updated at this epoch[0m
[38;20m2026-09-28 09:49:02,911 - tpp_runner.py[pid:5388;line:104:_train_model] - INFO: [ Epoch 25 (train) ]: train loglike is 1.5139953672783089, num_events is 66675, mark_ll is -1.5595402210465878, time_ll is 3.0735355956482002[0m
[38;20m2026-09-28 09:49:03,107 - tpp_runner.py[pid:5388;line:116:_train_model] - INFO: [ Epoch 25 (valid) ]:  valid loglike is 1.3082379757944713, num_events is 17018, mark_ll is -1.552965640069063, time_ll is 2.8612037593237676[0m
[38;20m2026-09-28 09:49:03,499 - tpp_runner.py[pid:5388;line:136:_train_model] - INFO: [ Epoch 25 (test) ]: test loglike is 1.8989294627644016, num_events is 33655, mark_ll is -1.5683563463649997, time_ll is 3.4672857365872454[0m
[31;1m2026-09-28 09:49:03,673 - tpp_runner.py[pid:5388;line:140:_train_model] - CRITICAL: current best loglike on valid set is 1.3082 (updated at epoch-25), best updated at this epoch[0m
[38;20m2026-09-28 09:49:08,802 - tpp_runner.py[pid:5388;line:104:_train_model] - INFO: [ Epoch 26 (train) ]: train loglike is 1.5299932186211098, num_events is 66675, mark_ll is -1.5498656906167978, time_ll is 3.079858879944694[0m
[38;20m2026-09-28 09:49:09,001 - tpp_runner.py[pid:5388;line:116:_train_model] - INFO: [ Epoch 26 (valid) ]:  valid loglike is 1.3047584697774048, num_events is 17018, mark_ll is -1.563769242894931, time_ll is 2.868527648115231[0m
[38;20m2026-09-28 09:49:09,388 - tpp_runner.py[pid:5388;line:136:_train_model] - INFO: [ Epoch 26 (test) ]: test loglike is 1.904601965544217, num_events is 33655, mark_ll is -1.579070993235589, time_ll is 3.483672929762944[0m
[31;1m2026-09-28 09:49:09,388 - tpp_runner.py[pid:5388;line:140:_train_model] - CRITICAL: current best loglike on valid set is 1.3082 (updated at epoch-25)[0m
[38;20m2026-09-28 09:49:14,545 - tpp_runner.py[pid:5388;line:104:_train_model] - INFO: [ Epoch 27 (train) ]: train loglike is 1.5400475392236126, num_events is 66675, mark_ll is -1.558158815353159, time_ll is 3.098206317960255[0m
[38;20m2026-09-28 09:49:14,752 - tpp_runner.py[pid:5388;line:116:_train_model] - INFO: [ Epoch 27 (valid) ]:  valid loglike is 1.3844229845788283, num_events is 17018, mark_ll is -1.5596986161596362, time_ll is 2.9441215648734063[0m
[38;20m2026-09-28 09:49:15,143 - tpp_runner.py[pid:5388;line:136:_train_model] - INFO: [ Epoch 27 (test) ]: test loglike is 1.9598205974455876, num_events is 33655, mark_ll is -1.5703439941768962, time_ll is 3.5301647113170405[0m
[31;1m2026-09-28 09:49:15,143 - tpp_runner.py[pid:5388;line:140:_train_model] - CRITICAL: current best loglike on valid set is 1.3844 (updated at epoch-27), best updated at this epoch[0m
[38;20m2026-09-28 09:49:20,259 - tpp_runner.py[pid:5388;line:104:_train_model] - INFO: [ Epoch 28 (train) ]: train loglike is 1.5646576428922947, num_events is 66675, mark_ll is -1.545726500984252, time_ll is 3.11038406332021[0m
[38;20m2026-09-28 09:49:20,452 - tpp_runner.py[pid:5388;line:116:_train_model] - INFO: [ Epoch 28 (valid) ]:  valid loglike is 1.4026052600727448, num_events is 17018, mark_ll is -1.5436752916489158, time_ll is 2.946280670076353[0m
[38;20m2026-09-28 09:49:20,847 - tpp_runner.py[pid:5388;line:136:_train_model] - INFO: [ Epoch 28 (test) ]: test loglike is 1.9851770115649607, num_events is 33655, mark_ll is -1.5495239711200972, time_ll is 3.534700895634471[0m
[31;1m2026-09-28 09:49:20,847 - tpp_runner.py[pid:5388;line:140:_train_model] - CRITICAL: current best loglike on valid set is 1.4026 (updated at epoch-28), best updated at this epoch[0m
[38;20m2026-09-28 09:49:25,954 - tpp_runner.py[pid:5388;line:104:_train_model] - INFO: [ Epoch 29 (train) ]: train loglike is 1.5872269286651668, num_events is 66675, mark_ll is -1.5414625039545837, time_ll is 3.128689385018279[0m
[38;20m2026-09-28 09:49:26,153 - tpp_runner.py[pid:5388;line:116:_train_model] - INFO: [ Epoch 29 (valid) ]:  valid loglike is 1.3954288735066362, num_events is 17018, mark_ll is -1.5418054022762664, time_ll is 2.9372342829559144[0m
[38;20m2026-09-28 09:49:26,544 - tpp_runner.py[pid:5388;line:136:_train_model] - INFO: [ Epoch 29 (test) ]: test loglike is 1.9924774364878919, num_events is 33655, mark_ll is -1.5436605772846717, time_ll is 3.5361379484846234[0m
[31;1m2026-09-28 09:49:26,544 - tpp_runner.py[pid:5388;line:140:_train_model] - CRITICAL: current best loglike on valid set is 1.4026 (updated at epoch-28)[0m
[38;20m2026-09-28 09:49:31,665 - tpp_runner.py[pid:5388;line:104:_train_model] - INFO: [ Epoch 30 (train) ]: train loglike is 1.5812497729775965, num_events is 66675, mark_ll is -1.5431045020739595, time_ll is 3.1243542823748593[0m
[38;20m2026-09-28 09:49:31,862 - tpp_runner.py[pid:5388;line:116:_train_model] - INFO: [ Epoch 30 (valid) ]:  valid loglike is 1.3894798681393874, num_events is 17018, mark_ll is -1.544764269587716, time_ll is 2.934244040891446[0m
[38;20m2026-09-28 09:49:32,256 - tpp_runner.py[pid:5388;line:136:_train_model] - INFO: [ Epoch 30 (test) ]: test loglike is 1.9866776838856597, num_events is 33655, mark_ll is -1.55265830004132, time_ll is 3.5393358823679617[0m
[31;1m2026-09-28 09:49:32,256 - tpp_runner.py[pid:5388;line:140:_train_model] - CRITICAL: current best loglike on valid set is 1.4026 (updated at epoch-28)[0m
[38;20m2026-09-28 09:49:37,468 - tpp_runner.py[pid:5388;line:104:_train_model] - INFO: [ Epoch 31 (train) ]: train loglike is 1.6080269849081366, num_events is 66675, mark_ll is -1.5368249854998595, time_ll is 3.144852010686164[0m
[38;20m2026-09-28 09:49:37,666 - tpp_runner.py[pid:5388;line:116:_train_model] - INFO: [ Epoch 31 (valid) ]:  valid loglike is 1.4199538415264812, num_events is 17018, mark_ll is -1.5420321268289459, time_ll is 2.9619859360768745[0m
[38;20m2026-09-28 09:49:38,060 - tpp_runner.py[pid:5388;line:136:_train_model] - INFO: [ Epoch 31 (test) ]: test loglike is 2.021466282986369, num_events is 33655, mark_ll is -1.552673388809705, time_ll is 3.5741397298297986[0m
[31;1m2026-09-28 09:49:38,060 - tpp_runner.py[pid:5388;line:140:_train_model] - CRITICAL: current best loglike on valid set is 1.4200 (updated at epoch-31), best updated at this epoch[0m
[38;20m2026-09-28 09:49:43,155 - tpp_runner.py[pid:5388;line:104:_train_model] - INFO: [ Epoch 32 (train) ]: train loglike is 1.6270405249636763, num_events is 66675, mark_ll is -1.535497175401903, time_ll is 3.162537671072366[0m
[38;20m2026-09-28 09:49:43,362 - tpp_runner.py[pid:5388;line:116:_train_model] - INFO: [ Epoch 32 (valid) ]:  valid loglike is 1.4433957780341955, num_events is 17018, mark_ll is -1.5444979428376389, time_ll is 2.9878937208718344[0m
[38;20m2026-09-28 09:49:43,758 - tpp_runner.py[pid:5388;line:136:_train_model] - INFO: [ Epoch 32 (test) ]: test loglike is 2.034247209738523, num_events is 33655, mark_ll is -1.551276814482432, time_ll is 3.5855240387293863[0m
[31;1m2026-09-28 09:49:43,758 - tpp_runner.py[pid:5388;line:140:_train_model] - CRITICAL: current best loglike on valid set is 1.4434 (updated at epoch-32), best updated at this epoch[0m
[38;20m2026-09-28 09:49:48,856 - tpp_runner.py[pid:5388;line:104:_train_model] - INFO: [ Epoch 33 (train) ]: train loglike is 1.6369699978908887, num_events is 66675, mark_ll is -1.5261466279117455, time_ll is 3.1631166074943757[0m
[38;20m2026-09-28 09:49:49,044 - tpp_runner.py[pid:5388;line:116:_train_model] - INFO: [ Epoch 33 (valid) ]:  valid loglike is 1.4613187527429596, num_events is 17018, mark_ll is -1.5315587981521404, time_ll is 2.9928776011061817[0m
[38;20m2026-09-28 09:49:49,454 - tpp_runner.py[pid:5388;line:136:_train_model] - INFO: [ Epoch 33 (test) ]: test loglike is 2.042587849275971, num_events is 33655, mark_ll is -1.5412108577036288, time_ll is 3.583798775894648[0m
[31;1m2026-09-28 09:49:49,454 - tpp_runner.py[pid:5388;line:140:_train_model] - CRITICAL: current best loglike on valid set is 1.4613 (updated at epoch-33), best updated at this epoch[0m
[38;20m2026-09-28 09:49:54,570 - tpp_runner.py[pid:5388;line:104:_train_model] - INFO: [ Epoch 34 (train) ]: train loglike is 1.6516317930961755, num_events is 66675, mark_ll is -1.526290080439164, time_ll is 3.1779218808586425[0m
[38;20m2026-09-28 09:49:54,769 - tpp_runner.py[pid:5388;line:116:_train_model] - INFO: [ Epoch 34 (valid) ]:  valid loglike is 1.4586564966368332, num_events is 17018, mark_ll is -1.524876736098359, time_ll is 2.9835332040431455[0m
[38;20m2026-09-28 09:49:55,161 - tpp_runner.py[pid:5388;line:136:_train_model] - INFO: [ Epoch 34 (test) ]: test loglike is 2.0263076956781125, num_events is 33655, mark_ll is -1.531485595159059, time_ll is 3.5577932182950156[0m
[31;1m2026-09-28 09:49:55,161 - tpp_runner.py[pid:5388;line:140:_train_model] - CRITICAL: current best loglike on valid set is 1.4613 (updated at epoch-33)[0m
[38;20m2026-09-28 09:50:00,261 - tpp_runner.py[pid:5388;line:104:_train_model] - INFO: [ Epoch 35 (train) ]: train loglike is 1.649822373277559, num_events is 66675, mark_ll is -1.5249853607166293, time_ll is 3.1748076680844584[0m
[38;20m2026-09-28 09:50:00,458 - tpp_runner.py[pid:5388;line:116:_train_model] - INFO: [ Epoch 35 (valid) ]:  valid loglike is 1.4656527222554796, num_events is 17018, mark_ll is -1.5334072545659376, time_ll is 2.999059933783347[0m
[38;20m2026-09-28 09:50:00,845 - tpp_runner.py[pid:5388;line:136:_train_model] - INFO: [ Epoch 35 (test) ]: test loglike is 2.059073775952682, num_events is 33655, mark_ll is -1.5430889886230685, time_ll is 3.6021627428131033[0m
[31;1m2026-09-28 09:50:00,845 - tpp_runner.py[pid:5388;line:140:_train_model] - CRITICAL: current best loglike on valid set is 1.4657 (updated at epoch-35), best updated at this epoch[0m
[38;20m2026-09-28 09:50:06,095 - tpp_runner.py[pid:5388;line:104:_train_model] - INFO: [ Epoch 36 (train) ]: train loglike is 1.6752819288702194, num_events is 66675, mark_ll is -1.5267799361993812, time_ll is 3.202061832114736[0m
[38;20m2026-09-28 09:50:06,293 - tpp_runner.py[pid:5388;line:116:_train_model] - INFO: [ Epoch 36 (valid) ]:  valid loglike is 1.470426949704908, num_events is 17018, mark_ll is -1.5313126419108627, time_ll is 3.0017394983666192[0m
[38;20m2026-09-28 09:50:06,691 - tpp_runner.py[pid:5388;line:136:_train_model] - INFO: [ Epoch 36 (test) ]: test loglike is 2.071075657986369, num_events is 33655, mark_ll is -1.5341398872462766, time_ll is 3.60521563591034[0m
[31;1m2026-09-28 09:50:06,691 - tpp_runner.py[pid:5388;line:140:_train_model] - CRITICAL: current best loglike on valid set is 1.4704 (updated at epoch-36), best updated at this epoch[0m
[38;20m2026-09-28 09:50:11,833 - tpp_runner.py[pid:5388;line:104:_train_model] - INFO: [ Epoch 37 (train) ]: train loglike is 1.6800474220507593, num_events is 66675, mark_ll is -1.519028043857799, time_ll is 3.1990754768935132[0m
[38;20m2026-09-28 09:50:12,032 - tpp_runner.py[pid:5388;line:116:_train_model] - INFO: [ Epoch 37 (valid) ]:  valid loglike is 1.4333987014668292, num_events is 17018, mark_ll is -1.528556978846846, time_ll is 2.961955665967652[0m
[38;20m2026-09-28 09:50:12,417 - tpp_runner.py[pid:5388;line:136:_train_model] - INFO: [ Epoch 37 (test) ]: test loglike is 2.0789328802253566, num_events is 33655, mark_ll is -1.5256634669289018, time_ll is 3.6045962419681326[0m
[31;1m2026-09-28 09:50:12,417 - tpp_runner.py[pid:5388;line:140:_train_model] - CRITICAL: current best loglike on valid set is 1.4704 (updated at epoch-36)[0m
[38;20m2026-09-28 09:50:17,555 - tpp_runner.py[pid:5388;line:104:_train_model] - INFO: [ Epoch 38 (train) ]: train loglike is 1.680782044578412, num_events is 66675, mark_ll is -1.521351336209927, time_ll is 3.2021333954349456[0m
[38;20m2026-09-28 09:50:17,753 - tpp_runner.py[pid:5388;line:116:_train_model] - INFO: [ Epoch 38 (valid) ]:  valid loglike is 1.4527527493866788, num_events is 17018, mark_ll is -1.5260452340444677, time_ll is 2.9787978973550064[0m
[38;20m2026-09-28 09:50:18,139 - tpp_runner.py[pid:5388;line:136:_train_model] - INFO: [ Epoch 38 (test) ]: test loglike is 2.0664370260095546, num_events is 33655, mark_ll is -1.5260923542889244, time_ll is 3.592529463721958[0m
[31;1m2026-09-28 09:50:18,139 - tpp_runner.py[pid:5388;line:140:_train_model] - CRITICAL: current best loglike on valid set is 1.4704 (updated at epoch-36)[0m
[38;20m2026-09-28 09:50:23,351 - tpp_runner.py[pid:5388;line:104:_train_model] - INFO: [ Epoch 39 (train) ]: train loglike is 1.693130953845613, num_events is 66675, mark_ll is -1.5161946358267717, time_ll is 3.209325553055868[0m
[38;20m2026-09-28 09:50:23,564 - tpp_runner.py[pid:5388;line:116:_train_model] - INFO: [ Epoch 39 (valid) ]:  valid loglike is 1.501688778001142, num_events is 17018, mark_ll is -1.5267641778305507, time_ll is 3.0284529845237396[0m
[38;20m2026-09-28 09:50:24,013 - tpp_runner.py[pid:5388;line:136:_train_model] - INFO: [ Epoch 39 (test) ]: test loglike is 2.106050810121778, num_events is 33655, mark_ll is -1.5270967802309279, time_ll is 3.633147586725598[0m
[31;1m2026-09-28 09:50:24,013 - tpp_runner.py[pid:5388;line:140:_train_model] - CRITICAL: current best loglike on valid set is 1.5017 (updated at epoch-39), best updated at this epoch[0m
[38;20m2026-09-28 09:50:29,135 - tpp_runner.py[pid:5388;line:104:_train_model] - INFO: [ Epoch 40 (train) ]: train loglike is 1.6983401366821336, num_events is 66675, mark_ll is -1.5107143626089707, time_ll is 3.2090545468925757[0m
[38;20m2026-09-28 09:50:29,333 - tpp_runner.py[pid:5388;line:116:_train_model] - INFO: [ Epoch 40 (valid) ]:  valid loglike is 1.4447172189350064, num_events is 17018, mark_ll is -1.5238482696859574, time_ll is 2.9685655818701155[0m
[38;20m2026-09-28 09:50:29,716 - tpp_runner.py[pid:5388;line:136:_train_model] - INFO: [ Epoch 40 (test) ]: test loglike is 2.0610127552323205, num_events is 33655, mark_ll is -1.5274288999823578, time_ll is 3.5884417059941875[0m
[31;1m2026-09-28 09:50:29,717 - tpp_runner.py[pid:5388;line:140:_train_model] - CRITICAL: current best loglike on valid set is 1.5017 (updated at epoch-39)[0m
[38;20m2026-09-28 09:50:34,875 - tpp_runner.py[pid:5388;line:104:_train_model] - INFO: [ Epoch 41 (train) ]: train loglike is 1.6965736753608924, num_events is 66675, mark_ll is -1.5173469356369516, time_ll is 3.2139206183211475[0m
[38;20m2026-09-28 09:50:35,081 - tpp_runner.py[pid:5388;line:116:_train_model] - INFO: [ Epoch 41 (valid) ]:  valid loglike is 1.460288407001502, num_events is 17018, mark_ll is -1.521134647643304, time_ll is 2.981423061817818[0m
[38;20m2026-09-28 09:50:35,470 - tpp_runner.py[pid:5388;line:136:_train_model] - INFO: [ Epoch 41 (test) ]: test loglike is 2.1043973749025033, num_events is 33655, mark_ll is -1.5210388646049993, time_ll is 3.6254361959822092[0m
[31;1m2026-09-28 09:50:35,470 - tpp_runner.py[pid:5388;line:140:_train_model] - CRITICAL: current best loglike on valid set is 1.5017 (updated at epoch-39)[0m
[38;20m2026-09-28 09:50:40,603 - tpp_runner.py[pid:5388;line:104:_train_model] - INFO: [ Epoch 42 (train) ]: train loglike is 1.7154940007499062, num_events is 66675, mark_ll is -1.5115172383237252, time_ll is 3.2270111987954633[0m
[38;20m2026-09-28 09:50:40,796 - tpp_runner.py[pid:5388;line:116:_train_model] - INFO: [ Epoch 42 (valid) ]:  valid loglike is 1.4477761927972403, num_events is 17018, mark_ll is -1.5153122279993978, time_ll is 2.96308847100772[0m
[38;20m2026-09-28 09:50:41,184 - tpp_runner.py[pid:5388;line:136:_train_model] - INFO: [ Epoch 42 (test) ]: test loglike is 2.065330903219479, num_events is 33655, mark_ll is -1.509211689471986, time_ll is 3.5745425636746027[0m
[31;1m2026-09-28 09:50:41,184 - tpp_runner.py[pid:5388;line:140:_train_model] - CRITICAL: current best loglike on valid set is 1.5017 (updated at epoch-39)[0m
[38;20m2026-09-28 09:50:46,291 - tpp_runner.py[pid:5388;line:104:_train_model] - INFO: [ Epoch 43 (train) ]: train loglike is 1.720913406332021, num_events is 66675, mark_ll is -1.5066371830474317, time_ll is 3.2275505747328457[0m
[38;20m2026-09-28 09:50:46,500 - tpp_runner.py[pid:5388;line:116:_train_model] - INFO: [ Epoch 43 (valid) ]:  valid loglike is 1.462028077520401, num_events is 17018, mark_ll is -1.523993307981806, time_ll is 2.9860213352911256[0m
[38;20m2026-09-28 09:50:46,903 - tpp_runner.py[pid:5388;line:136:_train_model] - INFO: [ Epoch 43 (test) ]: test loglike is 2.101402725902076, num_events is 33655, mark_ll is -1.522895668130664, time_ll is 3.6242983577616625[0m
[31;1m2026-09-28 09:50:46,903 - tpp_runner.py[pid:5388;line:140:_train_model] - CRITICAL: current best loglike on valid set is 1.5017 (updated at epoch-39)[0m
[38;20m2026-09-28 09:50:51,994 - tpp_runner.py[pid:5388;line:104:_train_model] - INFO: [ Epoch 44 (train) ]: train loglike is 1.7137871218246157, num_events is 66675, mark_ll is -1.5130213752577804, time_ll is 3.2268085336989127[0m
[38;20m2026-09-28 09:50:52,191 - tpp_runner.py[pid:5388;line:116:_train_model] - INFO: [ Epoch 44 (valid) ]:  valid loglike is 1.4832284084315137, num_events is 17018, mark_ll is -1.5274530666977613, time_ll is 3.0106813603610885[0m
[38;20m2026-09-28 09:50:52,594 - tpp_runner.py[pid:5388;line:136:_train_model] - INFO: [ Epoch 44 (test) ]: test loglike is 2.1078519774411304, num_events is 33655, mark_ll is -1.5173697476577588, time_ll is 3.6252217250988896[0m
[31;1m2026-09-28 09:50:52,594 - tpp_runner.py[pid:5388;line:140:_train_model] - CRITICAL: current best loglike on valid set is 1.5017 (updated at epoch-39)[0m
[38;20m2026-09-28 09:50:57,697 - tpp_runner.py[pid:5388;line:104:_train_model] - INFO: [ Epoch 45 (train) ]: train loglike is 1.723534526445913, num_events is 66675, mark_ll is -1.5126315338512373, time_ll is 3.236166052973847[0m
[38;20m2026-09-28 09:50:57,895 - tpp_runner.py[pid:5388;line:116:_train_model] - INFO: [ Epoch 45 (valid) ]:  valid loglike is 1.4912492844203564, num_events is 17018, mark_ll is -1.5270063100122848, time_ll is 3.0182555298755362[0m
[38;20m2026-09-28 09:50:58,283 - tpp_runner.py[pid:5388;line:136:_train_model] - INFO: [ Epoch 45 (test) ]: test loglike is 2.118172912642995, num_events is 33655, mark_ll is -1.521232798804041, time_ll is 3.639405696938605[0m
[31;1m2026-09-28 09:50:58,283 - tpp_runner.py[pid:5388;line:140:_train_model] - CRITICAL: current best loglike on valid set is 1.5017 (updated at epoch-39)[0m
[38;20m2026-09-28 09:51:03,399 - tpp_runner.py[pid:5388;line:104:_train_model] - INFO: [ Epoch 46 (train) ]: train loglike is 1.707041920052962, num_events is 66675, mark_ll is -1.5131974201467004, time_ll is 3.220239325553056[0m
[38;20m2026-09-28 09:51:03,588 - tpp_runner.py[pid:5388;line:116:_train_model] - INFO: [ Epoch 46 (valid) ]:  valid loglike is 1.5200478072619799, num_events is 17018, mark_ll is -1.520609611881537, time_ll is 3.0406572756832837[0m
[38;20m2026-09-28 09:51:03,998 - tpp_runner.py[pid:5388;line:136:_train_model] - INFO: [ Epoch 46 (test) ]: test loglike is 2.164632452835992, num_events is 33655, mark_ll is -1.503036614637498, time_ll is 3.6676691291343224[0m
[31;1m2026-09-28 09:51:04,000 - tpp_runner.py[pid:5388;line:140:_train_model] - CRITICAL: current best loglike on valid set is 1.5200 (updated at epoch-46), best updated at this epoch[0m
[38;20m2026-09-28 09:51:09,131 - tpp_runner.py[pid:5388;line:104:_train_model] - INFO: [ Epoch 47 (train) ]: train loglike is 1.7299691322764341, num_events is 66675, mark_ll is -1.50721989097066, time_ll is 3.2371890159237906[0m
[38;20m2026-09-28 09:51:09,331 - tpp_runner.py[pid:5388;line:116:_train_model] - INFO: [ Epoch 47 (valid) ]:  valid loglike is 1.4956684549654227, num_events is 17018, mark_ll is -1.5250338178807916, time_ll is 3.020702258500191[0m
[38;20m2026-09-28 09:51:09,721 - tpp_runner.py[pid:5388;line:136:_train_model] - INFO: [ Epoch 47 (test) ]: test loglike is 2.1028438556213787, num_events is 33655, mark_ll is -1.5162345789885419, time_ll is 3.619078441864136[0m
[31;1m2026-09-28 09:51:09,721 - tpp_runner.py[pid:5388;line:140:_train_model] - CRITICAL: current best loglike on valid set is 1.5200 (updated at epoch-46)[0m
[38;20m2026-09-28 09:51:14,900 - tpp_runner.py[pid:5388;line:104:_train_model] - INFO: [ Epoch 48 (train) ]: train loglike is 1.7359880820561493, num_events is 66675, mark_ll is -1.512104570913011, time_ll is 3.2480926163526433[0m
[38;20m2026-09-28 09:51:15,101 - tpp_runner.py[pid:5388;line:116:_train_model] - INFO: [ Epoch 48 (valid) ]:  valid loglike is 1.4201166222666808, num_events is 17018, mark_ll is -1.5279156470469686, time_ll is 2.9480323051787076[0m
[38;20m2026-09-28 09:51:15,481 - tpp_runner.py[pid:5388;line:136:_train_model] - INFO: [ Epoch 48 (test) ]: test loglike is 2.038824209899857, num_events is 33655, mark_ll is -1.5117461382908837, time_ll is 3.5505703989702497[0m
[31;1m2026-09-28 09:51:15,481 - tpp_runner.py[pid:5388;line:140:_train_model] - CRITICAL: current best loglike on valid set is 1.5200 (updated at epoch-46)[0m
[38;20m2026-09-28 09:51:20,595 - tpp_runner.py[pid:5388;line:104:_train_model] - INFO: [ Epoch 49 (train) ]: train loglike is 1.6997859398434572, num_events is 66675, mark_ll is -1.5178904272708098, time_ll is 3.2176763597909637[0m
[38;20m2026-09-28 09:51:20,784 - tpp_runner.py[pid:5388;line:116:_train_model] - INFO: [ Epoch 49 (valid) ]:  valid loglike is 1.4842488338978397, num_events is 17018, mark_ll is -1.5272228847534595, time_ll is 3.011471740170334[0m
[38;20m2026-09-28 09:51:21,185 - tpp_runner.py[pid:5388;line:136:_train_model] - INFO: [ Epoch 49 (test) ]: test loglike is 2.112764104226248, num_events is 33655, mark_ll is -1.5249527569211019, time_ll is 3.637716806740733[0m
[31;1m2026-09-28 09:51:21,185 - tpp_runner.py[pid:5388;line:140:_train_model] - CRITICAL: current best loglike on valid set is 1.5200 (updated at epoch-46)[0m
[38;20m2026-09-28 09:51:26,267 - tpp_runner.py[pid:5388;line:104:_train_model] - INFO: [ Epoch 50 (train) ]: train loglike is 1.7287196009678478, num_events is 66675, mark_ll is -1.5134848122012092, time_ll is 3.2422044095074054[0m
[38;20m2026-09-28 09:51:26,458 - tpp_runner.py[pid:5388;line:116:_train_model] - INFO: [ Epoch 50 (valid) ]:  valid loglike is 1.5044103405677076, num_events is 17018, mark_ll is -1.5257404671248824, time_ll is 3.03015080769259[0m
[38;20m2026-09-28 09:51:26,835 - tpp_runner.py[pid:5388;line:136:_train_model] - INFO: [ Epoch 50 (test) ]: test loglike is 2.1285763681740733, num_events is 33655, mark_ll is -1.5222148309825807, time_ll is 3.650791159258468[0m
[31;1m2026-09-28 09:51:26,835 - tpp_runner.py[pid:5388;line:140:_train_model] - CRITICAL: current best loglike on valid set is 1.5200 (updated at epoch-46)[0m
[38;20m2026-09-28 09:51:31,936 - tpp_runner.py[pid:5388;line:104:_train_model] - INFO: [ Epoch 51 (train) ]: train loglike is 1.759097996051275, num_events is 66675, mark_ll is -1.5094102250890513, time_ll is 3.268508301696663[0m
[38;20m2026-09-28 09:51:32,141 - tpp_runner.py[pid:5388;line:116:_train_model] - INFO: [ Epoch 51 (valid) ]:  valid loglike is 1.4680447279741486, num_events is 17018, mark_ll is -1.5151646217653734, time_ll is 2.9832093569125337[0m
[38;20m2026-09-28 09:51:32,554 - tpp_runner.py[pid:5388;line:136:_train_model] - INFO: [ Epoch 51 (test) ]: test loglike is 2.106800112556409, num_events is 33655, mark_ll is -1.5104373363448969, time_ll is 3.6172373654778265[0m
[31;1m2026-09-28 09:51:32,554 - tpp_runner.py[pid:5388;line:140:_train_model] - CRITICAL: current best loglike on valid set is 1.5200 (updated at epoch-46)[0m
[38;20m2026-09-28 09:51:37,665 - tpp_runner.py[pid:5388;line:104:_train_model] - INFO: [ Epoch 52 (train) ]: train loglike is 1.752618890168026, num_events is 66675, mark_ll is -1.5044387383705944, time_ll is 3.2570575845988[0m
[38;20m2026-09-28 09:51:37,855 - tpp_runner.py[pid:5388;line:116:_train_model] - INFO: [ Epoch 52 (valid) ]:  valid loglike is 1.5206264397669012, num_events is 17018, mark_ll is -1.5210618774399716, time_ll is 3.041688338725908[0m
[38;20m2026-09-28 09:51:38,267 - tpp_runner.py[pid:5388;line:136:_train_model] - INFO: [ Epoch 52 (test) ]: test loglike is 2.153228169453833, num_events is 33655, mark_ll is -1.5017297785839308, time_ll is 3.654957922648009[0m
[31;1m2026-09-28 09:51:38,267 - tpp_runner.py[pid:5388;line:140:_train_model] - CRITICAL: current best loglike on valid set is 1.5206 (updated at epoch-52), best updated at this epoch[0m
[38;20m2026-09-28 09:51:43,416 - tpp_runner.py[pid:5388;line:104:_train_model] - INFO: [ Epoch 53 (train) ]: train loglike is 1.7626518779879077, num_events is 66675, mark_ll is -1.498852672712786, time_ll is 3.261504572670604[0m
[38;20m2026-09-28 09:51:43,622 - tpp_runner.py[pid:5388;line:116:_train_model] - INFO: [ Epoch 53 (valid) ]:  valid loglike is 1.5469710179341358, num_events is 17018, mark_ll is -1.5140038491528272, time_ll is 3.060974974682138[0m
[38;20m2026-09-28 09:51:44,009 - tpp_runner.py[pid:5388;line:136:_train_model] - INFO: [ Epoch 53 (test) ]: test loglike is 2.179097612579622, num_events is 33655, mark_ll is -1.5040694879858583, time_ll is 3.683167144090774[0m
[31;1m2026-09-28 09:51:44,009 - tpp_runner.py[pid:5388;line:140:_train_model] - CRITICAL: current best loglike on valid set is 1.5470 (updated at epoch-53), best updated at this epoch[0m
[38;20m2026-09-28 09:51:49,130 - tpp_runner.py[pid:5388;line:104:_train_model] - INFO: [ Epoch 54 (train) ]: train loglike is 1.7649959941530746, num_events is 66675, mark_ll is -1.5020458416818991, time_ll is 3.267041876113142[0m
[38;20m2026-09-28 09:51:49,319 - tpp_runner.py[pid:5388;line:116:_train_model] - INFO: [ Epoch 54 (valid) ]:  valid loglike is 1.4651052062751573, num_events is 17018, mark_ll is -1.5175332434660176, time_ll is 2.982638442568163[0m
[38;20m2026-09-28 09:51:49,713 - tpp_runner.py[pid:5388;line:136:_train_model] - INFO: [ Epoch 54 (test) ]: test loglike is 2.1061056193475154, num_events is 33655, mark_ll is -1.5164933876374238, time_ll is 3.6225989779680767[0m
[31;1m2026-09-28 09:51:49,713 - tpp_runner.py[pid:5388;line:140:_train_model] - CRITICAL: current best loglike on valid set is 1.5470 (updated at epoch-53)[0m
[38;20m2026-09-28 09:51:54,861 - tpp_runner.py[pid:5388;line:104:_train_model] - INFO: [ Epoch 55 (train) ]: train loglike is 1.7449975320467754, num_events is 66675, mark_ll is -1.4993655822319085, time_ll is 3.244363121601987[0m
[38;20m2026-09-28 09:51:55,053 - tpp_runner.py[pid:5388;line:116:_train_model] - INFO: [ Epoch 55 (valid) ]:  valid loglike is 1.5613206277682086, num_events is 17018, mark_ll is -1.5135529895046789, time_ll is 3.0748736172728877[0m
[38;20m2026-09-28 09:51:55,463 - tpp_runner.py[pid:5388;line:136:_train_model] - INFO: [ Epoch 55 (test) ]: test loglike is 2.2066299975741903, num_events is 33655, mark_ll is -1.5119865212322185, time_ll is 3.7186165224335164[0m
[31;1m2026-09-28 09:51:55,463 - tpp_runner.py[pid:5388;line:140:_train_model] - CRITICAL: current best loglike on valid set is 1.5613 (updated at epoch-55), best updated at this epoch[0m
[38;20m2026-09-28 09:52:00,585 - tpp_runner.py[pid:5388;line:104:_train_model] - INFO: [ Epoch 56 (train) ]: train loglike is 1.7869927147778402, num_events is 66675, mark_ll is -1.496133021214145, time_ll is 3.283125717683727[0m
[38;20m2026-09-28 09:52:00,789 - tpp_runner.py[pid:5388;line:116:_train_model] - INFO: [ Epoch 56 (valid) ]:  valid loglike is 1.546141143522667, num_events is 17018, mark_ll is -1.5107229494827168, time_ll is 3.056864179081524[0m
[38;20m2026-09-28 09:52:01,189 - tpp_runner.py[pid:5388;line:136:_train_model] - INFO: [ Epoch 56 (test) ]: test loglike is 2.183111170563438, num_events is 33655, mark_ll is -1.5087648261657816, time_ll is 3.6918761127966686[0m
[31;1m2026-09-28 09:52:01,189 - tpp_runner.py[pid:5388;line:140:_train_model] - CRITICAL: current best loglike on valid set is 1.5613 (updated at epoch-55)[0m
[38;20m2026-09-28 09:52:06,305 - tpp_runner.py[pid:5388;line:104:_train_model] - INFO: [ Epoch 57 (train) ]: train loglike is 1.7884954273293963, num_events is 66675, mark_ll is -1.4933797411065803, time_ll is 3.28187513181946[0m
[38;20m2026-09-28 09:52:06,505 - tpp_runner.py[pid:5388;line:116:_train_model] - INFO: [ Epoch 57 (valid) ]:  valid loglike is 1.5821986250541706, num_events is 17018, mark_ll is -1.5088385132424125, time_ll is 3.091037138296583[0m
[38;20m2026-09-28 09:52:06,900 - tpp_runner.py[pid:5388;line:136:_train_model] - INFO: [ Epoch 57 (test) ]: test loglike is 2.188133721017958, num_events is 33655, mark_ll is -1.5059192512953128, time_ll is 3.694053001330133[0m
[31;1m2026-09-28 09:52:06,900 - tpp_runner.py[pid:5388;line:140:_train_model] - CRITICAL: current best loglike on valid set is 1.5822 (updated at epoch-57), best updated at this epoch[0m
[38;20m2026-09-28 09:52:12,047 - tpp_runner.py[pid:5388;line:104:_train_model] - INFO: [ Epoch 58 (train) ]: train loglike is 1.7758951200435884, num_events is 66675, mark_ll is -1.4927025991868204, time_ll is 3.268597660643982[0m
[38;20m2026-09-28 09:52:12,247 - tpp_runner.py[pid:5388;line:116:_train_model] - INFO: [ Epoch 58 (valid) ]:  valid loglike is 1.5778244221192268, num_events is 17018, mark_ll is -1.5089199986549169, time_ll is 3.086744392082097[0m
[38;20m2026-09-28 09:52:12,633 - tpp_runner.py[pid:5388;line:136:_train_model] - INFO: [ Epoch 58 (test) ]: test loglike is 2.201196405129949, num_events is 33655, mark_ll is -1.5078630401198745, time_ll is 3.7090594271142847[0m
[31;1m2026-09-28 09:52:12,633 - tpp_runner.py[pid:5388;line:140:_train_model] - CRITICAL: current best loglike on valid set is 1.5822 (updated at epoch-57)[0m
[38;20m2026-09-28 09:52:17,809 - tpp_runner.py[pid:5388;line:104:_train_model] - INFO: [ Epoch 59 (train) ]: train loglike is 1.7924250313437382, num_events is 66675, mark_ll is -1.4911148887150825, time_ll is 3.2835399237204723[0m
[38;20m2026-09-28 09:52:18,009 - tpp_runner.py[pid:5388;line:116:_train_model] - INFO: [ Epoch 59 (valid) ]:  valid loglike is 1.5615630755624559, num_events is 17018, mark_ll is -1.5000272430983004, time_ll is 3.0615903616988263[0m
[38;20m2026-09-28 09:52:18,397 - tpp_runner.py[pid:5388;line:136:_train_model] - INFO: [ Epoch 59 (test) ]: test loglike is 2.1747714559384748, num_events is 33655, mark_ll is -1.4859428826279528, time_ll is 3.6607141862279007[0m
[31;1m2026-09-28 09:52:18,397 - tpp_runner.py[pid:5388;line:140:_train_model] - CRITICAL: current best loglike on valid set is 1.5822 (updated at epoch-57)[0m
[38;20m2026-09-28 09:52:23,503 - tpp_runner.py[pid:5388;line:104:_train_model] - INFO: [ Epoch 60 (train) ]: train loglike is 1.7909831607963067, num_events is 66675, mark_ll is -1.486929836895388, time_ll is 3.2779130123383013[0m
[38;20m2026-09-28 09:52:23,693 - tpp_runner.py[pid:5388;line:116:_train_model] - INFO: [ Epoch 60 (valid) ]:  valid loglike is 1.554114756537655, num_events is 17018, mark_ll is -1.499435053601334, time_ll is 3.053549788619954[0m
[38;20m2026-09-28 09:52:24,086 - tpp_runner.py[pid:5388;line:136:_train_model] - INFO: [ Epoch 60 (test) ]: test loglike is 2.1811225724493015, num_events is 33655, mark_ll is -1.4944973401693191, time_ll is 3.6756199525168065[0m
[31;1m2026-09-28 09:52:24,086 - tpp_runner.py[pid:5388;line:140:_train_model] - CRITICAL: current best loglike on valid set is 1.5822 (updated at epoch-57)[0m
[38;20m2026-09-28 09:52:29,235 - tpp_runner.py[pid:5388;line:104:_train_model] - INFO: [ Epoch 61 (train) ]: train loglike is 1.8037256426931008, num_events is 66675, mark_ll is -1.4841755058937944, time_ll is 3.287901141263592[0m
[38;20m2026-09-28 09:52:29,448 - tpp_runner.py[pid:5388;line:116:_train_model] - INFO: [ Epoch 61 (valid) ]:  valid loglike is 1.5236656376359774, num_events is 17018, mark_ll is -1.496787408919967, time_ll is 3.0204529819988393[0m
[38;20m2026-09-28 09:52:29,837 - tpp_runner.py[pid:5388;line:136:_train_model] - INFO: [ Epoch 61 (test) ]: test loglike is 2.1828083324531553, num_events is 33655, mark_ll is -1.4904311093262517, time_ll is 3.6732395252028858[0m
[31;1m2026-09-28 09:52:29,837 - tpp_runner.py[pid:5388;line:140:_train_model] - CRITICAL: current best loglike on valid set is 1.5822 (updated at epoch-57)[0m
[38;20m2026-09-28 09:52:34,933 - tpp_runner.py[pid:5388;line:104:_train_model] - INFO: [ Epoch 62 (train) ]: train loglike is 1.811073259397263, num_events is 66675, mark_ll is -1.483148650608127, time_ll is 3.2942219136670414[0m
[38;20m2026-09-28 09:52:35,118 - tpp_runner.py[pid:5388;line:116:_train_model] - INFO: [ Epoch 62 (valid) ]:  valid loglike is 1.6006011155926814, num_events is 17018, mark_ll is -1.5026627223518847, time_ll is 3.103263837944566[0m
[38;20m2026-09-28 09:52:35,512 - tpp_runner.py[pid:5388;line:136:_train_model] - INFO: [ Epoch 62 (test) ]: test loglike is 2.2161186965219226, num_events is 33655, mark_ll is -1.500568657958513, time_ll is 3.716687372615975[0m
[31;1m2026-09-28 09:52:35,512 - tpp_runner.py[pid:5388;line:140:_train_model] - CRITICAL: current best loglike on valid set is 1.6006 (updated at epoch-62), best updated at this epoch[0m
[38;20m2026-09-28 09:52:40,637 - tpp_runner.py[pid:5388;line:104:_train_model] - INFO: [ Epoch 63 (train) ]: train loglike is 1.8094684892904012, num_events is 66675, mark_ll is -1.485801411054087, time_ll is 3.295269871051275[0m
[38;20m2026-09-28 09:52:40,834 - tpp_runner.py[pid:5388;line:116:_train_model] - INFO: [ Epoch 63 (valid) ]:  valid loglike is 1.5264691016497238, num_events is 17018, mark_ll is -1.5034012412867992, time_ll is 3.0298703142444765[0m
[38;20m2026-09-28 09:52:41,231 - tpp_runner.py[pid:5388;line:136:_train_model] - INFO: [ Epoch 63 (test) ]: test loglike is 2.1881304203498737, num_events is 33655, mark_ll is -1.4911035098216276, time_ll is 3.679234002713657[0m
[31;1m2026-09-28 09:52:41,231 - tpp_runner.py[pid:5388;line:140:_train_model] - CRITICAL: current best loglike on valid set is 1.6006 (updated at epoch-62)[0m
[38;20m2026-09-28 09:52:46,316 - tpp_runner.py[pid:5388;line:104:_train_model] - INFO: [ Epoch 64 (train) ]: train loglike is 1.8076813799154012, num_events is 66675, mark_ll is -1.486568607634983, time_ll is 3.294250005858643[0m
[38;20m2026-09-28 09:52:46,513 - tpp_runner.py[pid:5388;line:116:_train_model] - INFO: [ Epoch 64 (valid) ]:  valid loglike is 1.5318280443179648, num_events is 17018, mark_ll is -1.5006193752111734, time_ll is 3.0324473764910684[0m
[38;20m2026-09-28 09:52:46,898 - tpp_runner.py[pid:5388;line:136:_train_model] - INFO: [ Epoch 64 (test) ]: test loglike is 2.1658700220121916, num_events is 33655, mark_ll is -1.4872215106642772, time_ll is 3.653091500032499[0m
[31;1m2026-09-28 09:52:46,898 - tpp_runner.py[pid:5388;line:140:_train_model] - CRITICAL: current best loglike on valid set is 1.6006 (updated at epoch-62)[0m
[38;20m2026-09-28 09:52:51,985 - tpp_runner.py[pid:5388;line:104:_train_model] - INFO: [ Epoch 65 (train) ]: train loglike is 1.795504143525028, num_events is 66675, mark_ll is -1.4844287713547526, time_ll is 3.2799329185414323[0m
[38;20m2026-09-28 09:52:52,190 - tpp_runner.py[pid:5388;line:116:_train_model] - INFO: [ Epoch 65 (valid) ]:  valid loglike is 1.560614272617596, num_events is 17018, mark_ll is -1.5086940559605087, time_ll is 3.0693083357511166[0m
[38;20m2026-09-28 09:52:52,569 - tpp_runner.py[pid:5388;line:136:_train_model] - INFO: [ Epoch 65 (test) ]: test loglike is 2.1812903225572446, num_events is 33655, mark_ll is -1.4991386924769723, time_ll is 3.680429047678187[0m
[31;1m2026-09-28 09:52:52,569 - tpp_runner.py[pid:5388;line:140:_train_model] - CRITICAL: current best loglike on valid set is 1.6006 (updated at epoch-62)[0m
[38;20m2026-09-28 09:52:57,663 - tpp_runner.py[pid:5388;line:104:_train_model] - INFO: [ Epoch 66 (train) ]: train loglike is 1.7995977455943006, num_events is 66675, mark_ll is -1.4858452886260312, time_ll is 3.28544309646841[0m
[38;20m2026-09-28 09:52:57,865 - tpp_runner.py[pid:5388;line:116:_train_model] - INFO: [ Epoch 66 (valid) ]:  valid loglike is 1.5559094368830062, num_events is 17018, mark_ll is -1.4995806872571504, time_ll is 3.0554901313131686[0m
[38;20m2026-09-28 09:52:58,256 - tpp_runner.py[pid:5388;line:136:_train_model] - INFO: [ Epoch 66 (test) ]: test loglike is 2.207781582533242, num_events is 33655, mark_ll is -1.4872484165498254, time_ll is 3.6950299483035582[0m
[31;1m2026-09-28 09:52:58,256 - tpp_runner.py[pid:5388;line:140:_train_model] - CRITICAL: current best loglike on valid set is 1.6006 (updated at epoch-62)[0m
[38;20m2026-09-28 09:53:03,476 - tpp_runner.py[pid:5388;line:104:_train_model] - INFO: [ Epoch 67 (train) ]: train loglike is 1.7968693281015655, num_events is 66675, mark_ll is -1.479470224913292, time_ll is 3.2763395420299024[0m
[38;20m2026-09-28 09:53:03,689 - tpp_runner.py[pid:5388;line:116:_train_model] - INFO: [ Epoch 67 (valid) ]:  valid loglike is 1.5428308847158156, num_events is 17018, mark_ll is -1.498429124791581, time_ll is 3.0412600525454665[0m
[38;20m2026-09-28 09:53:04,118 - tpp_runner.py[pid:5388;line:136:_train_model] - INFO: [ Epoch 67 (test) ]: test loglike is 2.216747241657072, num_events is 33655, mark_ll is -1.486472654363904, time_ll is 3.7032198996480834[0m
[31;1m2026-09-28 09:53:04,118 - tpp_runner.py[pid:5388;line:140:_train_model] - CRITICAL: current best loglike on valid set is 1.6006 (updated at epoch-62)[0m
[38;20m2026-09-28 09:53:09,365 - tpp_runner.py[pid:5388;line:104:_train_model] - INFO: [ Epoch 68 (train) ]: train loglike is 1.8113923137537495, num_events is 66675, mark_ll is -1.479504205040776, time_ll is 3.2908964895013124[0m
[38;20m2026-09-28 09:53:09,565 - tpp_runner.py[pid:5388;line:116:_train_model] - INFO: [ Epoch 68 (valid) ]:  valid loglike is 1.5824795560559959, num_events is 17018, mark_ll is -1.4957951231783992, time_ll is 3.0782747007534303[0m
[38;20m2026-09-28 09:53:09,979 - tpp_runner.py[pid:5388;line:136:_train_model] - INFO: [ Epoch 68 (test) ]: test loglike is 2.223403862202403, num_events is 33655, mark_ll is -1.4908969823043567, time_ll is 3.714300800981466[0m
[31;1m2026-09-28 09:53:09,979 - tpp_runner.py[pid:5388;line:140:_train_model] - CRITICAL: current best loglike on valid set is 1.6006 (updated at epoch-62)[0m
[38;20m2026-09-28 09:53:15,134 - tpp_runner.py[pid:5388;line:104:_train_model] - INFO: [ Epoch 69 (train) ]: train loglike is 1.806200033101331, num_events is 66675, mark_ll is -1.4787383925642108, time_ll is 3.284938403695632[0m
[38;20m2026-09-28 09:53:15,333 - tpp_runner.py[pid:5388;line:116:_train_model] - INFO: [ Epoch 69 (valid) ]:  valid loglike is 1.5324535094160412, num_events is 17018, mark_ll is -1.493893557786241, time_ll is 3.0263471030673403[0m
[38;20m2026-09-28 09:53:15,724 - tpp_runner.py[pid:5388;line:136:_train_model] - INFO: [ Epoch 69 (test) ]: test loglike is 2.2172746920440405, num_events is 33655, mark_ll is -1.4859537494428763, time_ll is 3.703228524910396[0m
[31;1m2026-09-28 09:53:15,724 - tpp_runner.py[pid:5388;line:140:_train_model] - CRITICAL: current best loglike on valid set is 1.6006 (updated at epoch-62)[0m
[38;20m2026-09-28 09:53:20,939 - tpp_runner.py[pid:5388;line:104:_train_model] - INFO: [ Epoch 70 (train) ]: train loglike is 1.7968326822916667, num_events is 66675, mark_ll is -1.4776617644474128, time_ll is 3.274494472370641[0m
[38;20m2026-09-28 09:53:21,144 - tpp_runner.py[pid:5388;line:116:_train_model] - INFO: [ Epoch 70 (valid) ]:  valid loglike is 1.6071919656301417, num_events is 17018, mark_ll is -1.4957110841737424, time_ll is 3.1029029924197906[0m
[38;20m2026-09-28 09:53:21,522 - tpp_runner.py[pid:5388;line:136:_train_model] - INFO: [ Epoch 70 (test) ]: test loglike is 2.246650837484679, num_events is 33655, mark_ll is -1.4827200740394257, time_ll is 3.729370809965087[0m
[31;1m2026-09-28 09:53:21,522 - tpp_runner.py[pid:5388;line:140:_train_model] - CRITICAL: current best loglike on valid set is 1.6072 (updated at epoch-70), best updated at this epoch[0m
[38;20m2026-09-28 09:53:26,631 - tpp_runner.py[pid:5388;line:104:_train_model] - INFO: [ Epoch 71 (train) ]: train loglike is 1.80828798743907, num_events is 66675, mark_ll is -1.4761824571733222, time_ll is 3.284470415319179[0m
[38;20m2026-09-28 09:53:26,833 - tpp_runner.py[pid:5388;line:116:_train_model] - INFO: [ Epoch 71 (valid) ]:  valid loglike is 1.5967467336400245, num_events is 17018, mark_ll is -1.4921790501922596, time_ll is 3.088925747967226[0m
[38;20m2026-09-28 09:53:27,248 - tpp_runner.py[pid:5388;line:136:_train_model] - INFO: [ Epoch 71 (test) ]: test loglike is 2.2509924709947446, num_events is 33655, mark_ll is -1.4811893765204835, time_ll is 3.732181796735719[0m
[31;1m2026-09-28 09:53:27,248 - tpp_runner.py[pid:5388;line:140:_train_model] - CRITICAL: current best loglike on valid set is 1.6072 (updated at epoch-70)[0m
[38;20m2026-09-28 09:53:32,407 - tpp_runner.py[pid:5388;line:104:_train_model] - INFO: [ Epoch 72 (train) ]: train loglike is 1.8333408360576022, num_events is 66675, mark_ll is -1.474553311451303, time_ll is 3.307894169478815[0m
[38;20m2026-09-28 09:53:32,613 - tpp_runner.py[pid:5388;line:116:_train_model] - INFO: [ Epoch 72 (valid) ]:  valid loglike is 1.6018347731767466, num_events is 17018, mark_ll is -1.4897035004067385, time_ll is 3.091538187507345[0m
[38;20m2026-09-28 09:53:32,999 - tpp_runner.py[pid:5388;line:136:_train_model] - INFO: [ Epoch 72 (test) ]: test loglike is 2.244629794891407, num_events is 33655, mark_ll is -1.4842465604862298, time_ll is 3.7288764496824394[0m
[31;1m2026-09-28 09:53:32,999 - tpp_runner.py[pid:5388;line:140:_train_model] - CRITICAL: current best loglike on valid set is 1.6072 (updated at epoch-70)[0m
[38;20m2026-09-28 09:53:38,258 - tpp_runner.py[pid:5388;line:104:_train_model] - INFO: [ Epoch 73 (train) ]: train loglike is 1.8088725847745595, num_events is 66675, mark_ll is -1.478522442995407, time_ll is 3.28739501312336[0m
[38;20m2026-09-28 09:53:38,451 - tpp_runner.py[pid:5388;line:116:_train_model] - INFO: [ Epoch 73 (valid) ]:  valid loglike is 1.5900517888572945, num_events is 17018, mark_ll is -1.4991115651213054, time_ll is 3.089163418535705[0m
[38;20m2026-09-28 09:53:38,845 - tpp_runner.py[pid:5388;line:136:_train_model] - INFO: [ Epoch 73 (test) ]: test loglike is 2.235857377189032, num_events is 33655, mark_ll is -1.4927907750752116, time_ll is 3.728648181281106[0m
[31;1m2026-09-28 09:53:38,845 - tpp_runner.py[pid:5388;line:140:_train_model] - CRITICAL: current best loglike on valid set is 1.6072 (updated at epoch-70)[0m
[38;20m2026-09-28 09:53:43,971 - tpp_runner.py[pid:5388;line:104:_train_model] - INFO: [ Epoch 74 (train) ]: train loglike is 1.8144163363856862, num_events is 66675, mark_ll is -1.4752571504733782, time_ll is 3.289673380671166[0m
[38;20m2026-09-28 09:53:44,176 - tpp_runner.py[pid:5388;line:116:_train_model] - INFO: [ Epoch 74 (valid) ]:  valid loglike is 1.6155183545317826, num_events is 17018, mark_ll is -1.4888215284115531, time_ll is 3.1043399475004407[0m
[38;20m2026-09-28 09:53:44,584 - tpp_runner.py[pid:5388;line:136:_train_model] - INFO: [ Epoch 74 (test) ]: test loglike is 2.2631364921283055, num_events is 33655, mark_ll is -1.4878513180329354, time_ll is 3.750987842805211[0m
[31;1m2026-09-28 09:53:44,584 - tpp_runner.py[pid:5388;line:140:_train_model] - CRITICAL: current best loglike on valid set is 1.6155 (updated at epoch-74), best updated at this epoch[0m
[38;20m2026-09-28 09:53:49,671 - tpp_runner.py[pid:5388;line:104:_train_model] - INFO: [ Epoch 75 (train) ]: train loglike is 1.8365899477409073, num_events is 66675, mark_ll is -1.4762151044595988, time_ll is 3.3128050814937193[0m
[38;20m2026-09-28 09:53:49,860 - tpp_runner.py[pid:5388;line:116:_train_model] - INFO: [ Epoch 75 (valid) ]:  valid loglike is 1.6094053131472925, num_events is 17018, mark_ll is -1.4912850920945837, time_ll is 3.1006903191657362[0m
[38;20m2026-09-28 09:53:50,256 - tpp_runner.py[pid:5388;line:136:_train_model] - INFO: [ Epoch 75 (test) ]: test loglike is 2.267997614523752, num_events is 33655, mark_ll is -1.4849990221317413, time_ll is 3.7529966656723555[0m
[31;1m2026-09-28 09:53:50,256 - tpp_runner.py[pid:5388;line:140:_train_model] - CRITICAL: current best loglike on valid set is 1.6155 (updated at epoch-74)[0m
[38;20m2026-09-28 09:53:55,376 - tpp_runner.py[pid:5388;line:104:_train_model] - INFO: [ Epoch 76 (train) ]: train loglike is 1.8344668378854987, num_events is 66675, mark_ll is -1.4707872770786463, time_ll is 3.3052541332724035[0m
[38;20m2026-09-28 09:53:55,573 - tpp_runner.py[pid:5388;line:116:_train_model] - INFO: [ Epoch 76 (valid) ]:  valid loglike is 1.6339404776032178, num_events is 17018, mark_ll is -1.4877493711851055, time_ll is 3.1216898272692886[0m
[38;20m2026-09-28 09:53:55,982 - tpp_runner.py[pid:5388;line:136:_train_model] - INFO: [ Epoch 76 (test) ]: test loglike is 2.2567164315527037, num_events is 33655, mark_ll is -1.4802457808031404, time_ll is 3.7369620708986404[0m
[31;1m2026-09-28 09:53:55,982 - tpp_runner.py[pid:5388;line:140:_train_model] - CRITICAL: current best loglike on valid set is 1.6339 (updated at epoch-76), best updated at this epoch[0m
[38;20m2026-09-28 09:54:01,098 - tpp_runner.py[pid:5388;line:104:_train_model] - INFO: [ Epoch 77 (train) ]: train loglike is 1.8455148135779902, num_events is 66675, mark_ll is -1.4728687869094488, time_ll is 3.3183836297806524[0m
[38;20m2026-09-28 09:54:01,305 - tpp_runner.py[pid:5388;line:116:_train_model] - INFO: [ Epoch 77 (valid) ]:  valid loglike is 1.6034417429798595, num_events is 17018, mark_ll is -1.4915721416753585, time_ll is 3.095013884655218[0m
[38;20m2026-09-28 09:54:01,699 - tpp_runner.py[pid:5388;line:136:_train_model] - INFO: [ Epoch 77 (test) ]: test loglike is 2.2656237958002152, num_events is 33655, mark_ll is -1.4878660803616197, time_ll is 3.753489916060021[0m
[31;1m2026-09-28 09:54:01,699 - tpp_runner.py[pid:5388;line:140:_train_model] - CRITICAL: current best loglike on valid set is 1.6339 (updated at epoch-76)[0m
[38;20m2026-09-28 09:54:06,839 - tpp_runner.py[pid:5388;line:104:_train_model] - INFO: [ Epoch 78 (train) ]: train loglike is 1.8432153036534495, num_events is 66675, mark_ll is -1.4730547768443008, time_ll is 3.316270087821054[0m
[38;20m2026-09-28 09:54:07,045 - tpp_runner.py[pid:5388;line:116:_train_model] - INFO: [ Epoch 78 (valid) ]:  valid loglike is 1.6229485401830965, num_events is 17018, mark_ll is -1.488752983112091, time_ll is 3.1117014946031407[0m
[38;20m2026-09-28 09:54:07,438 - tpp_runner.py[pid:5388;line:136:_train_model] - INFO: [ Epoch 78 (test) ]: test loglike is 2.271420120785591, num_events is 33655, mark_ll is -1.4855132372024031, time_ll is 3.756933354360886[0m
[31;1m2026-09-28 09:54:07,438 - tpp_runner.py[pid:5388;line:140:_train_model] - CRITICAL: current best loglike on valid set is 1.6339 (updated at epoch-76)[0m
[38;20m2026-09-28 09:54:12,627 - tpp_runner.py[pid:5388;line:104:_train_model] - INFO: [ Epoch 79 (train) ]: train loglike is 1.8474244454794713, num_events is 66675, mark_ll is -1.4705413898458006, time_ll is 3.3179658280019684[0m
[38;20m2026-09-28 09:54:12,826 - tpp_runner.py[pid:5388;line:116:_train_model] - INFO: [ Epoch 79 (valid) ]:  valid loglike is 1.612053732513919, num_events is 17018, mark_ll is -1.4873570217931014, time_ll is 3.0994106251928106[0m
[38;20m2026-09-28 09:54:13,213 - tpp_runner.py[pid:5388;line:136:_train_model] - INFO: [ Epoch 79 (test) ]: test loglike is 2.269426121907963, num_events is 33655, mark_ll is -1.4816103531584275, time_ll is 3.751036380761588[0m
[31;1m2026-09-28 09:54:13,213 - tpp_runner.py[pid:5388;line:140:_train_model] - CRITICAL: current best loglike on valid set is 1.6339 (updated at epoch-76)[0m
[38;20m2026-09-28 09:54:18,331 - tpp_runner.py[pid:5388;line:104:_train_model] - INFO: [ Epoch 80 (train) ]: train loglike is 1.8414955064210723, num_events is 66675, mark_ll is -1.4711070893970284, time_ll is 3.312602562863236[0m
[38;20m2026-09-28 09:54:18,530 - tpp_runner.py[pid:5388;line:116:_train_model] - INFO: [ Epoch 80 (valid) ]:  valid loglike is 1.6133675126382727, num_events is 17018, mark_ll is -1.4896272656387721, time_ll is 3.1029947208929514[0m
[38;20m2026-09-28 09:54:18,924 - tpp_runner.py[pid:5388;line:136:_train_model] - INFO: [ Epoch 80 (test) ]: test loglike is 2.27262728391723, num_events is 33655, mark_ll is -1.4854256207867516, time_ll is 3.758052817653395[0m
[31;1m2026-09-28 09:54:18,924 - tpp_runner.py[pid:5388;line:140:_train_model] - CRITICAL: current best loglike on valid set is 1.6339 (updated at epoch-76)[0m
[38;20m2026-09-28 09:54:24,092 - tpp_runner.py[pid:5388;line:104:_train_model] - INFO: [ Epoch 81 (train) ]: train loglike is 1.8319502030019685, num_events is 66675, mark_ll is -1.4701872165881609, time_ll is 3.302137437898388[0m
[38;20m2026-09-28 09:54:24,289 - tpp_runner.py[pid:5388;line:116:_train_model] - INFO: [ Epoch 81 (valid) ]:  valid loglike is 1.6024839737704195, num_events is 17018, mark_ll is -1.4911876682501617, time_ll is 3.0936716133285347[0m
[38;20m2026-09-28 09:54:24,677 - tpp_runner.py[pid:5388;line:136:_train_model] - INFO: [ Epoch 81 (test) ]: test loglike is 2.2855234366294943, num_events is 33655, mark_ll is -1.4837832156022508, time_ll is 3.769306615960667[0m
[31;1m2026-09-28 09:54:24,677 - tpp_runner.py[pid:5388;line:140:_train_model] - CRITICAL: current best loglike on valid set is 1.6339 (updated at epoch-76)[0m
[38;20m2026-09-28 09:54:29,814 - tpp_runner.py[pid:5388;line:104:_train_model] - INFO: [ Epoch 82 (train) ]: train loglike is 1.8305587570596644, num_events is 66675, mark_ll is -1.471511482207302, time_ll is 3.3020701660339333[0m
[38;20m2026-09-28 09:54:30,026 - tpp_runner.py[pid:5388;line:116:_train_model] - INFO: [ Epoch 82 (valid) ]:  valid loglike is 1.6152680594627746, num_events is 17018, mark_ll is -1.4868480966155322, time_ll is 3.102116242154447[0m
[38;20m2026-09-28 09:54:30,414 - tpp_runner.py[pid:5388;line:136:_train_model] - INFO: [ Epoch 82 (test) ]: test loglike is 2.2686005268881853, num_events is 33655, mark_ll is -1.4812803734005906, time_ll is 3.7498808277466202[0m
[31;1m2026-09-28 09:54:30,414 - tpp_runner.py[pid:5388;line:140:_train_model] - CRITICAL: current best loglike on valid set is 1.6339 (updated at epoch-76)[0m
[38;20m2026-09-28 09:54:35,604 - tpp_runner.py[pid:5388;line:104:_train_model] - INFO: [ Epoch 83 (train) ]: train loglike is 1.8447292391673697, num_events is 66675, mark_ll is -1.4690983768630483, time_ll is 3.3138275977221596[0m
[38;20m2026-09-28 09:54:35,803 - tpp_runner.py[pid:5388;line:116:_train_model] - INFO: [ Epoch 83 (valid) ]:  valid loglike is 1.6159577158422331, num_events is 17018, mark_ll is -1.4870086214435634, time_ll is 3.1029663157667615[0m
[38;20m2026-09-28 09:54:36,193 - tpp_runner.py[pid:5388;line:136:_train_model] - INFO: [ Epoch 83 (test) ]: test loglike is 2.2692430255069826, num_events is 33655, mark_ll is -1.4815502809992942, time_ll is 3.750793357285786[0m
[31;1m2026-09-28 09:54:36,195 - tpp_runner.py[pid:5388;line:140:_train_model] - CRITICAL: current best loglike on valid set is 1.6339 (updated at epoch-76)[0m
[38;20m2026-09-28 09:54:41,322 - tpp_runner.py[pid:5388;line:104:_train_model] - INFO: [ Epoch 84 (train) ]: train loglike is 1.8427814345472442, num_events is 66675, mark_ll is -1.469910695977456, time_ll is 3.312692119539745[0m
[38;20m2026-09-28 09:54:41,524 - tpp_runner.py[pid:5388;line:116:_train_model] - INFO: [ Epoch 84 (valid) ]:  valid loglike is 1.5985047885878187, num_events is 17018, mark_ll is -1.4867368001665515, time_ll is 3.085241574408347[0m
[38;20m2026-09-28 09:54:41,913 - tpp_runner.py[pid:5388;line:136:_train_model] - INFO: [ Epoch 84 (test) ]: test loglike is 2.274377036983732, num_events is 33655, mark_ll is -1.4816053404954688, time_ll is 3.755982290428614[0m
[31;1m2026-09-28 09:54:41,913 - tpp_runner.py[pid:5388;line:140:_train_model] - CRITICAL: current best loglike on valid set is 1.6339 (updated at epoch-76)[0m
[38;20m2026-09-28 09:54:47,007 - tpp_runner.py[pid:5388;line:104:_train_model] - INFO: [ Epoch 85 (train) ]: train loglike is 1.8372265478533933, num_events is 66675, mark_ll is -1.4683644280793027, time_ll is 3.3055909832559993[0m
[38;20m2026-09-28 09:54:47,205 - tpp_runner.py[pid:5388;line:116:_train_model] - INFO: [ Epoch 85 (valid) ]:  valid loglike is 1.6106455196910072, num_events is 17018, mark_ll is -1.4864587240233686, time_ll is 3.097104243714376[0m
[38;20m2026-09-28 09:54:47,600 - tpp_runner.py[pid:5388;line:136:_train_model] - INFO: [ Epoch 85 (test) ]: test loglike is 2.279565280976081, num_events is 33655, mark_ll is -1.4815256964627284, time_ll is 3.7610909411677316[0m
[31;1m2026-09-28 09:54:47,600 - tpp_runner.py[pid:5388;line:140:_train_model] - CRITICAL: current best loglike on valid set is 1.6339 (updated at epoch-76)[0m
[38;20m2026-09-28 09:54:52,779 - tpp_runner.py[pid:5388;line:104:_train_model] - INFO: [ Epoch 86 (train) ]: train loglike is 1.842980038872094, num_events is 66675, mark_ll is -1.4675730682590458, time_ll is 3.3105530998078367[0m
[38;20m2026-09-28 09:54:52,974 - tpp_runner.py[pid:5388;line:116:_train_model] - INFO: [ Epoch 86 (valid) ]:  valid loglike is 1.6380738610175622, num_events is 17018, mark_ll is -1.4864591328850334, time_ll is 3.124533008248619[0m
[38;20m2026-09-28 09:54:53,364 - tpp_runner.py[pid:5388;line:136:_train_model] - INFO: [ Epoch 86 (test) ]: test loglike is 2.283301742433563, num_events is 33655, mark_ll is -1.481773957482172, time_ll is 3.7650756817801962[0m
[31;1m2026-09-28 09:54:53,364 - tpp_runner.py[pid:5388;line:140:_train_model] - CRITICAL: current best loglike on valid set is 1.6381 (updated at epoch-86), best updated at this epoch[0m
[38;20m2026-09-28 09:54:58,462 - tpp_runner.py[pid:5388;line:104:_train_model] - INFO: [ Epoch 87 (train) ]: train loglike is 1.8495633809933913, num_events is 66675, mark_ll is -1.466975805270435, time_ll is 3.3165392045720847[0m
[38;20m2026-09-28 09:54:58,660 - tpp_runner.py[pid:5388;line:116:_train_model] - INFO: [ Epoch 87 (valid) ]:  valid loglike is 1.6183250750928244, num_events is 17018, mark_ll is -1.486643658610093, time_ll is 3.104968705010871[0m
[38;20m2026-09-28 09:54:59,066 - tpp_runner.py[pid:5388;line:136:_train_model] - INFO: [ Epoch 87 (test) ]: test loglike is 2.2851416545182737, num_events is 33655, mark_ll is -1.4804853875434092, time_ll is 3.7656269876550663[0m
[31;1m2026-09-28 09:54:59,066 - tpp_runner.py[pid:5388;line:140:_train_model] - CRITICAL: current best loglike on valid set is 1.6381 (updated at epoch-86)[0m
[38;20m2026-09-28 09:55:04,221 - tpp_runner.py[pid:5388;line:104:_train_model] - INFO: [ Epoch 88 (train) ]: train loglike is 1.8254553776481064, num_events is 66675, mark_ll is -1.467435650133577, time_ll is 3.2928910497515935[0m
[38;20m2026-09-28 09:55:04,420 - tpp_runner.py[pid:5388;line:116:_train_model] - INFO: [ Epoch 88 (valid) ]:  valid loglike is 1.6243320634998604, num_events is 17018, mark_ll is -1.485976503968225, time_ll is 3.1103085818141087[0m
[38;20m2026-09-28 09:55:04,812 - tpp_runner.py[pid:5388;line:136:_train_model] - INFO: [ Epoch 88 (test) ]: test loglike is 2.26863076245868, num_events is 33655, mark_ll is -1.4821642850593337, time_ll is 3.7507951490770317[0m
[31;1m2026-09-28 09:55:04,812 - tpp_runner.py[pid:5388;line:140:_train_model] - CRITICAL: current best loglike on valid set is 1.6381 (updated at epoch-86)[0m
[38;20m2026-09-28 09:55:10,018 - tpp_runner.py[pid:5388;line:104:_train_model] - INFO: [ Epoch 89 (train) ]: train loglike is 1.8449878762713254, num_events is 66675, mark_ll is -1.4652929101635732, time_ll is 3.3102807900965505[0m
[38;20m2026-09-28 09:55:10,216 - tpp_runner.py[pid:5388;line:116:_train_model] - INFO: [ Epoch 89 (valid) ]:  valid loglike is 1.631213413336706, num_events is 17018, mark_ll is -1.4855261822959513, time_ll is 3.116739559767599[0m
[38;20m2026-09-28 09:55:10,608 - tpp_runner.py[pid:5388;line:136:_train_model] - INFO: [ Epoch 89 (test) ]: test loglike is 2.2660274493713786, num_events is 33655, mark_ll is -1.4826109343661789, time_ll is 3.7486384127544197[0m
[31;1m2026-09-28 09:55:10,608 - tpp_runner.py[pid:5388;line:140:_train_model] - CRITICAL: current best loglike on valid set is 1.6381 (updated at epoch-86)[0m
[38;20m2026-09-28 09:55:15,796 - tpp_runner.py[pid:5388;line:104:_train_model] - INFO: [ Epoch 90 (train) ]: train loglike is 1.8335803630014997, num_events is 66675, mark_ll is -1.466944750802634, time_ll is 3.3005251760522123[0m
[38;20m2026-09-28 09:55:16,000 - tpp_runner.py[pid:5388;line:116:_train_model] - INFO: [ Epoch 90 (valid) ]:  valid loglike is 1.5875381862448952, num_events is 17018, mark_ll is -1.485759161714802, time_ll is 3.0732974483818603[0m
[38;20m2026-09-28 09:55:16,383 - tpp_runner.py[pid:5388;line:136:_train_model] - INFO: [ Epoch 90 (test) ]: test loglike is 2.2484291794147415, num_events is 33655, mark_ll is -1.4824697528227604, time_ll is 3.730898961254364[0m
[31;1m2026-09-28 09:55:16,383 - tpp_runner.py[pid:5388;line:140:_train_model] - CRITICAL: current best loglike on valid set is 1.6381 (updated at epoch-86)[0m
[38;20m2026-09-28 09:55:21,607 - tpp_runner.py[pid:5388;line:104:_train_model] - INFO: [ Epoch 91 (train) ]: train loglike is 1.834040647262842, num_events is 66675, mark_ll is -1.4658374417065054, time_ll is 3.299878096292651[0m
[38;20m2026-09-28 09:55:21,803 - tpp_runner.py[pid:5388;line:116:_train_model] - INFO: [ Epoch 91 (valid) ]:  valid loglike is 1.6420873403689291, num_events is 17018, mark_ll is -1.485599268111797, time_ll is 3.127686637172773[0m
[38;20m2026-09-28 09:55:22,209 - tpp_runner.py[pid:5388;line:136:_train_model] - INFO: [ Epoch 91 (test) ]: test loglike is 2.2713535996288163, num_events is 33655, mark_ll is -1.481555801457343, time_ll is 3.752909324916896[0m
[31;1m2026-09-28 09:55:22,209 - tpp_runner.py[pid:5388;line:140:_train_model] - CRITICAL: current best loglike on valid set is 1.6421 (updated at epoch-91), best updated at this epoch[0m
[38;20m2026-09-28 09:55:27,418 - tpp_runner.py[pid:5388;line:104:_train_model] - INFO: [ Epoch 92 (train) ]: train loglike is 1.8341564945983315, num_events is 66675, mark_ll is -1.4671407407081927, time_ll is 3.3012972426298277[0m
[38;20m2026-09-28 09:55:27,623 - tpp_runner.py[pid:5388;line:116:_train_model] - INFO: [ Epoch 92 (valid) ]:  valid loglike is 1.6225840149033377, num_events is 17018, mark_ll is -1.4873255179258726, time_ll is 3.10990953282921[0m
[38;20m2026-09-28 09:55:28,037 - tpp_runner.py[pid:5388;line:136:_train_model] - INFO: [ Epoch 92 (test) ]: test loglike is 2.283877701760047, num_events is 33655, mark_ll is -1.4836650988372362, time_ll is 3.7675428114786063[0m
[31;1m2026-09-28 09:55:28,037 - tpp_runner.py[pid:5388;line:140:_train_model] - CRITICAL: current best loglike on valid set is 1.6421 (updated at epoch-91)[0m
[38;20m2026-09-28 09:55:33,161 - tpp_runner.py[pid:5388;line:104:_train_model] - INFO: [ Epoch 93 (train) ]: train loglike is 1.841066748980596, num_events is 66675, mark_ll is -1.4679913497140982, time_ll is 3.3090580327849644[0m
[38;20m2026-09-28 09:55:33,362 - tpp_runner.py[pid:5388;line:116:_train_model] - INFO: [ Epoch 93 (valid) ]:  valid loglike is 1.6098078482158598, num_events is 17018, mark_ll is -1.4880076785081422, time_ll is 3.0978154478208735[0m
[38;20m2026-09-28 09:55:33,750 - tpp_runner.py[pid:5388;line:136:_train_model] - INFO: [ Epoch 93 (test) ]: test loglike is 2.2824332641184446, num_events is 33655, mark_ll is -1.483786552541413, time_ll is 3.766219773134564[0m
[31;1m2026-09-28 09:55:33,750 - tpp_runner.py[pid:5388;line:140:_train_model] - CRITICAL: current best loglike on valid set is 1.6421 (updated at epoch-91)[0m
[38;20m2026-09-28 09:55:38,920 - tpp_runner.py[pid:5388;line:104:_train_model] - INFO: [ Epoch 94 (train) ]: train loglike is 1.8511945259772216, num_events is 66675, mark_ll is -1.4689108050946758, time_ll is 3.320105323748594[0m
[38;20m2026-09-28 09:55:39,115 - tpp_runner.py[pid:5388;line:116:_train_model] - INFO: [ Epoch 94 (valid) ]:  valid loglike is 1.6237425136711865, num_events is 17018, mark_ll is -1.4877601522216366, time_ll is 3.111502673065835[0m
[38;20m2026-09-28 09:55:39,511 - tpp_runner.py[pid:5388;line:136:_train_model] - INFO: [ Epoch 94 (test) ]: test loglike is 2.278210704929849, num_events is 33655, mark_ll is -1.483827502588304, time_ll is 3.7620381458573204[0m
[31;1m2026-09-28 09:55:39,511 - tpp_runner.py[pid:5388;line:140:_train_model] - CRITICAL: current best loglike on valid set is 1.6421 (updated at epoch-91)[0m
[38;20m2026-09-28 09:55:44,636 - tpp_runner.py[pid:5388;line:104:_train_model] - INFO: [ Epoch 95 (train) ]: train loglike is 1.8479731000421822, num_events is 66675, mark_ll is -1.4707403163959973, time_ll is 3.318713478686258[0m
[38;20m2026-09-28 09:55:44,826 - tpp_runner.py[pid:5388;line:116:_train_model] - INFO: [ Epoch 95 (valid) ]:  valid loglike is 1.6270310884637773, num_events is 17018, mark_ll is -1.491917601090114, time_ll is 3.118948804322078[0m
[38;20m2026-09-28 09:55:45,219 - tpp_runner.py[pid:5388;line:136:_train_model] - INFO: [ Epoch 95 (test) ]: test loglike is 2.295793342051933, num_events is 33655, mark_ll is -1.4865463898380626, time_ll is 3.782339750025535[0m
[31;1m2026-09-28 09:55:45,219 - tpp_runner.py[pid:5388;line:140:_train_model] - CRITICAL: current best loglike on valid set is 1.6421 (updated at epoch-91)[0m
[38;20m2026-09-28 09:55:50,302 - tpp_runner.py[pid:5388;line:104:_train_model] - INFO: [ Epoch 96 (train) ]: train loglike is 1.8540963409847206, num_events is 66675, mark_ll is -1.471514887543354, time_ll is 3.325611268806243[0m
[38;20m2026-09-28 09:55:50,507 - tpp_runner.py[pid:5388;line:116:_train_model] - INFO: [ Epoch 96 (valid) ]:  valid loglike is 1.6422498592942032, num_events is 17018, mark_ll is -1.4899100042395368, time_ll is 3.132159842014705[0m
[38;20m2026-09-28 09:55:50,902 - tpp_runner.py[pid:5388;line:136:_train_model] - INFO: [ Epoch 96 (test) ]: test loglike is 2.244607593364656, num_events is 33655, mark_ll is -1.4850133927327849, time_ll is 3.729620920809501[0m
[31;1m2026-09-28 09:55:50,902 - tpp_runner.py[pid:5388;line:140:_train_model] - CRITICAL: current best loglike on valid set is 1.6422 (updated at epoch-96), best updated at this epoch[0m
[38;20m2026-09-28 09:55:56,004 - tpp_runner.py[pid:5388;line:104:_train_model] - INFO: [ Epoch 97 (train) ]: train loglike is 1.8478598671259843, num_events is 66675, mark_ll is -1.4704970216125328, time_ll is 3.318356797197225[0m
[38;20m2026-09-28 09:55:56,217 - tpp_runner.py[pid:5388;line:116:_train_model] - INFO: [ Epoch 97 (valid) ]:  valid loglike is 1.6088919120104448, num_events is 17018, mark_ll is -1.4899242857057602, time_ll is 3.0988161833701815[0m
[38;20m2026-09-28 09:55:56,620 - tpp_runner.py[pid:5388;line:136:_train_model] - INFO: [ Epoch 97 (test) ]: test loglike is 2.290025939624034, num_events is 33655, mark_ll is -1.483334752741513, time_ll is 3.7733606923655474[0m
[31;1m2026-09-28 09:55:56,620 - tpp_runner.py[pid:5388;line:140:_train_model] - CRITICAL: current best loglike on valid set is 1.6422 (updated at epoch-96)[0m
[38;20m2026-09-28 09:56:01,701 - tpp_runner.py[pid:5388;line:104:_train_model] - INFO: [ Epoch 98 (train) ]: train loglike is 1.8453305519427259, num_events is 66675, mark_ll is -1.4697855810015936, time_ll is 3.315116169560836[0m
[38;20m2026-09-28 09:56:01,906 - tpp_runner.py[pid:5388;line:116:_train_model] - INFO: [ Epoch 98 (valid) ]:  valid loglike is 1.6094103557744925, num_events is 17018, mark_ll is -1.4903837744869404, time_ll is 3.099794123088421[0m
[38;20m2026-09-28 09:56:02,286 - tpp_runner.py[pid:5388;line:136:_train_model] - INFO: [ Epoch 98 (test) ]: test loglike is 2.299052185956303, num_events is 33655, mark_ll is -1.4807538769429691, time_ll is 3.779806077407703[0m
[31;1m2026-09-28 09:56:02,286 - tpp_runner.py[pid:5388;line:140:_train_model] - CRITICAL: current best loglike on valid set is 1.6422 (updated at epoch-96)[0m
[38;20m2026-09-28 09:56:07,422 - tpp_runner.py[pid:5388;line:104:_train_model] - INFO: [ Epoch 99 (train) ]: train loglike is 1.8408432930258718, num_events is 66675, mark_ll is -1.469015923790776, time_ll is 3.309859260756468[0m
[38;20m2026-09-28 09:56:07,637 - tpp_runner.py[pid:5388;line:116:_train_model] - INFO: [ Epoch 99 (valid) ]:  valid loglike is 1.6277468043946115, num_events is 17018, mark_ll is -1.4884009819106976, time_ll is 3.1161477576132626[0m
[38;20m2026-09-28 09:56:08,025 - tpp_runner.py[pid:5388;line:136:_train_model] - INFO: [ Epoch 99 (test) ]: test loglike is 2.2785132383630775, num_events is 33655, mark_ll is -1.4794258767154769, time_ll is 3.7579391586038478[0m
[31;1m2026-09-28 09:56:08,025 - tpp_runner.py[pid:5388;line:140:_train_model] - CRITICAL: current best loglike on valid set is 1.6422 (updated at epoch-96)[0m
[38;20m2026-09-28 09:56:13,177 - tpp_runner.py[pid:5388;line:104:_train_model] - INFO: [ Epoch 100 (train) ]: train loglike is 1.8529557731064867, num_events is 66675, mark_ll is -1.4678545540694132, time_ll is 3.3208103088676415[0m
[38;20m2026-09-28 09:56:13,379 - tpp_runner.py[pid:5388;line:116:_train_model] - INFO: [ Epoch 100 (valid) ]:  valid loglike is 1.625745986040057, num_events is 17018, mark_ll is -1.4870020581378907, time_ll is 3.112748123081076[0m
[38;20m2026-09-28 09:56:13,807 - tpp_runner.py[pid:5388;line:136:_train_model] - INFO: [ Epoch 100 (test) ]: test loglike is 2.271947208461781, num_events is 33655, mark_ll is -1.4790971882080115, time_ll is 3.751044461957733[0m
[31;1m2026-09-28 09:56:13,807 - tpp_runner.py[pid:5388;line:140:_train_model] - CRITICAL: current best loglike on valid set is 1.6422 (updated at epoch-96)[0m
[38;20m2026-09-28 09:56:19,003 - tpp_runner.py[pid:5388;line:104:_train_model] - INFO: [ Epoch 101 (train) ]: train loglike is 1.850294327222769, num_events is 66675, mark_ll is -1.467123779937664, time_ll is 3.317418140115298[0m
[38;20m2026-09-28 09:56:19,198 - tpp_runner.py[pid:5388;line:116:_train_model] - INFO: [ Epoch 101 (valid) ]:  valid loglike is 1.6413674497453064, num_events is 17018, mark_ll is -1.486428073744528, time_ll is 3.1277955234898345[0m
[38;20m2026-09-28 09:56:19,586 - tpp_runner.py[pid:5388;line:136:_train_model] - INFO: [ Epoch 101 (test) ]: test loglike is 2.2925511900975897, num_events is 33655, mark_ll is -1.479250593104665, time_ll is 3.7718017541853923[0m
[31;1m2026-09-28 09:56:19,586 - tpp_runner.py[pid:5388;line:140:_train_model] - CRITICAL: current best loglike on valid set is 1.6422 (updated at epoch-96)[0m
[38;20m2026-09-28 09:56:24,744 - tpp_runner.py[pid:5388;line:104:_train_model] - INFO: [ Epoch 102 (train) ]: train loglike is 1.8450839836426696, num_events is 66675, mark_ll is -1.4682474712633578, time_ll is 3.3133314292744656[0m
[38;20m2026-09-28 09:56:24,954 - tpp_runner.py[pid:5388;line:116:_train_model] - INFO: [ Epoch 102 (valid) ]:  valid loglike is 1.642879520604103, num_events is 17018, mark_ll is -1.4868584400983518, time_ll is 3.129737932010408[0m
[38;20m2026-09-28 09:56:25,353 - tpp_runner.py[pid:5388;line:136:_train_model] - INFO: [ Epoch 102 (test) ]: test loglike is 2.292075901147675, num_events is 33655, mark_ll is -1.4765140998737185, time_ll is 3.7685900155298246[0m
[31;1m2026-09-28 09:56:25,353 - tpp_runner.py[pid:5388;line:140:_train_model] - CRITICAL: current best loglike on valid set is 1.6429 (updated at epoch-102), best updated at this epoch[0m
[38;20m2026-09-28 09:56:30,484 - tpp_runner.py[pid:5388;line:104:_train_model] - INFO: [ Epoch 103 (train) ]: train loglike is 1.8392495774453974, num_events is 66675, mark_ll is -1.4680357399172759, time_ll is 3.30728533200928[0m
[38;20m2026-09-28 09:56:30,686 - tpp_runner.py[pid:5388;line:116:_train_model] - INFO: [ Epoch 103 (valid) ]:  valid loglike is 1.6288600127668131, num_events is 17018, mark_ll is -1.4865588234011415, time_ll is 3.1154188361679545[0m
[38;20m2026-09-28 09:56:31,091 - tpp_runner.py[pid:5388;line:136:_train_model] - INFO: [ Epoch 103 (test) ]: test loglike is 2.287466869997493, num_events is 33655, mark_ll is -1.4772149223856967, time_ll is 3.764681806891621[0m
[31;1m2026-09-28 09:56:31,091 - tpp_runner.py[pid:5388;line:140:_train_model] - CRITICAL: current best loglike on valid set is 1.6429 (updated at epoch-102)[0m
[38;20m2026-09-28 09:56:36,246 - tpp_runner.py[pid:5388;line:104:_train_model] - INFO: [ Epoch 104 (train) ]: train loglike is 1.8399993079478347, num_events is 66675, mark_ll is -1.467691423825928, time_ll is 3.3076907134655045[0m
[38;20m2026-09-28 09:56:36,447 - tpp_runner.py[pid:5388;line:116:_train_model] - INFO: [ Epoch 104 (valid) ]:  valid loglike is 1.6455021458207852, num_events is 17018, mark_ll is -1.4863628638954893, time_ll is 3.13186494515917[0m
[38;20m2026-09-28 09:56:36,837 - tpp_runner.py[pid:5388;line:136:_train_model] - INFO: [ Epoch 104 (test) ]: test loglike is 2.284333484124294, num_events is 33655, mark_ll is -1.477168401101248, time_ll is 3.761501957767698[0m
[31;1m2026-09-28 09:56:36,837 - tpp_runner.py[pid:5388;line:140:_train_model] - CRITICAL: current best loglike on valid set is 1.6455 (updated at epoch-104), best updated at this epoch[0m
[38;20m2026-09-28 09:56:41,947 - tpp_runner.py[pid:5388;line:104:_train_model] - INFO: [ Epoch 105 (train) ]: train loglike is 1.8421074562945257, num_events is 66675, mark_ll is -1.467628025988939, time_ll is 3.3097354822834646[0m
[38;20m2026-09-28 09:56:42,144 - tpp_runner.py[pid:5388;line:116:_train_model] - INFO: [ Epoch 105 (valid) ]:  valid loglike is 1.64439008513045, num_events is 17018, mark_ll is -1.485616375744616, time_ll is 3.130006460875066[0m
[38;20m2026-09-28 09:56:42,522 - tpp_runner.py[pid:5388;line:136:_train_model] - INFO: [ Epoch 105 (test) ]: test loglike is 2.2722393139601285, num_events is 33655, mark_ll is -1.4762981056051292, time_ll is 3.748537463090551[0m
[31;1m2026-09-28 09:56:42,522 - tpp_runner.py[pid:5388;line:140:_train_model] - CRITICAL: current best loglike on valid set is 1.6455 (updated at epoch-104)[0m
[38;20m2026-09-28 09:56:47,640 - tpp_runner.py[pid:5388;line:104:_train_model] - INFO: [ Epoch 106 (train) ]: train loglike is 1.856840122767857, num_events is 66675, mark_ll is -1.4659207662518747, time_ll is 3.3227609073279902[0m
[38;20m2026-09-28 09:56:47,831 - tpp_runner.py[pid:5388;line:116:_train_model] - INFO: [ Epoch 106 (valid) ]:  valid loglike is 1.6331630092149672, num_events is 17018, mark_ll is -1.4845622586425036, time_ll is 3.117725217646389[0m
[38;20m2026-09-28 09:56:48,224 - tpp_runner.py[pid:5388;line:136:_train_model] - INFO: [ Epoch 106 (test) ]: test loglike is 2.2590183755083753, num_events is 33655, mark_ll is -1.476584284409356, time_ll is 3.735602630900869[0m
[31;1m2026-09-28 09:56:48,224 - tpp_runner.py[pid:5388;line:140:_train_model] - CRITICAL: current best loglike on valid set is 1.6455 (updated at epoch-104)[0m
[38;20m2026-09-28 09:56:53,316 - tpp_runner.py[pid:5388;line:104:_train_model] - INFO: [ Epoch 107 (train) ]: train loglike is 1.8521290453927635, num_events is 66675, mark_ll is -1.4650274257709974, time_ll is 3.3171564711637607[0m
[38;20m2026-09-28 09:56:53,511 - tpp_runner.py[pid:5388;line:116:_train_model] - INFO: [ Epoch 107 (valid) ]:  valid loglike is 1.6133335304955139, num_events is 17018, mark_ll is -1.4839682830656327, time_ll is 3.097301845839699[0m
[38;20m2026-09-28 09:56:53,898 - tpp_runner.py[pid:5388;line:136:_train_model] - INFO: [ Epoch 107 (test) ]: test loglike is 2.250519550546213, num_events is 33655, mark_ll is -1.4767077910565387, time_ll is 3.7272273633653987[0m
[31;1m2026-09-28 09:56:53,898 - tpp_runner.py[pid:5388;line:140:_train_model] - CRITICAL: current best loglike on valid set is 1.6455 (updated at epoch-104)[0m
[38;20m2026-09-28 09:56:59,015 - tpp_runner.py[pid:5388;line:104:_train_model] - INFO: [ Epoch 108 (train) ]: train loglike is 1.8351465869012467, num_events is 66675, mark_ll is -1.4684467053922947, time_ll is 3.30359335454162[0m
[38;20m2026-09-28 09:56:59,220 - tpp_runner.py[pid:5388;line:116:_train_model] - INFO: [ Epoch 108 (valid) ]:  valid loglike is 1.6291983924190563, num_events is 17018, mark_ll is -1.4939614001305603, time_ll is 3.1231597495115464[0m
[38;20m2026-09-28 09:56:59,609 - tpp_runner.py[pid:5388;line:136:_train_model] - INFO: [ Epoch 108 (test) ]: test loglike is 2.284209817884369, num_events is 33655, mark_ll is -1.4901297982283463, time_ll is 3.7743396197398233[0m
[31;1m2026-09-28 09:56:59,609 - tpp_runner.py[pid:5388;line:140:_train_model] - CRITICAL: current best loglike on valid set is 1.6455 (updated at epoch-104)[0m
[38;20m2026-09-28 09:57:04,715 - tpp_runner.py[pid:5388;line:104:_train_model] - INFO: [ Epoch 109 (train) ]: train loglike is 1.8475867445280278, num_events is 66675, mark_ll is -1.4755106905582114, time_ll is 3.3230973838231157[0m
[38;20m2026-09-28 09:57:04,902 - tpp_runner.py[pid:5388;line:116:_train_model] - INFO: [ Epoch 109 (valid) ]:  valid loglike is 1.5749422199564431, num_events is 17018, mark_ll is -1.4973659625217601, time_ll is 3.0723082183432617[0m
[38;20m2026-09-28 09:57:05,314 - tpp_runner.py[pid:5388;line:136:_train_model] - INFO: [ Epoch 109 (test) ]: test loglike is 2.27009048110538, num_events is 33655, mark_ll is -1.487490946738969, time_ll is 3.757581496759397[0m
[31;1m2026-09-28 09:57:05,314 - tpp_runner.py[pid:5388;line:140:_train_model] - CRITICAL: current best loglike on valid set is 1.6455 (updated at epoch-104)[0m
[38;20m2026-09-28 09:57:10,449 - tpp_runner.py[pid:5388;line:104:_train_model] - INFO: [ Epoch 110 (train) ]: train loglike is 1.8347060938671729, num_events is 66675, mark_ll is -1.4738972350135922, time_ll is 3.3086032776176415[0m
[38;20m2026-09-28 09:57:10,648 - tpp_runner.py[pid:5388;line:116:_train_model] - INFO: [ Epoch 110 (valid) ]:  valid loglike is 1.6138062714157437, num_events is 17018, mark_ll is -1.4892456901102877, time_ll is 3.1030520189101245[0m
[38;20m2026-09-28 09:57:11,038 - tpp_runner.py[pid:5388;line:136:_train_model] - INFO: [ Epoch 110 (test) ]: test loglike is 2.2526935990542825, num_events is 33655, mark_ll is -1.4827328559672597, time_ll is 3.7354263824793863[0m
[31;1m2026-09-28 09:57:11,038 - tpp_runner.py[pid:5388;line:140:_train_model] - CRITICAL: current best loglike on valid set is 1.6455 (updated at epoch-104)[0m
[38;20m2026-09-28 09:57:16,150 - tpp_runner.py[pid:5388;line:104:_train_model] - INFO: [ Epoch 111 (train) ]: train loglike is 1.838490008084927, num_events is 66675, mark_ll is -1.4694165304532245, time_ll is 3.3079065824779716[0m
[38;20m2026-09-28 09:57:16,349 - tpp_runner.py[pid:5388;line:116:_train_model] - INFO: [ Epoch 111 (valid) ]:  valid loglike is 1.608500279919607, num_events is 17018, mark_ll is -1.4873117313974542, time_ll is 3.095812040009108[0m
[38;20m2026-09-28 09:57:16,739 - tpp_runner.py[pid:5388;line:136:_train_model] - INFO: [ Epoch 111 (test) ]: test loglike is 2.287328698953536, num_events is 33655, mark_ll is -1.4808353417838174, time_ll is 3.7681640552457845[0m
[31;1m2026-09-28 09:57:16,741 - tpp_runner.py[pid:5388;line:140:_train_model] - CRITICAL: current best loglike on valid set is 1.6455 (updated at epoch-104)[0m
[38;20m2026-09-28 09:57:21,860 - tpp_runner.py[pid:5388;line:104:_train_model] - INFO: [ Epoch 112 (train) ]: train loglike is 1.8556579585266686, num_events is 66675, mark_ll is -1.4706782514002157, time_ll is 3.3263362685133107[0m
[38;20m2026-09-28 09:57:22,062 - tpp_runner.py[pid:5388;line:116:_train_model] - INFO: [ Epoch 112 (valid) ]:  valid loglike is 1.6588146816284595, num_events is 17018, mark_ll is -1.488268926765961, time_ll is 3.1470837231626074[0m
[38;20m2026-09-28 09:57:22,451 - tpp_runner.py[pid:5388;line:136:_train_model] - INFO: [ Epoch 112 (test) ]: test loglike is 2.315085627309742, num_events is 33655, mark_ll is -1.4809791275906254, time_ll is 3.7960646678497807[0m
[31;1m2026-09-28 09:57:22,451 - tpp_runner.py[pid:5388;line:140:_train_model] - CRITICAL: current best loglike on valid set is 1.6588 (updated at epoch-112), best updated at this epoch[0m
[38;20m2026-09-28 09:57:27,566 - tpp_runner.py[pid:5388;line:104:_train_model] - INFO: [ Epoch 113 (train) ]: train loglike is 1.85234695394521, num_events is 66675, mark_ll is -1.4679260295099832, time_ll is 3.3202730420416198[0m
[38;20m2026-09-28 09:57:27,761 - tpp_runner.py[pid:5388;line:116:_train_model] - INFO: [ Epoch 113 (valid) ]:  valid loglike is 1.6291640336931852, num_events is 17018, mark_ll is -1.4845238041269722, time_ll is 3.113687744571006[0m
[38;20m2026-09-28 09:57:28,148 - tpp_runner.py[pid:5388;line:136:_train_model] - INFO: [ Epoch 113 (test) ]: test loglike is 2.2797444129482525, num_events is 33655, mark_ll is -1.4779559114892846, time_ll is 3.7577004296236627[0m
[31;1m2026-09-28 09:57:28,148 - tpp_runner.py[pid:5388;line:140:_train_model] - CRITICAL: current best loglike on valid set is 1.6588 (updated at epoch-112)[0m
[38;20m2026-09-28 09:57:33,258 - tpp_runner.py[pid:5388;line:104:_train_model] - INFO: [ Epoch 114 (train) ]: train loglike is 1.8367306576912261, num_events is 66675, mark_ll is -1.468326929104565, time_ll is 3.305057546517623[0m
[38;20m2026-09-28 09:57:33,453 - tpp_runner.py[pid:5388;line:116:_train_model] - INFO: [ Epoch 114 (valid) ]:  valid loglike is 1.6402436396618654, num_events is 17018, mark_ll is -1.4906596628615656, time_ll is 3.130903302523431[0m
[38;20m2026-09-28 09:57:33,841 - tpp_runner.py[pid:5388;line:136:_train_model] - INFO: [ Epoch 114 (test) ]: test loglike is 2.28537550141138, num_events is 33655, mark_ll is -1.4813524476593838, time_ll is 3.7667280034773807[0m
[31;1m2026-09-28 09:57:33,841 - tpp_runner.py[pid:5388;line:140:_train_model] - CRITICAL: current best loglike on valid set is 1.6588 (updated at epoch-112)[0m
[38;20m2026-09-28 09:57:38,948 - tpp_runner.py[pid:5388;line:104:_train_model] - INFO: [ Epoch 115 (train) ]: train loglike is 1.8455718145095144, num_events is 66675, mark_ll is -1.4708242158206786, time_ll is 3.3163960120219347[0m
[38;20m2026-09-28 09:57:39,153 - tpp_runner.py[pid:5388;line:116:_train_model] - INFO: [ Epoch 115 (valid) ]:  valid loglike is 1.656737212471262, num_events is 17018, mark_ll is -1.48566613492653, time_ll is 3.1424034621659787[0m
[38;20m2026-09-28 09:57:39,532 - tpp_runner.py[pid:5388;line:136:_train_model] - INFO: [ Epoch 115 (test) ]: test loglike is 2.2960136380703555, num_events is 33655, mark_ll is -1.4800749585349038, time_ll is 3.7760886256221213[0m
[31;1m2026-09-28 09:57:39,532 - tpp_runner.py[pid:5388;line:140:_train_model] - CRITICAL: current best loglike on valid set is 1.6588 (updated at epoch-112)[0m
[38;20m2026-09-28 09:57:44,673 - tpp_runner.py[pid:5388;line:104:_train_model] - INFO: [ Epoch 116 (train) ]: train loglike is 1.8472373424025121, num_events is 66675, mark_ll is -1.4679367654726754, time_ll is 3.3151741481533556[0m
[38;20m2026-09-28 09:57:44,889 - tpp_runner.py[pid:5388;line:116:_train_model] - INFO: [ Epoch 116 (valid) ]:  valid loglike is 1.6286058012334366, num_events is 17018, mark_ll is -1.489489543814821, time_ll is 3.118095402432351[0m
[38;20m2026-09-28 09:57:45,283 - tpp_runner.py[pid:5388;line:136:_train_model] - INFO: [ Epoch 116 (test) ]: test loglike is 2.2975405089905845, num_events is 33655, mark_ll is -1.4875398183892623, time_ll is 3.785080428938865[0m
[31;1m2026-09-28 09:57:45,283 - tpp_runner.py[pid:5388;line:140:_train_model] - CRITICAL: current best loglike on valid set is 1.6588 (updated at epoch-112)[0m
[38;20m2026-09-28 09:57:50,443 - tpp_runner.py[pid:5388;line:104:_train_model] - INFO: [ Epoch 117 (train) ]: train loglike is 1.8411537315159823, num_events is 66675, mark_ll is -1.4724690114419292, time_ll is 3.3136227576045183[0m
[38;20m2026-09-28 09:57:50,640 - tpp_runner.py[pid:5388;line:116:_train_model] - INFO: [ Epoch 117 (valid) ]:  valid loglike is 1.6461878857358752, num_events is 17018, mark_ll is -1.4925476927807138, time_ll is 3.138735628727671[0m
[38;20m2026-09-28 09:57:51,034 - tpp_runner.py[pid:5388;line:136:_train_model] - INFO: [ Epoch 117 (test) ]: test loglike is 2.269489215447881, num_events is 33655, mark_ll is -1.4923670490895669, time_ll is 3.7618562609103403[0m
[31;1m2026-09-28 09:57:51,034 - tpp_runner.py[pid:5388;line:140:_train_model] - CRITICAL: current best loglike on valid set is 1.6588 (updated at epoch-112)[0m
[38;20m2026-09-28 09:57:56,206 - tpp_runner.py[pid:5388;line:104:_train_model] - INFO: [ Epoch 118 (train) ]: train loglike is 1.8463172498945444, num_events is 66675, mark_ll is -1.4746497996344208, time_ll is 3.3209670129124484[0m
[38;20m2026-09-28 09:57:56,413 - tpp_runner.py[pid:5388;line:116:_train_model] - INFO: [ Epoch 118 (valid) ]:  valid loglike is 1.6343309978772476, num_events is 17018, mark_ll is -1.4921906274330856, time_ll is 3.126521668348403[0m
[38;20m2026-09-28 09:57:56,799 - tpp_runner.py[pid:5388;line:136:_train_model] - INFO: [ Epoch 118 (test) ]: test loglike is 2.2610553519861463, num_events is 33655, mark_ll is -1.4923709845015136, time_ll is 3.753426318352121[0m
[31;1m2026-09-28 09:57:56,799 - tpp_runner.py[pid:5388;line:140:_train_model] - CRITICAL: current best loglike on valid set is 1.6588 (updated at epoch-112)[0m
[38;20m2026-09-28 09:58:01,962 - tpp_runner.py[pid:5388;line:104:_train_model] - INFO: [ Epoch 119 (train) ]: train loglike is 1.860105023493157, num_events is 66675, mark_ll is -1.4723921204185415, time_ll is 3.332497114618485[0m
[38;20m2026-09-28 09:58:02,162 - tpp_runner.py[pid:5388;line:116:_train_model] - INFO: [ Epoch 119 (valid) ]:  valid loglike is 1.6175777190075398, num_events is 17018, mark_ll is -1.4905307638419614, time_ll is 3.1081084613304664[0m
[38;20m2026-09-28 09:58:02,555 - tpp_runner.py[pid:5388;line:136:_train_model] - INFO: [ Epoch 119 (test) ]: test loglike is 2.263173626457807, num_events is 33655, mark_ll is -1.4894395306000223, time_ll is 3.752613186074692[0m
[31;1m2026-09-28 09:58:02,555 - tpp_runner.py[pid:5388;line:140:_train_model] - CRITICAL: current best loglike on valid set is 1.6588 (updated at epoch-112)[0m
[38;20m2026-09-28 09:58:07,717 - tpp_runner.py[pid:5388;line:104:_train_model] - INFO: [ Epoch 120 (train) ]: train loglike is 1.8452664474069647, num_events is 66675, mark_ll is -1.4729619759444132, time_ll is 3.3182283611032997[0m
[38;20m2026-09-28 09:58:07,928 - tpp_runner.py[pid:5388;line:116:_train_model] - INFO: [ Epoch 120 (valid) ]:  valid loglike is 1.6304533825398109, num_events is 17018, mark_ll is -1.4901700330853729, time_ll is 3.1206234586632537[0m
[38;20m2026-09-28 09:58:08,320 - tpp_runner.py[pid:5388;line:136:_train_model] - INFO: [ Epoch 120 (test) ]: test loglike is 2.280687921615009, num_events is 33655, mark_ll is -1.4893184649963787, time_ll is 3.77000641562825[0m
[31;1m2026-09-28 09:58:08,322 - tpp_runner.py[pid:5388;line:140:_train_model] - CRITICAL: current best loglike on valid set is 1.6588 (updated at epoch-112)[0m
[38;20m2026-09-28 09:58:13,478 - tpp_runner.py[pid:5388;line:104:_train_model] - INFO: [ Epoch 121 (train) ]: train loglike is 1.846352628772966, num_events is 66675, mark_ll is -1.4714633827509842, time_ll is 3.317816088418635[0m
[38;20m2026-09-28 09:58:13,667 - tpp_runner.py[pid:5388;line:116:_train_model] - INFO: [ Epoch 121 (valid) ]:  valid loglike is 1.637730826080749, num_events is 17018, mark_ll is -1.488539377997745, time_ll is 3.126270254289576[0m
[38;20m2026-09-28 09:58:14,070 - tpp_runner.py[pid:5388;line:136:_train_model] - INFO: [ Epoch 121 (test) ]: test loglike is 2.265957511479071, num_events is 33655, mark_ll is -1.487934781410173, time_ll is 3.753892271126597[0m
[31;1m2026-09-28 09:58:14,070 - tpp_runner.py[pid:5388;line:140:_train_model] - CRITICAL: current best loglike on valid set is 1.6588 (updated at epoch-112)[0m
[38;20m2026-09-28 09:58:19,197 - tpp_runner.py[pid:5388;line:104:_train_model] - INFO: [ Epoch 122 (train) ]: train loglike is 1.8350573927282527, num_events is 66675, mark_ll is -1.4716313829911887, time_ll is 3.3066887537495315[0m
[38;20m2026-09-28 09:58:19,399 - tpp_runner.py[pid:5388;line:116:_train_model] - INFO: [ Epoch 122 (valid) ]:  valid loglike is 1.6278171716390366, num_events is 17018, mark_ll is -1.489761960451801, time_ll is 3.1175791320908375[0m
[38;20m2026-09-28 09:58:19,778 - tpp_runner.py[pid:5388;line:136:_train_model] - INFO: [ Epoch 122 (test) ]: test loglike is 2.2989549468236983, num_events is 33655, mark_ll is -1.4847025786124832, time_ll is 3.783657463775349[0m
[31;1m2026-09-28 09:58:19,778 - tpp_runner.py[pid:5388;line:140:_train_model] - CRITICAL: current best loglike on valid set is 1.6588 (updated at epoch-112)[0m
[38;20m2026-09-28 09:58:24,908 - tpp_runner.py[pid:5388;line:104:_train_model] - INFO: [ Epoch 123 (train) ]: train loglike is 1.8492044842050994, num_events is 66675, mark_ll is -1.4696491295521654, time_ll is 3.3188535954490064[0m
[38;20m2026-09-28 09:58:25,114 - tpp_runner.py[pid:5388;line:116:_train_model] - INFO: [ Epoch 123 (valid) ]:  valid loglike is 1.6402304126283567, num_events is 17018, mark_ll is -1.4891037649015013, time_ll is 3.129334263605998[0m
[38;20m2026-09-28 09:58:25,522 - tpp_runner.py[pid:5388;line:136:_train_model] - INFO: [ Epoch 123 (test) ]: test loglike is 2.2721933004707697, num_events is 33655, mark_ll is -1.4846388539558109, time_ll is 3.756832107274179[0m
[31;1m2026-09-28 09:58:25,522 - tpp_runner.py[pid:5388;line:140:_train_model] - CRITICAL: current best loglike on valid set is 1.6588 (updated at epoch-112)[0m
[38;20m2026-09-28 09:58:30,628 - tpp_runner.py[pid:5388;line:104:_train_model] - INFO: [ Epoch 124 (train) ]: train loglike is 1.8153242172853394, num_events is 66675, mark_ll is -1.479172020001406, time_ll is 3.2944962153168356[0m
[38;20m2026-09-28 09:58:30,833 - tpp_runner.py[pid:5388;line:116:_train_model] - INFO: [ Epoch 124 (valid) ]:  valid loglike is 1.621226049027133, num_events is 17018, mark_ll is -1.5045154538806338, time_ll is 3.1257414598696966[0m
[38;20m2026-09-28 09:58:31,211 - tpp_runner.py[pid:5388;line:136:_train_model] - INFO: [ Epoch 124 (test) ]: test loglike is 2.302776960872502, num_events is 33655, mark_ll is -1.4962901361239043, time_ll is 3.799067158657239[0m
[31;1m2026-09-28 09:58:31,211 - tpp_runner.py[pid:5388;line:140:_train_model] - CRITICAL: current best loglike on valid set is 1.6588 (updated at epoch-112)[0m
[38;20m2026-09-28 09:58:36,311 - tpp_runner.py[pid:5388;line:104:_train_model] - INFO: [ Epoch 125 (train) ]: train loglike is 1.843685617178712, num_events is 66675, mark_ll is -1.485832674236033, time_ll is 3.32951825845988[0m
[38;20m2026-09-28 09:58:36,500 - tpp_runner.py[pid:5388;line:116:_train_model] - INFO: [ Epoch 125 (valid) ]:  valid loglike is 1.5982813205824349, num_events is 17018, mark_ll is -1.5078718710175438, time_ll is 3.1061531126968505[0m
[38;20m2026-09-28 09:58:36,911 - tpp_runner.py[pid:5388;line:136:_train_model] - INFO: [ Epoch 125 (test) ]: test loglike is 2.214170326660229, num_events is 33655, mark_ll is -1.4996960338591963, time_ll is 3.7138663024857004[0m
[31;1m2026-09-28 09:58:36,911 - tpp_runner.py[pid:5388;line:140:_train_model] - CRITICAL: current best loglike on valid set is 1.6588 (updated at epoch-112)[0m
[38;20m2026-09-28 09:58:42,021 - tpp_runner.py[pid:5388;line:104:_train_model] - INFO: [ Epoch 126 (train) ]: train loglike is 1.8170865482634984, num_events is 66675, mark_ll is -1.4833359623992313, time_ll is 3.300422539955943[0m
[38;20m2026-09-28 09:58:42,223 - tpp_runner.py[pid:5388;line:116:_train_model] - INFO: [ Epoch 126 (valid) ]:  valid loglike is 1.6162396510656916, num_events is 17018, mark_ll is -1.494179646183453, time_ll is 3.1104192326920392[0m
[38;20m2026-09-28 09:58:42,613 - tpp_runner.py[pid:5388;line:136:_train_model] - INFO: [ Epoch 126 (test) ]: test loglike is 2.240090088652318, num_events is 33655, mark_ll is -1.49193887264267, time_ll is 3.7320289794305266[0m
[31;1m2026-09-28 09:58:42,613 - tpp_runner.py[pid:5388;line:140:_train_model] - CRITICAL: current best loglike on valid set is 1.6588 (updated at epoch-112)[0m
[38;20m2026-09-28 09:58:47,713 - tpp_runner.py[pid:5388;line:104:_train_model] - INFO: [ Epoch 127 (train) ]: train loglike is 1.8386063131268748, num_events is 66675, mark_ll is -1.4744825683410667, time_ll is 3.3130889034378517[0m
[38;20m2026-09-28 09:58:47,913 - tpp_runner.py[pid:5388;line:116:_train_model] - INFO: [ Epoch 127 (valid) ]:  valid loglike is 1.588973218958419, num_events is 17018, mark_ll is -1.4929302438387846, time_ll is 3.0819034412781687[0m
[38;20m2026-09-28 09:58:48,294 - tpp_runner.py[pid:5388;line:136:_train_model] - INFO: [ Epoch 127 (test) ]: test loglike is 2.2702083802439272, num_events is 33655, mark_ll is -1.4907000339787457, time_ll is 3.7609084178497807[0m
[31;1m2026-09-28 09:58:48,294 - tpp_runner.py[pid:5388;line:140:_train_model] - CRITICAL: current best loglike on valid set is 1.6588 (updated at epoch-112)[0m
[38;20m2026-09-28 09:58:53,401 - tpp_runner.py[pid:5388;line:104:_train_model] - INFO: [ Epoch 128 (train) ]: train loglike is 1.8423603372820585, num_events is 66675, mark_ll is -1.4748159470788809, time_ll is 3.317176222112861[0m
[38;20m2026-09-28 09:58:53,600 - tpp_runner.py[pid:5388;line:116:_train_model] - INFO: [ Epoch 128 (valid) ]:  valid loglike is 1.6363682479580444, num_events is 17018, mark_ll is -1.4913285605452682, time_ll is 3.127696865887406[0m
[38;20m2026-09-28 09:58:54,007 - tpp_runner.py[pid:5388;line:136:_train_model] - INFO: [ Epoch 128 (test) ]: test loglike is 2.2798639225226562, num_events is 33655, mark_ll is -1.4884270633600598, time_ll is 3.7682910112724706[0m
[31;1m2026-09-28 09:58:54,007 - tpp_runner.py[pid:5388;line:140:_train_model] - CRITICAL: current best loglike on valid set is 1.6588 (updated at epoch-112)[0m
[38;20m2026-09-28 09:58:59,117 - tpp_runner.py[pid:5388;line:104:_train_model] - INFO: [ Epoch 129 (train) ]: train loglike is 1.844144634508577, num_events is 66675, mark_ll is -1.472562262724972, time_ll is 3.3167069228651105[0m
[38;20m2026-09-28 09:58:59,324 - tpp_runner.py[pid:5388;line:116:_train_model] - INFO: [ Epoch 129 (valid) ]:  valid loglike is 1.601264332251146, num_events is 17018, mark_ll is -1.4898078175153697, time_ll is 3.0910722717077137[0m
[38;20m2026-09-28 09:58:59,712 - tpp_runner.py[pid:5388;line:136:_train_model] - INFO: [ Epoch 129 (test) ]: test loglike is 2.2632522911714457, num_events is 33655, mark_ll is -1.4859586170215235, time_ll is 3.749211031514634[0m
[31;1m2026-09-28 09:58:59,712 - tpp_runner.py[pid:5388;line:140:_train_model] - CRITICAL: current best loglike on valid set is 1.6588 (updated at epoch-112)[0m
[38;20m2026-09-28 09:59:04,840 - tpp_runner.py[pid:5388;line:104:_train_model] - INFO: [ Epoch 130 (train) ]: train loglike is 1.853943635463536, num_events is 66675, mark_ll is -1.471850320467754, time_ll is 3.3257939705778967[0m
[38;20m2026-09-28 09:59:05,043 - tpp_runner.py[pid:5388;line:116:_train_model] - INFO: [ Epoch 130 (valid) ]:  valid loglike is 1.6487118676961525, num_events is 17018, mark_ll is -1.4885119699201765, time_ll is 3.137223758713201[0m
[38;20m2026-09-28 09:59:05,432 - tpp_runner.py[pid:5388;line:136:_train_model] - INFO: [ Epoch 130 (test) ]: test loglike is 2.275830038226814, num_events is 33655, mark_ll is -1.4835495863356114, time_ll is 3.759379533884731[0m
[31;1m2026-09-28 09:59:05,432 - tpp_runner.py[pid:5388;line:140:_train_model] - CRITICAL: current best loglike on valid set is 1.6588 (updated at epoch-112)[0m
[38;20m2026-09-28 09:59:10,560 - tpp_runner.py[pid:5388;line:104:_train_model] - INFO: [ Epoch 131 (train) ]: train loglike is 1.841685861044713, num_events is 66675, mark_ll is -1.4691255170252155, time_ll is 3.310811385393232[0m
[38;20m2026-09-28 09:59:10,758 - tpp_runner.py[pid:5388;line:116:_train_model] - INFO: [ Epoch 131 (valid) ]:  valid loglike is 1.6490479089465933, num_events is 17018, mark_ll is -1.4877622252220075, time_ll is 3.1368101341686008[0m
[38;20m2026-09-28 09:59:11,150 - tpp_runner.py[pid:5388;line:136:_train_model] - INFO: [ Epoch 131 (test) ]: test loglike is 2.28933442789774, num_events is 33655, mark_ll is -1.4831483738079874, time_ll is 3.772482787197296[0m
[31;1m2026-09-28 09:59:11,150 - tpp_runner.py[pid:5388;line:140:_train_model] - CRITICAL: current best loglike on valid set is 1.6588 (updated at epoch-112)[0m
[38;20m2026-09-28 09:59:16,261 - tpp_runner.py[pid:5388;line:104:_train_model] - INFO: [ Epoch 132 (train) ]: train loglike is 1.862283742852456, num_events is 66675, mark_ll is -1.4691354950260125, time_ll is 3.331419226893513[0m
[38;20m2026-09-28 09:59:16,458 - tpp_runner.py[pid:5388;line:116:_train_model] - INFO: [ Epoch 132 (valid) ]:  valid loglike is 1.6309232148038106, num_events is 17018, mark_ll is -1.4882279401773122, time_ll is 3.119151126289076[0m
[38;20m2026-09-28 09:59:16,849 - tpp_runner.py[pid:5388;line:136:_train_model] - INFO: [ Epoch 132 (test) ]: test loglike is 2.2840865397449766, num_events is 33655, mark_ll is -1.4836079138559, time_ll is 3.767694446346661[0m
[31;1m2026-09-28 09:59:16,849 - tpp_runner.py[pid:5388;line:140:_train_model] - CRITICAL: current best loglike on valid set is 1.6588 (updated at epoch-112)[0m
[38;20m2026-09-28 09:59:21,937 - tpp_runner.py[pid:5388;line:104:_train_model] - INFO: [ Epoch 133 (train) ]: train loglike is 1.8428524193264904, num_events is 66675, mark_ll is -1.469141686878984, time_ll is 3.311994076912261[0m
[38;20m2026-09-28 09:59:22,136 - tpp_runner.py[pid:5388;line:116:_train_model] - INFO: [ Epoch 133 (valid) ]:  valid loglike is 1.6294441469716807, num_events is 17018, mark_ll is -1.4873106554457045, time_ll is 3.1167547665523267[0m
[38;20m2026-09-28 09:59:22,525 - tpp_runner.py[pid:5388;line:136:_train_model] - INFO: [ Epoch 133 (test) ]: test loglike is 2.276765251698067, num_events is 33655, mark_ll is -1.4816872442163591, time_ll is 3.7584524814059947[0m
[31;1m2026-09-28 09:59:22,525 - tpp_runner.py[pid:5388;line:140:_train_model] - CRITICAL: current best loglike on valid set is 1.6588 (updated at epoch-112)[0m
[38;20m2026-09-28 09:59:27,638 - tpp_runner.py[pid:5388;line:104:_train_model] - INFO: [ Epoch 134 (train) ]: train loglike is 1.843654255132171, num_events is 66675, mark_ll is -1.4687277884209786, time_ll is 3.312381984966723[0m
[38;20m2026-09-28 09:59:27,837 - tpp_runner.py[pid:5388;line:116:_train_model] - INFO: [ Epoch 134 (valid) ]:  valid loglike is 1.633072679479081, num_events is 17018, mark_ll is -1.4862735527272595, time_ll is 3.1193462322063406[0m
[38;20m2026-09-28 09:59:28,241 - tpp_runner.py[pid:5388;line:136:_train_model] - INFO: [ Epoch 134 (test) ]: test loglike is 2.269303837596104, num_events is 33655, mark_ll is -1.4802245005617665, time_ll is 3.7495283889373794[0m
[31;1m2026-09-28 09:59:28,241 - tpp_runner.py[pid:5388;line:140:_train_model] - CRITICAL: current best loglike on valid set is 1.6588 (updated at epoch-112)[0m
[38;20m2026-09-28 09:59:33,348 - tpp_runner.py[pid:5388;line:104:_train_model] - INFO: [ Epoch 135 (train) ]: train loglike is 1.8503870402430165, num_events is 66675, mark_ll is -1.467360827943382, time_ll is 3.3177478352315335[0m
[38;20m2026-09-28 09:59:33,553 - tpp_runner.py[pid:5388;line:116:_train_model] - INFO: [ Epoch 135 (valid) ]:  valid loglike is 1.6106917354051593, num_events is 17018, mark_ll is -1.48714955677674, time_ll is 3.097841256316841[0m
[38;20m2026-09-28 09:59:33,947 - tpp_runner.py[pid:5388;line:136:_train_model] - INFO: [ Epoch 135 (test) ]: test loglike is 2.2968174631892087, num_events is 33655, mark_ll is -1.4846682843083774, time_ll is 3.781485762006017[0m
[31;1m2026-09-28 09:59:33,947 - tpp_runner.py[pid:5388;line:140:_train_model] - CRITICAL: current best loglike on valid set is 1.6588 (updated at epoch-112)[0m
[38;20m2026-09-28 09:59:39,080 - tpp_runner.py[pid:5388;line:104:_train_model] - INFO: [ Epoch 136 (train) ]: train loglike is 1.8350479603135545, num_events is 66675, mark_ll is -1.4673588652980878, time_ll is 3.3024068109650355[0m
[38;20m2026-09-28 09:59:39,286 - tpp_runner.py[pid:5388;line:116:_train_model] - INFO: [ Epoch 136 (valid) ]:  valid loglike is 1.6312273935364394, num_events is 17018, mark_ll is -1.4889043336582037, time_ll is 3.1201316626375384[0m
[38;20m2026-09-28 09:59:39,665 - tpp_runner.py[pid:5388;line:136:_train_model] - INFO: [ Epoch 136 (test) ]: test loglike is 2.2770955724040354, num_events is 33655, mark_ll is -1.486499157640488, time_ll is 3.7635947481800622[0m
[31;1m2026-09-28 09:59:39,665 - tpp_runner.py[pid:5388;line:140:_train_model] - CRITICAL: current best loglike on valid set is 1.6588 (updated at epoch-112)[0m
[38;20m2026-09-28 09:59:44,796 - tpp_runner.py[pid:5388;line:104:_train_model] - INFO: [ Epoch 137 (train) ]: train loglike is 1.8492005039897357, num_events is 66675, mark_ll is -1.4684953907128797, time_ll is 3.3176958690710534[0m
[38;20m2026-09-28 09:59:44,998 - tpp_runner.py[pid:5388;line:116:_train_model] - INFO: [ Epoch 137 (valid) ]:  valid loglike is 1.6400144906312435, num_events is 17018, mark_ll is -1.4902655202166457, time_ll is 3.1302800969240288[0m
[38;20m2026-09-28 09:59:45,380 - tpp_runner.py[pid:5388;line:136:_train_model] - INFO: [ Epoch 137 (test) ]: test loglike is 2.2754225326671835, num_events is 33655, mark_ll is -1.4869445592222552, time_ll is 3.762367160804487[0m
[31;1m2026-09-28 09:59:45,380 - tpp_runner.py[pid:5388;line:140:_train_model] - CRITICAL: current best loglike on valid set is 1.6588 (updated at epoch-112)[0m
[38;20m2026-09-28 09:59:50,493 - tpp_runner.py[pid:5388;line:104:_train_model] - INFO: [ Epoch 138 (train) ]: train loglike is 1.8398145812828084, num_events is 66675, mark_ll is -1.4684608357060835, time_ll is 3.3082753767107236[0m
[38;20m2026-09-28 09:59:50,682 - tpp_runner.py[pid:5388;line:116:_train_model] - INFO: [ Epoch 138 (valid) ]:  valid loglike is 1.6306150478766968, num_events is 17018, mark_ll is -1.490477812669857, time_ll is 3.1210928031624605[0m
[38;20m2026-09-28 09:59:51,077 - tpp_runner.py[pid:5388;line:136:_train_model] - INFO: [ Epoch 138 (test) ]: test loglike is 2.244594920250056, num_events is 33655, mark_ll is -1.4866237524200063, time_ll is 3.731218640026092[0m
[31;1m2026-09-28 09:59:51,077 - tpp_runner.py[pid:5388;line:140:_train_model] - CRITICAL: current best loglike on valid set is 1.6588 (updated at epoch-112)[0m
[38;20m2026-09-28 09:59:56,272 - tpp_runner.py[pid:5388;line:104:_train_model] - INFO: [ Epoch 139 (train) ]: train loglike is 1.8431669881596833, num_events is 66675, mark_ll is -1.4685478219031214, time_ll is 3.3117148247094113[0m
[38;20m2026-09-28 09:59:56,471 - tpp_runner.py[pid:5388;line:116:_train_model] - INFO: [ Epoch 139 (valid) ]:  valid loglike is 1.6185861081602935, num_events is 17018, mark_ll is -1.490330880698929, time_ll is 3.1089170462433158[0m
[38;20m2026-09-28 09:59:56,861 - tpp_runner.py[pid:5388;line:136:_train_model] - INFO: [ Epoch 139 (test) ]: test loglike is 2.2532715242731856, num_events is 33655, mark_ll is -1.4863243274181492, time_ll is 3.739595902470844[0m
[31;1m2026-09-28 09:59:56,861 - tpp_runner.py[pid:5388;line:140:_train_model] - CRITICAL: current best loglike on valid set is 1.6588 (updated at epoch-112)[0m
[38;20m2026-09-28 10:00:02,041 - tpp_runner.py[pid:5388;line:104:_train_model] - INFO: [ Epoch 140 (train) ]: train loglike is 1.8297693452380952, num_events is 66675, mark_ll is -1.4684572765806618, time_ll is 3.298226530277465[0m
[38;20m2026-09-28 10:00:02,252 - tpp_runner.py[pid:5388;line:116:_train_model] - INFO: [ Epoch 140 (valid) ]:  valid loglike is 1.6105849866455737, num_events is 17018, mark_ll is -1.4906144728880817, time_ll is 3.1011995312637723[0m
[38;20m2026-09-28 10:00:02,637 - tpp_runner.py[pid:5388;line:136:_train_model] - INFO: [ Epoch 140 (test) ]: test loglike is 2.27244101016983, num_events is 33655, mark_ll is -1.4864738984618742, time_ll is 3.7589148360895486[0m
[31;1m2026-09-28 10:00:02,639 - tpp_runner.py[pid:5388;line:140:_train_model] - CRITICAL: current best loglike on valid set is 1.6588 (updated at epoch-112)[0m
[38;20m2026-09-28 10:00:07,837 - tpp_runner.py[pid:5388;line:104:_train_model] - INFO: [ Epoch 141 (train) ]: train loglike is 1.8398159470788809, num_events is 66675, mark_ll is -1.469403590176228, time_ll is 3.309219555563367[0m
[38;20m2026-09-28 10:00:08,035 - tpp_runner.py[pid:5388;line:116:_train_model] - INFO: [ Epoch 141 (valid) ]:  valid loglike is 1.5995610791124655, num_events is 17018, mark_ll is -1.4911618741002175, time_ll is 3.090722946039671[0m
[38;20m2026-09-28 10:00:08,428 - tpp_runner.py[pid:5388;line:136:_train_model] - INFO: [ Epoch 141 (test) ]: test loglike is 2.280385845197361, num_events is 33655, mark_ll is -1.4864293140529825, time_ll is 3.766815155623236[0m
[31;1m2026-09-28 10:00:08,428 - tpp_runner.py[pid:5388;line:140:_train_model] - CRITICAL: current best loglike on valid set is 1.6588 (updated at epoch-112)[0m
[38;20m2026-09-28 10:00:13,637 - tpp_runner.py[pid:5388;line:104:_train_model] - INFO: [ Epoch 142 (train) ]: train loglike is 1.8473397587996814, num_events is 66675, mark_ll is -1.4685149109779245, time_ll is 3.315854658792651[0m
[38;20m2026-09-28 10:00:13,851 - tpp_runner.py[pid:5388;line:116:_train_model] - INFO: [ Epoch 142 (valid) ]:  valid loglike is 1.6348921425797318, num_events is 17018, mark_ll is -1.4912931258676474, time_ll is 3.126185297139426[0m
[38;20m2026-09-28 10:00:14,244 - tpp_runner.py[pid:5388;line:136:_train_model] - INFO: [ Epoch 142 (test) ]: test loglike is 2.2793210496733862, num_events is 33655, mark_ll is -1.4861413688472644, time_ll is 3.7654625200796685[0m
[31;1m2026-09-28 10:00:14,244 - tpp_runner.py[pid:5388;line:140:_train_model] - CRITICAL: current best loglike on valid set is 1.6588 (updated at epoch-112)[0m
[38;20m2026-09-28 10:00:19,507 - tpp_runner.py[pid:5388;line:104:_train_model] - INFO: [ Epoch 143 (train) ]: train loglike is 1.8452290546201255, num_events is 66675, mark_ll is -1.46839518961497, time_ll is 3.313624185648669[0m
[38;20m2026-09-28 10:00:19,705 - tpp_runner.py[pid:5388;line:116:_train_model] - INFO: [ Epoch 143 (valid) ]:  valid loglike is 1.5936994159217446, num_events is 17018, mark_ll is -1.4909642576288709, time_ll is 3.084663702242662[0m
[38;20m2026-09-28 10:00:20,093 - tpp_runner.py[pid:5388;line:136:_train_model] - INFO: [ Epoch 143 (test) ]: test loglike is 2.2953029026728013, num_events is 33655, mark_ll is -1.4858181028659374, time_ll is 3.7811208677086428[0m
[31;1m2026-09-28 10:00:20,095 - tpp_runner.py[pid:5388;line:140:_train_model] - CRITICAL: current best loglike on valid set is 1.6588 (updated at epoch-112)[0m
[38;20m2026-09-28 10:00:25,231 - tpp_runner.py[pid:5388;line:104:_train_model] - INFO: [ Epoch 144 (train) ]: train loglike is 1.8368681746812898, num_events is 66675, mark_ll is -1.4692544694120266, time_ll is 3.3061227429579114[0m
[38;20m2026-09-28 10:00:25,429 - tpp_runner.py[pid:5388;line:116:_train_model] - INFO: [ Epoch 144 (valid) ]:  valid loglike is 1.6275496613420348, num_events is 17018, mark_ll is -1.4907688217530704, time_ll is 3.118318569171245[0m
[38;20m2026-09-28 10:00:25,819 - tpp_runner.py[pid:5388;line:136:_train_model] - INFO: [ Epoch 144 (test) ]: test loglike is 2.267105269839409, num_events is 33655, mark_ll is -1.4855332660915912, time_ll is 3.752638590337617[0m
[31;1m2026-09-28 10:00:25,821 - tpp_runner.py[pid:5388;line:140:_train_model] - CRITICAL: current best loglike on valid set is 1.6588 (updated at epoch-112)[0m
[38;20m2026-09-28 10:00:30,954 - tpp_runner.py[pid:5388;line:104:_train_model] - INFO: [ Epoch 145 (train) ]: train loglike is 1.844087963125703, num_events is 66675, mark_ll is -1.468073861372797, time_ll is 3.3121618098518937[0m
[38;20m2026-09-28 10:00:31,152 - tpp_runner.py[pid:5388;line:116:_train_model] - INFO: [ Epoch 145 (valid) ]:  valid loglike is 1.6431023789034955, num_events is 17018, mark_ll is -1.4907603002152132, time_ll is 3.133862628907627[0m
[38;20m2026-09-28 10:00:31,539 - tpp_runner.py[pid:5388;line:136:_train_model] - INFO: [ Epoch 145 (test) ]: test loglike is 2.2709084954698873, num_events is 33655, mark_ll is -1.4857068014364507, time_ll is 3.7566152787707994[0m
[31;1m2026-09-28 10:00:31,539 - tpp_runner.py[pid:5388;line:140:_train_model] - CRITICAL: current best loglike on valid set is 1.6588 (updated at epoch-112)[0m
[38;20m2026-09-28 10:00:36,678 - tpp_runner.py[pid:5388;line:104:_train_model] - INFO: [ Epoch 146 (train) ]: train loglike is 1.8413192052165355, num_events is 66675, mark_ll is -1.4686344748898574, time_ll is 3.309953702076303[0m
[38;20m2026-09-28 10:00:36,879 - tpp_runner.py[pid:5388;line:116:_train_model] - INFO: [ Epoch 146 (valid) ]:  valid loglike is 1.6239502369159677, num_events is 17018, mark_ll is -1.4898146318764507, time_ll is 3.113764954868558[0m
[38;20m2026-09-28 10:00:37,775 - tpp_runner.py[pid:5388;line:136:_train_model] - INFO: [ Epoch 146 (test) ]: test loglike is 2.2942680489235903, num_events is 33655, mark_ll is -1.4872667116814924, time_ll is 3.781534873045424[0m
[31;1m2026-09-28 10:00:37,775 - tpp_runner.py[pid:5388;line:140:_train_model] - CRITICAL: current best loglike on valid set is 1.6588 (updated at epoch-112)[0m
[38;20m2026-09-28 10:00:43,179 - tpp_runner.py[pid:5388;line:104:_train_model] - INFO: [ Epoch 147 (train) ]: train loglike is 1.8413545108619236, num_events is 66675, mark_ll is -1.4653511377484065, time_ll is 3.3067056632569365[0m
[38;20m2026-09-28 10:00:43,368 - tpp_runner.py[pid:5388;line:116:_train_model] - INFO: [ Epoch 147 (valid) ]:  valid loglike is 1.6433846584315137, num_events is 17018, mark_ll is -1.4889011058029549, time_ll is 3.1322858287915736[0m
[38;20m2026-09-28 10:00:43,764 - tpp_runner.py[pid:5388;line:136:_train_model] - INFO: [ Epoch 147 (test) ]: test loglike is 2.280105270274662, num_events is 33655, mark_ll is -1.4871508074522266, time_ll is 3.767256103116643[0m
[31;1m2026-09-28 10:00:43,764 - tpp_runner.py[pid:5388;line:140:_train_model] - CRITICAL: current best loglike on valid set is 1.6588 (updated at epoch-112)[0m
[38;20m2026-09-28 10:00:48,896 - tpp_runner.py[pid:5388;line:104:_train_model] - INFO: [ Epoch 148 (train) ]: train loglike is 1.8445881886834459, num_events is 66675, mark_ll is -1.4654905771055962, time_ll is 3.3100787255108735[0m
[38;20m2026-09-28 10:00:49,089 - tpp_runner.py[pid:5388;line:116:_train_model] - INFO: [ Epoch 148 (valid) ]:  valid loglike is 1.5326293199319287, num_events is 17018, mark_ll is -1.4882429748097603, time_ll is 3.020872316260724[0m
[38;20m2026-09-28 10:00:49,480 - tpp_runner.py[pid:5388;line:136:_train_model] - INFO: [ Epoch 148 (test) ]: test loglike is 2.2773453459274253, num_events is 33655, mark_ll is -1.48539762314176, time_ll is 3.762742929171[0m
[31;1m2026-09-28 10:00:49,480 - tpp_runner.py[pid:5388;line:140:_train_model] - CRITICAL: current best loglike on valid set is 1.6588 (updated at epoch-112)[0m
[38;20m2026-09-28 10:00:54,603 - tpp_runner.py[pid:5388;line:104:_train_model] - INFO: [ Epoch 149 (train) ]: train loglike is 1.8425839836426696, num_events is 66675, mark_ll is -1.4641629464285715, time_ll is 3.3067469154246343[0m
[38;20m2026-09-28 10:00:54,799 - tpp_runner.py[pid:5388;line:116:_train_model] - INFO: [ Epoch 149 (valid) ]:  valid loglike is 1.6369382585029455, num_events is 17018, mark_ll is -1.488381198744528, time_ll is 3.1253195146315664[0m
[38;20m2026-09-28 10:00:55,177 - tpp_runner.py[pid:5388;line:136:_train_model] - INFO: [ Epoch 149 (test) ]: test loglike is 2.272841667749963, num_events is 33655, mark_ll is -1.485639743467724, time_ll is 3.7584814112176868[0m
[31;1m2026-09-28 10:00:55,177 - tpp_runner.py[pid:5388;line:140:_train_model] - CRITICAL: current best loglike on valid set is 1.6588 (updated at epoch-112)[0m
[38;20m2026-09-28 10:01:00,347 - tpp_runner.py[pid:5388;line:104:_train_model] - INFO: [ Epoch 150 (train) ]: train loglike is 1.8348598795756, num_events is 66675, mark_ll is -1.464561949287589, time_ll is 3.2994217885850206[0m
[38;20m2026-09-28 10:01:00,547 - tpp_runner.py[pid:5388;line:116:_train_model] - INFO: [ Epoch 150 (valid) ]:  valid loglike is 1.627978485498351, num_events is 17018, mark_ll is -1.486792720965485, time_ll is 3.1147712853669645[0m
[38;20m2026-09-28 10:01:00,929 - tpp_runner.py[pid:5388;line:136:_train_model] - INFO: [ Epoch 150 (test) ]: test loglike is 2.281873064575286, num_events is 33655, mark_ll is -1.4825914966955598, time_ll is 3.764464499610013[0m
[31;1m2026-09-28 10:01:00,929 - tpp_runner.py[pid:5388;line:140:_train_model] - CRITICAL: current best loglike on valid set is 1.6588 (updated at epoch-112)[0m
[38;20m2026-09-28 10:01:06,040 - tpp_runner.py[pid:5388;line:104:_train_model] - INFO: [ Epoch 151 (train) ]: train loglike is 1.8347579282081927, num_events is 66675, mark_ll is -1.4633727619985002, time_ll is 3.2981306975299964[0m
[38;20m2026-09-28 10:01:06,239 - tpp_runner.py[pid:5388;line:116:_train_model] - INFO: [ Epoch 151 (valid) ]:  valid loglike is 1.6028625366340052, num_events is 17018, mark_ll is -1.486512557475908, time_ll is 3.0893751228019597[0m
[38;20m2026-09-28 10:01:06,623 - tpp_runner.py[pid:5388;line:136:_train_model] - INFO: [ Epoch 151 (test) ]: test loglike is 2.263583047130348, num_events is 33655, mark_ll is -1.4819328248031496, time_ll is 3.7455159082045757[0m
[31;1m2026-09-28 10:01:06,623 - tpp_runner.py[pid:5388;line:140:_train_model] - CRITICAL: current best loglike on valid set is 1.6588 (updated at epoch-112)[0m
[38;20m2026-09-28 10:01:11,778 - tpp_runner.py[pid:5388;line:104:_train_model] - INFO: [ Epoch 152 (train) ]: train loglike is 1.8358731135170603, num_events is 66675, mark_ll is -1.4644678228697976, time_ll is 3.300341016943195[0m
[38;20m2026-09-28 10:01:11,981 - tpp_runner.py[pid:5388;line:116:_train_model] - INFO: [ Epoch 152 (valid) ]:  valid loglike is 1.6031386258529572, num_events is 17018, mark_ll is -1.4877991303670195, time_ll is 3.090937720354918[0m
[38;20m2026-09-28 10:01:12,363 - tpp_runner.py[pid:5388;line:136:_train_model] - INFO: [ Epoch 152 (test) ]: test loglike is 2.282639697330913, num_events is 33655, mark_ll is -1.482141180382744, time_ll is 3.7647808849678723[0m
[31;1m2026-09-28 10:01:12,363 - tpp_runner.py[pid:5388;line:140:_train_model] - CRITICAL: current best loglike on valid set is 1.6588 (updated at epoch-112)[0m
[38;20m2026-09-28 10:01:17,501 - tpp_runner.py[pid:5388;line:104:_train_model] - INFO: [ Epoch 153 (train) ]: train loglike is 1.8373816480947693, num_events is 66675, mark_ll is -1.463877949094254, time_ll is 3.3012595495875514[0m
[38;20m2026-09-28 10:01:17,698 - tpp_runner.py[pid:5388;line:116:_train_model] - INFO: [ Epoch 153 (valid) ]:  valid loglike is 1.6450880550304274, num_events is 17018, mark_ll is -1.4878200110039737, time_ll is 3.1329082453596926[0m
[38;20m2026-09-28 10:01:18,075 - tpp_runner.py[pid:5388;line:136:_train_model] - INFO: [ Epoch 153 (test) ]: test loglike is 2.2832631246169774, num_events is 33655, mark_ll is -1.48271598991606, time_ll is 3.765979121787253[0m
[31;1m2026-09-28 10:01:18,075 - tpp_runner.py[pid:5388;line:140:_train_model] - CRITICAL: current best loglike on valid set is 1.6588 (updated at epoch-112)[0m
[38;20m2026-09-28 10:01:23,243 - tpp_runner.py[pid:5388;line:104:_train_model] - INFO: [ Epoch 154 (train) ]: train loglike is 1.852519827843785, num_events is 66675, mark_ll is -1.4646099608642669, time_ll is 3.317129836309524[0m
[38;20m2026-09-28 10:01:23,440 - tpp_runner.py[pid:5388;line:116:_train_model] - INFO: [ Epoch 154 (valid) ]:  valid loglike is 1.635186336480124, num_events is 17018, mark_ll is -1.48749266344367, time_ll is 3.1226791146919806[0m
[38;20m2026-09-28 10:01:23,823 - tpp_runner.py[pid:5388;line:136:_train_model] - INFO: [ Epoch 154 (test) ]: test loglike is 2.2916852326223816, num_events is 33655, mark_ll is -1.4827239078923544, time_ll is 3.7744091804129214[0m
[31;1m2026-09-28 10:01:23,823 - tpp_runner.py[pid:5388;line:140:_train_model] - CRITICAL: current best loglike on valid set is 1.6588 (updated at epoch-112)[0m
[38;20m2026-09-28 10:01:28,980 - tpp_runner.py[pid:5388;line:104:_train_model] - INFO: [ Epoch 155 (train) ]: train loglike is 1.8353836751851331, num_events is 66675, mark_ll is -1.4648460238856862, time_ll is 3.3002297173790778[0m
[38;20m2026-09-28 10:01:29,175 - tpp_runner.py[pid:5388;line:116:_train_model] - INFO: [ Epoch 155 (valid) ]:  valid loglike is 1.6402720160960087, num_events is 17018, mark_ll is -1.4877014698132125, time_ll is 3.127973485909221[0m
[38;20m2026-09-28 10:01:29,561 - tpp_runner.py[pid:5388;line:136:_train_model] - INFO: [ Epoch 155 (test) ]: test loglike is 2.2870977682550886, num_events is 33655, mark_ll is -1.4830742466061877, time_ll is 3.770171898793827[0m
[31;1m2026-09-28 10:01:29,561 - tpp_runner.py[pid:5388;line:140:_train_model] - CRITICAL: current best loglike on valid set is 1.6588 (updated at epoch-112)[0m
[38;20m2026-09-28 10:01:34,707 - tpp_runner.py[pid:5388;line:104:_train_model] - INFO: [ Epoch 156 (train) ]: train loglike is 1.8326300289124016, num_events is 66675, mark_ll is -1.465767020821616, time_ll is 3.2983970314257594[0m
[38;20m2026-09-28 10:01:34,903 - tpp_runner.py[pid:5388;line:116:_train_model] - INFO: [ Epoch 156 (valid) ]:  valid loglike is 1.6214991901382911, num_events is 17018, mark_ll is -1.4889380826780836, time_ll is 3.1104372943354095[0m
[38;20m2026-09-28 10:01:35,289 - tpp_runner.py[pid:5388;line:136:_train_model] - INFO: [ Epoch 156 (test) ]: test loglike is 2.2822155723634117, num_events is 33655, mark_ll is -1.4846416794727753, time_ll is 3.7668572663446183[0m
[31;1m2026-09-28 10:01:35,289 - tpp_runner.py[pid:5388;line:140:_train_model] - CRITICAL: current best loglike on valid set is 1.6588 (updated at epoch-112)[0m
[38;20m2026-09-28 10:01:40,412 - tpp_runner.py[pid:5388;line:104:_train_model] - INFO: [ Epoch 157 (train) ]: train loglike is 1.8412912558293495, num_events is 66675, mark_ll is -1.4672227214273996, time_ll is 3.3085140285198724[0m
[38;20m2026-09-28 10:01:40,601 - tpp_runner.py[pid:5388;line:116:_train_model] - INFO: [ Epoch 157 (valid) ]:  valid loglike is 1.6215428522602906, num_events is 17018, mark_ll is -1.4885437248428135, time_ll is 3.110086577103104[0m
[38;20m2026-09-28 10:01:40,999 - tpp_runner.py[pid:5388;line:136:_train_model] - INFO: [ Epoch 157 (test) ]: test loglike is 2.2763291246309056, num_events is 33655, mark_ll is -1.4827554818656217, time_ll is 3.759084664530252[0m
[31;1m2026-09-28 10:01:40,999 - tpp_runner.py[pid:5388;line:140:_train_model] - CRITICAL: current best loglike on valid set is 1.6588 (updated at epoch-112)[0m
[38;20m2026-09-28 10:01:46,460 - tpp_runner.py[pid:5388;line:104:_train_model] - INFO: [ Epoch 158 (train) ]: train loglike is 1.8397920914182602, num_events is 66675, mark_ll is -1.4673272945374016, time_ll is 3.307119371309055[0m
[38;20m2026-09-28 10:01:46,664 - tpp_runner.py[pid:5388;line:116:_train_model] - INFO: [ Epoch 158 (valid) ]:  valid loglike is 1.637886064399184, num_events is 17018, mark_ll is -1.4879647049952625, time_ll is 3.1258508052595047[0m
[38;20m2026-09-28 10:01:47,075 - tpp_runner.py[pid:5388;line:136:_train_model] - INFO: [ Epoch 158 (test) ]: test loglike is 2.269247504985097, num_events is 33655, mark_ll is -1.4833505596772396, time_ll is 3.752598039272582[0m
[31;1m2026-09-28 10:01:47,075 - tpp_runner.py[pid:5388;line:140:_train_model] - CRITICAL: current best loglike on valid set is 1.6588 (updated at epoch-112)[0m
[38;20m2026-09-28 10:01:52,400 - tpp_runner.py[pid:5388;line:104:_train_model] - INFO: [ Epoch 159 (train) ]: train loglike is 1.8433270206458567, num_events is 66675, mark_ll is -1.4671587230795369, time_ll is 3.3104857693569554[0m
[38;20m2026-09-28 10:01:52,625 - tpp_runner.py[pid:5388;line:116:_train_model] - INFO: [ Epoch 159 (valid) ]:  valid loglike is 1.6102997877018084, num_events is 17018, mark_ll is -1.4875524504958904, time_ll is 3.0978522023326405[0m
[38;20m2026-09-28 10:01:53,053 - tpp_runner.py[pid:5388;line:136:_train_model] - INFO: [ Epoch 159 (test) ]: test loglike is 2.280359327412346, num_events is 33655, mark_ll is -1.483194187806418, time_ll is 3.7635534571850395[0m
[31;1m2026-09-28 10:01:53,053 - tpp_runner.py[pid:5388;line:140:_train_model] - CRITICAL: current best loglike on valid set is 1.6588 (updated at epoch-112)[0m
[38;20m2026-09-28 10:01:58,548 - tpp_runner.py[pid:5388;line:104:_train_model] - INFO: [ Epoch 160 (train) ]: train loglike is 1.8452540453927635, num_events is 66675, mark_ll is -1.466366601635733, time_ll is 3.3116206030886763[0m
[38;20m2026-09-28 10:01:58,762 - tpp_runner.py[pid:5388;line:116:_train_model] - INFO: [ Epoch 160 (valid) ]:  valid loglike is 1.6321358339446652, num_events is 17018, mark_ll is -1.4874475093352444, time_ll is 3.119583314587863[0m
[38;20m2026-09-28 10:01:59,177 - tpp_runner.py[pid:5388;line:136:_train_model] - INFO: [ Epoch 160 (test) ]: test loglike is 2.2931178241299586, num_events is 33655, mark_ll is -1.4832330413850097, time_ll is 3.7763509090402616[0m
[31;1m2026-09-28 10:01:59,177 - tpp_runner.py[pid:5388;line:140:_train_model] - CRITICAL: current best loglike on valid set is 1.6588 (updated at epoch-112)[0m
[38;20m2026-09-28 10:02:04,602 - tpp_runner.py[pid:5388;line:104:_train_model] - INFO: [ Epoch 161 (train) ]: train loglike is 1.844859348636108, num_events is 66675, mark_ll is -1.4668848827978533, time_ll is 3.3117442643888264[0m
[38;20m2026-09-28 10:02:04,847 - tpp_runner.py[pid:5388;line:116:_train_model] - INFO: [ Epoch 161 (valid) ]:  valid loglike is 1.638102847157697, num_events is 17018, mark_ll is -1.4870854587445095, time_ll is 3.1251883632863[0m
[38;20m2026-09-28 10:02:05,267 - tpp_runner.py[pid:5388;line:136:_train_model] - INFO: [ Epoch 161 (test) ]: test loglike is 2.2779719977123105, num_events is 33655, mark_ll is -1.4829935216953276, time_ll is 3.7609655883226862[0m
[31;1m2026-09-28 10:02:05,267 - tpp_runner.py[pid:5388;line:140:_train_model] - CRITICAL: current best loglike on valid set is 1.6588 (updated at epoch-112)[0m
[38;20m2026-09-28 10:02:10,695 - tpp_runner.py[pid:5388;line:104:_train_model] - INFO: [ Epoch 162 (train) ]: train loglike is 1.8454384058926228, num_events is 66675, mark_ll is -1.4660544824475066, time_ll is 3.3114928407386577[0m
[38;20m2026-09-28 10:02:10,917 - tpp_runner.py[pid:5388;line:116:_train_model] - INFO: [ Epoch 162 (valid) ]:  valid loglike is 1.586407733952653, num_events is 17018, mark_ll is -1.487487943601995, time_ll is 3.0738957349387412[0m
[38;20m2026-09-28 10:02:11,353 - tpp_runner.py[pid:5388;line:136:_train_model] - INFO: [ Epoch 162 (test) ]: test loglike is 2.3012083818398548, num_events is 33655, mark_ll is -1.4844585395465013, time_ll is 3.7856667436580747[0m
[31;1m2026-09-28 10:02:11,353 - tpp_runner.py[pid:5388;line:140:_train_model] - CRITICAL: current best loglike on valid set is 1.6588 (updated at epoch-112)[0m
[38;20m2026-09-28 10:02:16,462 - tpp_runner.py[pid:5388;line:104:_train_model] - INFO: [ Epoch 163 (train) ]: train loglike is 1.8390824706482003, num_events is 66675, mark_ll is -1.4658703306617922, time_ll is 3.3049527793400824[0m
[38;20m2026-09-28 10:02:16,662 - tpp_runner.py[pid:5388;line:116:_train_model] - INFO: [ Epoch 163 (valid) ]:  valid loglike is 1.636708521285367, num_events is 17018, mark_ll is -1.4876482030285947, time_ll is 3.1243567530060083[0m
[38;20m2026-09-28 10:02:17,034 - tpp_runner.py[pid:5388;line:136:_train_model] - INFO: [ Epoch 163 (test) ]: test loglike is 2.2854251855338172, num_events is 33655, mark_ll is -1.4841671812323578, time_ll is 3.769592468325193[0m
[31;1m2026-09-28 10:02:17,034 - tpp_runner.py[pid:5388;line:140:_train_model] - CRITICAL: current best loglike on valid set is 1.6588 (updated at epoch-112)[0m
[38;20m2026-09-28 10:02:22,153 - tpp_runner.py[pid:5388;line:104:_train_model] - INFO: [ Epoch 164 (train) ]: train loglike is 1.8323858040694132, num_events is 66675, mark_ll is -1.4651223943686726, time_ll is 3.297508275332771[0m
[38;20m2026-09-28 10:02:22,350 - tpp_runner.py[pid:5388;line:116:_train_model] - INFO: [ Epoch 164 (valid) ]:  valid loglike is 1.6178443900621768, num_events is 17018, mark_ll is -1.4874845005563961, time_ll is 3.1053288762725497[0m
[38;20m2026-09-28 10:02:22,740 - tpp_runner.py[pid:5388;line:136:_train_model] - INFO: [ Epoch 164 (test) ]: test loglike is 2.2834351946102918, num_events is 33655, mark_ll is -1.4821282243537364, time_ll is 3.765563469743537[0m
[31;1m2026-09-28 10:02:22,740 - tpp_runner.py[pid:5388;line:140:_train_model] - CRITICAL: current best loglike on valid set is 1.6588 (updated at epoch-112)[0m
[38;20m2026-09-28 10:02:27,854 - tpp_runner.py[pid:5388;line:104:_train_model] - INFO: [ Epoch 165 (train) ]: train loglike is 1.8389887470120923, num_events is 66675, mark_ll is -1.4638724090152793, time_ll is 3.3028611999671917[0m
[38;20m2026-09-28 10:02:28,050 - tpp_runner.py[pid:5388;line:116:_train_model] - INFO: [ Epoch 165 (valid) ]:  valid loglike is 1.606422911184573, num_events is 17018, mark_ll is -1.487707437758917, time_ll is 3.094130270040362[0m
[38;20m2026-09-28 10:02:28,437 - tpp_runner.py[pid:5388;line:136:_train_model] - INFO: [ Epoch 165 (test) ]: test loglike is 2.2709014008470603, num_events is 33655, mark_ll is -1.4819210911094656, time_ll is 3.7528225137191726[0m
[31;1m2026-09-28 10:02:28,438 - tpp_runner.py[pid:5388;line:140:_train_model] - CRITICAL: current best loglike on valid set is 1.6588 (updated at epoch-112)[0m
[38;20m2026-09-28 10:02:33,563 - tpp_runner.py[pid:5388;line:104:_train_model] - INFO: [ Epoch 166 (train) ]: train loglike is 1.8339060449475066, num_events is 66675, mark_ll is -1.4635879536054086, time_ll is 3.297493980244657[0m
[38;20m2026-09-28 10:02:33,759 - tpp_runner.py[pid:5388;line:116:_train_model] - INFO: [ Epoch 166 (valid) ]:  valid loglike is 1.6088680689196733, num_events is 17018, mark_ll is -1.4877479867938543, time_ll is 3.0966160772325626[0m
[38;20m2026-09-28 10:02:34,135 - tpp_runner.py[pid:5388;line:136:_train_model] - INFO: [ Epoch 166 (test) ]: test loglike is 2.2702919560615062, num_events is 33655, mark_ll is -1.481943154806121, time_ll is 3.752235183409783[0m
[31;1m2026-09-28 10:02:34,135 - tpp_runner.py[pid:5388;line:140:_train_model] - CRITICAL: current best loglike on valid set is 1.6588 (updated at epoch-112)[0m
[38;20m2026-09-28 10:02:39,230 - tpp_runner.py[pid:5388;line:104:_train_model] - INFO: [ Epoch 167 (train) ]: train loglike is 1.8349598609744096, num_events is 66675, mark_ll is -1.4645679104565055, time_ll is 3.299527734814398[0m
[38;20m2026-09-28 10:02:39,420 - tpp_runner.py[pid:5388;line:116:_train_model] - INFO: [ Epoch 167 (valid) ]:  valid loglike is 1.630348929143958, num_events is 17018, mark_ll is -1.4877637602465037, time_ll is 3.1181127324285316[0m
[38;20m2026-09-28 10:02:39,813 - tpp_runner.py[pid:5388;line:136:_train_model] - INFO: [ Epoch 167 (test) ]: test loglike is 2.2913326160848593, num_events is 33655, mark_ll is -1.4816325365496397, time_ll is 3.7729651635158223[0m
[31;1m2026-09-28 10:02:39,813 - tpp_runner.py[pid:5388;line:140:_train_model] - CRITICAL: current best loglike on valid set is 1.6588 (updated at epoch-112)[0m
[38;20m2026-09-28 10:02:45,072 - tpp_runner.py[pid:5388;line:104:_train_model] - INFO: [ Epoch 168 (train) ]: train loglike is 1.840690477655137, num_events is 66675, mark_ll is -1.4633871669361642, time_ll is 3.3040775860048743[0m
[38;20m2026-09-28 10:02:45,301 - tpp_runner.py[pid:5388;line:116:_train_model] - INFO: [ Epoch 168 (valid) ]:  valid loglike is 1.6270225597529087, num_events is 17018, mark_ll is -1.487589635388357, time_ll is 3.1146122023142775[0m
[38;20m2026-09-28 10:02:45,709 - tpp_runner.py[pid:5388;line:136:_train_model] - INFO: [ Epoch 168 (test) ]: test loglike is 2.276208044518831, num_events is 33655, mark_ll is -1.48128412383004, time_ll is 3.7574921828573022[0m
[31;1m2026-09-28 10:02:45,709 - tpp_runner.py[pid:5388;line:140:_train_model] - CRITICAL: current best loglike on valid set is 1.6588 (updated at epoch-112)[0m
[38;20m2026-09-28 10:02:51,089 - tpp_runner.py[pid:5388;line:104:_train_model] - INFO: [ Epoch 169 (train) ]: train loglike is 1.8411731931946007, num_events is 66675, mark_ll is -1.4628460114360704, time_ll is 3.304019248570491[0m
[38;20m2026-09-28 10:02:51,295 - tpp_runner.py[pid:5388;line:116:_train_model] - INFO: [ Epoch 169 (valid) ]:  valid loglike is 1.5910080875993433, num_events is 17018, mark_ll is -1.4881213850890418, time_ll is 3.0791295085534434[0m
[38;20m2026-09-28 10:02:51,704 - tpp_runner.py[pid:5388;line:136:_train_model] - INFO: [ Epoch 169 (test) ]: test loglike is 2.2825296218638575, num_events is 33655, mark_ll is -1.4817591770179486, time_ll is 3.764288751729405[0m
[31;1m2026-09-28 10:02:51,706 - tpp_runner.py[pid:5388;line:140:_train_model] - CRITICAL: current best loglike on valid set is 1.6588 (updated at epoch-112)[0m
[38;20m2026-09-28 10:02:57,033 - tpp_runner.py[pid:5388;line:104:_train_model] - INFO: [ Epoch 170 (train) ]: train loglike is 1.83231761313039, num_events is 66675, mark_ll is -1.4641114636061117, time_ll is 3.2964290987064118[0m
[38;20m2026-09-28 10:02:57,253 - tpp_runner.py[pid:5388;line:116:_train_model] - INFO: [ Epoch 170 (valid) ]:  valid loglike is 1.6083039689363836, num_events is 17018, mark_ll is -1.4881465408409478, time_ll is 3.0964504667392614[0m
[38;20m2026-09-28 10:02:57,646 - tpp_runner.py[pid:5388;line:136:_train_model] - INFO: [ Epoch 170 (test) ]: test loglike is 2.274369866191641, num_events is 33655, mark_ll is -1.48254502619062, time_ll is 3.7569148706196143[0m
[31;1m2026-09-28 10:02:57,646 - tpp_runner.py[pid:5388;line:140:_train_model] - CRITICAL: current best loglike on valid set is 1.6588 (updated at epoch-112)[0m
[38;20m2026-09-28 10:03:03,038 - tpp_runner.py[pid:5388;line:104:_train_model] - INFO: [ Epoch 171 (train) ]: train loglike is 1.8246222713371767, num_events is 66675, mark_ll is -1.4642620343843737, time_ll is 3.288884331353112[0m
[38;20m2026-09-28 10:03:03,253 - tpp_runner.py[pid:5388;line:116:_train_model] - INFO: [ Epoch 171 (valid) ]:  valid loglike is 1.6233903044524547, num_events is 17018, mark_ll is -1.4881845793218027, time_ll is 3.111574933985339[0m
[38;20m2026-09-28 10:03:03,669 - tpp_runner.py[pid:5388;line:136:_train_model] - INFO: [ Epoch 171 (test) ]: test loglike is 2.2727575732559706, num_events is 33655, mark_ll is -1.4835127458018404, time_ll is 3.7562702755325175[0m
[31;1m2026-09-28 10:03:03,672 - tpp_runner.py[pid:5388;line:140:_train_model] - CRITICAL: current best loglike on valid set is 1.6588 (updated at epoch-112)[0m
[38;20m2026-09-28 10:03:09,078 - tpp_runner.py[pid:5388;line:104:_train_model] - INFO: [ Epoch 172 (train) ]: train loglike is 1.8308445379874392, num_events is 66675, mark_ll is -1.464015440452756, time_ll is 3.2948599052071614[0m
[38;20m2026-09-28 10:03:09,276 - tpp_runner.py[pid:5388;line:116:_train_model] - INFO: [ Epoch 172 (valid) ]:  valid loglike is 1.6059346657996312, num_events is 17018, mark_ll is -1.4891850351236557, time_ll is 3.095119700923287[0m
[38;20m2026-09-28 10:03:09,679 - tpp_runner.py[pid:5388;line:136:_train_model] - INFO: [ Epoch 172 (test) ]: test loglike is 2.260647748494605, num_events is 33655, mark_ll is -1.4835425316109698, time_ll is 3.7441902075634195[0m
[31;1m2026-09-28 10:03:09,680 - tpp_runner.py[pid:5388;line:140:_train_model] - CRITICAL: current best loglike on valid set is 1.6588 (updated at epoch-112)[0m
[38;20m2026-09-28 10:03:15,102 - tpp_runner.py[pid:5388;line:104:_train_model] - INFO: [ Epoch 173 (train) ]: train loglike is 1.8306687933539558, num_events is 66675, mark_ll is -1.4642565675384327, time_ll is 3.2949253169525683[0m
[38;20m2026-09-28 10:03:15,312 - tpp_runner.py[pid:5388;line:116:_train_model] - INFO: [ Epoch 173 (valid) ]:  valid loglike is 1.604634248996008, num_events is 17018, mark_ll is -1.4911793403836195, time_ll is 3.0958135033034875[0m
[38;20m2026-09-28 10:03:15,715 - tpp_runner.py[pid:5388;line:136:_train_model] - INFO: [ Epoch 173 (test) ]: test loglike is 2.2691478864697854, num_events is 33655, mark_ll is -1.4854036260051442, time_ll is 3.7545513964074804[0m
[31;1m2026-09-28 10:03:15,715 - tpp_runner.py[pid:5388;line:140:_train_model] - CRITICAL: current best loglike on valid set is 1.6588 (updated at epoch-112)[0m
[38;20m2026-09-28 10:03:21,062 - tpp_runner.py[pid:5388;line:104:_train_model] - INFO: [ Epoch 174 (train) ]: train loglike is 1.8181017045720846, num_events is 66675, mark_ll is -1.4653248434277746, time_ll is 3.283426573631421[0m
[38;20m2026-09-28 10:03:21,299 - tpp_runner.py[pid:5388;line:116:_train_model] - INFO: [ Epoch 174 (valid) ]:  valid loglike is 1.605538371251212, num_events is 17018, mark_ll is -1.4938813421473771, time_ll is 3.0994196344954608[0m
[38;20m2026-09-28 10:03:21,751 - tpp_runner.py[pid:5388;line:136:_train_model] - INFO: [ Epoch 174 (test) ]: test loglike is 2.2698242296313236, num_events is 33655, mark_ll is -1.4886723102529342, time_ll is 3.758496717612539[0m
[31;1m2026-09-28 10:03:21,751 - tpp_runner.py[pid:5388;line:140:_train_model] - CRITICAL: current best loglike on valid set is 1.6588 (updated at epoch-112)[0m
[38;20m2026-09-28 10:03:26,879 - tpp_runner.py[pid:5388;line:104:_train_model] - INFO: [ Epoch 175 (train) ]: train loglike is 1.8137147346327802, num_events is 66675, mark_ll is -1.465497061890701, time_ll is 3.279211778215223[0m
[38;20m2026-09-28 10:03:27,077 - tpp_runner.py[pid:5388;line:116:_train_model] - INFO: [ Epoch 175 (valid) ]:  valid loglike is 1.604473372690405, num_events is 17018, mark_ll is -1.4935354451789098, time_ll is 3.098008789177268[0m
[38;20m2026-09-28 10:03:27,462 - tpp_runner.py[pid:5388;line:136:_train_model] - INFO: [ Epoch 175 (test) ]: test loglike is 2.25805781943503, num_events is 33655, mark_ll is -1.4884465373017568, time_ll is 3.7465042660590924[0m
[31;1m2026-09-28 10:03:27,462 - tpp_runner.py[pid:5388;line:140:_train_model] - CRITICAL: current best loglike on valid set is 1.6588 (updated at epoch-112)[0m
[38;20m2026-09-28 10:03:32,576 - tpp_runner.py[pid:5388;line:104:_train_model] - INFO: [ Epoch 176 (train) ]: train loglike is 1.8246589610868953, num_events is 66675, mark_ll is -1.4650125338336615, time_ll is 3.2896714985822086[0m
[38;20m2026-09-28 10:03:32,782 - tpp_runner.py[pid:5388;line:116:_train_model] - INFO: [ Epoch 176 (valid) ]:  valid loglike is 1.6271656541625963, num_events is 17018, mark_ll is -1.4925384682877136, time_ll is 3.1197040650662164[0m
[38;20m2026-09-28 10:03:33,171 - tpp_runner.py[pid:5388;line:136:_train_model] - INFO: [ Epoch 176 (test) ]: test loglike is 2.2630328366420294, num_events is 33655, mark_ll is -1.4874527605482097, time_ll is 3.750485539156515[0m
[31;1m2026-09-28 10:03:33,171 - tpp_runner.py[pid:5388;line:140:_train_model] - CRITICAL: current best loglike on valid set is 1.6588 (updated at epoch-112)[0m
[38;20m2026-09-28 10:03:38,309 - tpp_runner.py[pid:5388;line:104:_train_model] - INFO: [ Epoch 177 (train) ]: train loglike is 1.8291774465691788, num_events is 66675, mark_ll is -1.4642280213020247, time_ll is 3.2934054385779903[0m
[38;20m2026-09-28 10:03:38,509 - tpp_runner.py[pid:5388;line:116:_train_model] - INFO: [ Epoch 177 (valid) ]:  valid loglike is 1.5831247612821717, num_events is 17018, mark_ll is -1.4922927998112292, time_ll is 3.075417675861588[0m
[38;20m2026-09-28 10:03:38,922 - tpp_runner.py[pid:5388;line:136:_train_model] - INFO: [ Epoch 177 (test) ]: test loglike is 2.2588607087600745, num_events is 33655, mark_ll is -1.486980779520595, time_ll is 3.745841513670424[0m
[31;1m2026-09-28 10:03:38,922 - tpp_runner.py[pid:5388;line:140:_train_model] - CRITICAL: current best loglike on valid set is 1.6588 (updated at epoch-112)[0m
[38;20m2026-09-28 10:03:44,754 - tpp_runner.py[pid:5388;line:104:_train_model] - INFO: [ Epoch 178 (train) ]: train loglike is 1.8200914570737252, num_events is 66675, mark_ll is -1.4648058189503657, time_ll is 3.284897239407574[0m
[38;20m2026-09-28 10:03:44,999 - tpp_runner.py[pid:5388;line:116:_train_model] - INFO: [ Epoch 178 (valid) ]:  valid loglike is 1.6023106235975328, num_events is 17018, mark_ll is -1.4928986467224041, time_ll is 3.0952092201088552[0m
[38;20m2026-09-28 10:03:45,468 - tpp_runner.py[pid:5388;line:136:_train_model] - INFO: [ Epoch 178 (test) ]: test loglike is 2.2671927520520727, num_events is 33655, mark_ll is -1.4877557582512348, time_ll is 3.7549484921677685[0m
[31;1m2026-09-28 10:03:45,468 - tpp_runner.py[pid:5388;line:140:_train_model] - CRITICAL: current best loglike on valid set is 1.6588 (updated at epoch-112)[0m
[38;20m2026-09-28 10:03:50,925 - tpp_runner.py[pid:5388;line:104:_train_model] - INFO: [ Epoch 179 (train) ]: train loglike is 1.823929303758905, num_events is 66675, mark_ll is -1.464018223308024, time_ll is 3.287947571006749[0m
[38;20m2026-09-28 10:03:51,145 - tpp_runner.py[pid:5388;line:116:_train_model] - INFO: [ Epoch 179 (valid) ]:  valid loglike is 1.6326525274938668, num_events is 17018, mark_ll is -1.4928097300698158, time_ll is 3.1254622145256126[0m
[38;20m2026-09-28 10:03:51,554 - tpp_runner.py[pid:5388;line:136:_train_model] - INFO: [ Epoch 179 (test) ]: test loglike is 2.2773998903742942, num_events is 33655, mark_ll is -1.488526065267048, time_ll is 3.7659258468281087[0m
[31;1m2026-09-28 10:03:51,554 - tpp_runner.py[pid:5388;line:140:_train_model] - CRITICAL: current best loglike on valid set is 1.6588 (updated at epoch-112)[0m
[38;20m2026-09-28 10:03:57,331 - tpp_runner.py[pid:5388;line:104:_train_model] - INFO: [ Epoch 180 (train) ]: train loglike is 1.8354057622679978, num_events is 66675, mark_ll is -1.464963090551181, time_ll is 3.3003688454958757[0m
[38;20m2026-09-28 10:03:57,568 - tpp_runner.py[pid:5388;line:116:_train_model] - INFO: [ Epoch 180 (valid) ]:  valid loglike is 1.6288402654657017, num_events is 17018, mark_ll is -1.4922585558535448, time_ll is 3.1210988428382813[0m
[38;20m2026-09-28 10:03:58,006 - tpp_runner.py[pid:5388;line:136:_train_model] - INFO: [ Epoch 180 (test) ]: test loglike is 2.281281802481058, num_events is 33655, mark_ll is -1.4881734487295257, time_ll is 3.769455225820829[0m
[31;1m2026-09-28 10:03:58,007 - tpp_runner.py[pid:5388;line:140:_train_model] - CRITICAL: current best loglike on valid set is 1.6588 (updated at epoch-112)[0m
[38;20m2026-09-28 10:04:03,394 - tpp_runner.py[pid:5388;line:104:_train_model] - INFO: [ Epoch 181 (train) ]: train loglike is 1.8326799335629922, num_events is 66675, mark_ll is -1.4653107460688508, time_ll is 3.2979907345566177[0m
[38;20m2026-09-28 10:04:03,586 - tpp_runner.py[pid:5388;line:116:_train_model] - INFO: [ Epoch 181 (valid) ]:  valid loglike is 1.6295691008348696, num_events is 17018, mark_ll is -1.4900146082686347, time_ll is 3.119583759314586[0m
[38;20m2026-09-28 10:04:03,982 - tpp_runner.py[pid:5388;line:136:_train_model] - INFO: [ Epoch 181 (test) ]: test loglike is 2.291686153907759, num_events is 33655, mark_ll is -1.4842853959292823, time_ll is 3.775971622379197[0m
[31;1m2026-09-28 10:04:03,982 - tpp_runner.py[pid:5388;line:140:_train_model] - CRITICAL: current best loglike on valid set is 1.6588 (updated at epoch-112)[0m
[38;20m2026-09-28 10:04:09,143 - tpp_runner.py[pid:5388;line:104:_train_model] - INFO: [ Epoch 182 (train) ]: train loglike is 1.8384331243262562, num_events is 66675, mark_ll is -1.4653467401047526, time_ll is 3.303779871754312[0m
[38;20m2026-09-28 10:04:09,341 - tpp_runner.py[pid:5388;line:116:_train_model] - INFO: [ Epoch 182 (valid) ]:  valid loglike is 1.5973102956474394, num_events is 17018, mark_ll is -1.4908202450736903, time_ll is 3.088130576586188[0m
[38;20m2026-09-28 10:04:09,719 - tpp_runner.py[pid:5388;line:136:_train_model] - INFO: [ Epoch 182 (test) ]: test loglike is 2.2650884854706765, num_events is 33655, mark_ll is -1.484996954680304, time_ll is 3.750085483676274[0m
[31;1m2026-09-28 10:04:09,719 - tpp_runner.py[pid:5388;line:140:_train_model] - CRITICAL: current best loglike on valid set is 1.6588 (updated at epoch-112)[0m
[38;20m2026-09-28 10:04:14,834 - tpp_runner.py[pid:5388;line:104:_train_model] - INFO: [ Epoch 183 (train) ]: train loglike is 1.8282799757452193, num_events is 66675, mark_ll is -1.4645711986197039, time_ll is 3.2928511377484067[0m
[38;20m2026-09-28 10:04:15,034 - tpp_runner.py[pid:5388;line:116:_train_model] - INFO: [ Epoch 183 (valid) ]:  valid loglike is 1.5931109563908434, num_events is 17018, mark_ll is -1.4922865449450582, time_ll is 3.085397429605785[0m
[38;20m2026-09-28 10:04:15,427 - tpp_runner.py[pid:5388;line:136:_train_model] - INFO: [ Epoch 183 (test) ]: test loglike is 2.2503144412280864, num_events is 33655, mark_ll is -1.4864803474595156, time_ll is 3.736794788687602[0m
[31;1m2026-09-28 10:04:15,427 - tpp_runner.py[pid:5388;line:140:_train_model] - CRITICAL: current best loglike on valid set is 1.6588 (updated at epoch-112)[0m
[38;20m2026-09-28 10:04:20,541 - tpp_runner.py[pid:5388;line:104:_train_model] - INFO: [ Epoch 184 (train) ]: train loglike is 1.8418402545873171, num_events is 66675, mark_ll is -1.465593128983877, time_ll is 3.3074334018794525[0m
[38;20m2026-09-28 10:04:20,739 - tpp_runner.py[pid:5388;line:116:_train_model] - INFO: [ Epoch 184 (valid) ]:  valid loglike is 1.6140014921011943, num_events is 17018, mark_ll is -1.493682413014896, time_ll is 3.107683976846207[0m
[38;20m2026-09-28 10:04:21,125 - tpp_runner.py[pid:5388;line:136:_train_model] - INFO: [ Epoch 184 (test) ]: test loglike is 2.2763147721654007, num_events is 33655, mark_ll is -1.4892016684985978, time_ll is 3.7655163536134117[0m
[31;1m2026-09-28 10:04:21,125 - tpp_runner.py[pid:5388;line:140:_train_model] - CRITICAL: current best loglike on valid set is 1.6588 (updated at epoch-112)[0m
[38;20m2026-09-28 10:04:26,249 - tpp_runner.py[pid:5388;line:104:_train_model] - INFO: [ Epoch 185 (train) ]: train loglike is 1.8242027375972534, num_events is 66675, mark_ll is -1.4656826453822178, time_ll is 3.289885353686258[0m
[38;20m2026-09-28 10:04:26,450 - tpp_runner.py[pid:5388;line:116:_train_model] - INFO: [ Epoch 185 (valid) ]:  valid loglike is 1.6254433853699943, num_events is 17018, mark_ll is -1.493452259762641, time_ll is 3.1188956666516705[0m
[38;20m2026-09-28 10:04:26,837 - tpp_runner.py[pid:5388;line:136:_train_model] - INFO: [ Epoch 185 (test) ]: test loglike is 2.2610621419319195, num_events is 33655, mark_ll is -1.4874449114869632, time_ll is 3.748507111452607[0m
[31;1m2026-09-28 10:04:26,837 - tpp_runner.py[pid:5388;line:140:_train_model] - CRITICAL: current best loglike on valid set is 1.6588 (updated at epoch-112)[0m
[38;20m2026-09-28 10:04:31,934 - tpp_runner.py[pid:5388;line:104:_train_model] - INFO: [ Epoch 186 (train) ]: train loglike is 1.8225396776574803, num_events is 66675, mark_ll is -1.4665084833145856, time_ll is 3.2890481902652793[0m
[38;20m2026-09-28 10:04:32,131 - tpp_runner.py[pid:5388;line:116:_train_model] - INFO: [ Epoch 186 (valid) ]:  valid loglike is 1.566186260905273, num_events is 17018, mark_ll is -1.493145333766545, time_ll is 3.0593316233638648[0m
[38;20m2026-09-28 10:04:32,511 - tpp_runner.py[pid:5388;line:136:_train_model] - INFO: [ Epoch 186 (test) ]: test loglike is 2.254432401882382, num_events is 33655, mark_ll is -1.4856689344311766, time_ll is 3.740101310923804[0m
[31;1m2026-09-28 10:04:32,511 - tpp_runner.py[pid:5388;line:140:_train_model] - CRITICAL: current best loglike on valid set is 1.6588 (updated at epoch-112)[0m
[38;20m2026-09-28 10:04:37,644 - tpp_runner.py[pid:5388;line:104:_train_model] - INFO: [ Epoch 187 (train) ]: train loglike is 1.809058911581365, num_events is 66675, mark_ll is -1.466542869885405, time_ll is 3.2756017192186913[0m
[38;20m2026-09-28 10:04:37,842 - tpp_runner.py[pid:5388;line:116:_train_model] - INFO: [ Epoch 187 (valid) ]:  valid loglike is 1.629504579594951, num_events is 17018, mark_ll is -1.4935789351486295, time_ll is 3.123083543435627[0m
[38;20m2026-09-28 10:04:38,230 - tpp_runner.py[pid:5388;line:136:_train_model] - INFO: [ Epoch 187 (test) ]: test loglike is 2.2663258732914873, num_events is 33655, mark_ll is -1.4856379516764782, time_ll is 3.751963795951103[0m
[31;1m2026-09-28 10:04:38,230 - tpp_runner.py[pid:5388;line:140:_train_model] - CRITICAL: current best loglike on valid set is 1.6588 (updated at epoch-112)[0m
[38;20m2026-09-28 10:04:43,359 - tpp_runner.py[pid:5388;line:104:_train_model] - INFO: [ Epoch 188 (train) ]: train loglike is 1.8255631876581833, num_events is 66675, mark_ll is -1.467937651592379, time_ll is 3.2935008246039557[0m
[38;20m2026-09-28 10:04:43,560 - tpp_runner.py[pid:5388;line:116:_train_model] - INFO: [ Epoch 188 (valid) ]:  valid loglike is 1.6039454677239724, num_events is 17018, mark_ll is -1.4928024279439418, time_ll is 3.0967478024187627[0m
[38;20m2026-09-28 10:04:43,952 - tpp_runner.py[pid:5388;line:136:_train_model] - INFO: [ Epoch 188 (test) ]: test loglike is 2.2717033870222663, num_events is 33655, mark_ll is -1.4850855213981948, time_ll is 3.7567888721493836[0m
[31;1m2026-09-28 10:04:43,952 - tpp_runner.py[pid:5388;line:140:_train_model] - CRITICAL: current best loglike on valid set is 1.6588 (updated at epoch-112)[0m
[38;20m2026-09-28 10:04:49,062 - tpp_runner.py[pid:5388;line:104:_train_model] - INFO: [ Epoch 189 (train) ]: train loglike is 1.8242833927985564, num_events is 66675, mark_ll is -1.4665976152395013, time_ll is 3.2908809860681476[0m
[38;20m2026-09-28 10:04:49,260 - tpp_runner.py[pid:5388;line:116:_train_model] - INFO: [ Epoch 189 (valid) ]:  valid loglike is 1.6162829975751778, num_events is 17018, mark_ll is -1.4922245916433152, time_ll is 3.108507582045481[0m
[38;20m2026-09-28 10:04:49,961 - tpp_runner.py[pid:5388;line:136:_train_model] - INFO: [ Epoch 189 (test) ]: test loglike is 2.2780644418084237, num_events is 33655, mark_ll is -1.4852345084775664, time_ll is 3.7632991824208886[0m
[31;1m2026-09-28 10:04:49,961 - tpp_runner.py[pid:5388;line:140:_train_model] - CRITICAL: current best loglike on valid set is 1.6588 (updated at epoch-112)[0m
[38;20m2026-09-28 10:04:55,059 - tpp_runner.py[pid:5388;line:104:_train_model] - INFO: [ Epoch 190 (train) ]: train loglike is 1.8345284817913385, num_events is 66675, mark_ll is -1.4647471922455007, time_ll is 3.2992756813601423[0m
[38;20m2026-09-28 10:04:55,259 - tpp_runner.py[pid:5388;line:116:_train_model] - INFO: [ Epoch 190 (valid) ]:  valid loglike is 1.6015218864079577, num_events is 17018, mark_ll is -1.4921362990427416, time_ll is 3.093658128066606[0m
[38;20m2026-09-28 10:04:55,648 - tpp_runner.py[pid:5388;line:136:_train_model] - INFO: [ Epoch 190 (test) ]: test loglike is 2.2679196244521616, num_events is 33655, mark_ll is -1.4851546613267903, time_ll is 3.7530742277452274[0m
[31;1m2026-09-28 10:04:55,648 - tpp_runner.py[pid:5388;line:140:_train_model] - CRITICAL: current best loglike on valid set is 1.6588 (updated at epoch-112)[0m
[38;20m2026-09-28 10:05:00,759 - tpp_runner.py[pid:5388;line:104:_train_model] - INFO: [ Epoch 191 (train) ]: train loglike is 1.8310946837211755, num_events is 66675, mark_ll is -1.465561712012561, time_ll is 3.296656443335208[0m
[38;20m2026-09-28 10:05:00,960 - tpp_runner.py[pid:5388;line:116:_train_model] - INFO: [ Epoch 191 (valid) ]:  valid loglike is 1.5935431590356535, num_events is 17018, mark_ll is -1.4920445562235574, time_ll is 3.0855877439512573[0m
[38;20m2026-09-28 10:05:01,349 - tpp_runner.py[pid:5388;line:136:_train_model] - INFO: [ Epoch 191 (test) ]: test loglike is 2.2662396569394407, num_events is 33655, mark_ll is -1.4849367809621528, time_ll is 3.751176314579929[0m
[31;1m2026-09-28 10:05:01,349 - tpp_runner.py[pid:5388;line:140:_train_model] - CRITICAL: current best loglike on valid set is 1.6588 (updated at epoch-112)[0m
[38;20m2026-09-28 10:05:06,475 - tpp_runner.py[pid:5388;line:104:_train_model] - INFO: [ Epoch 192 (train) ]: train loglike is 1.8198144824182134, num_events is 66675, mark_ll is -1.4658246332489688, time_ll is 3.285639097358924[0m
[38;20m2026-09-28 10:05:06,675 - tpp_runner.py[pid:5388;line:116:_train_model] - INFO: [ Epoch 192 (valid) ]:  valid loglike is 1.6250458283715221, num_events is 17018, mark_ll is -1.4923491940289326, time_ll is 3.1173950295734665[0m
[38;20m2026-09-28 10:05:07,063 - tpp_runner.py[pid:5388;line:136:_train_model] - INFO: [ Epoch 192 (test) ]: test loglike is 2.2702472410767345, num_events is 33655, mark_ll is -1.4849114057160897, time_ll is 3.7551586467928244[0m
[31;1m2026-09-28 10:05:07,063 - tpp_runner.py[pid:5388;line:140:_train_model] - CRITICAL: current best loglike on valid set is 1.6588 (updated at epoch-112)[0m
[38;20m2026-09-28 10:05:12,159 - tpp_runner.py[pid:5388;line:104:_train_model] - INFO: [ Epoch 193 (train) ]: train loglike is 1.832367601998969, num_events is 66675, mark_ll is -1.4670788734416012, time_ll is 3.29944643150075[0m
[38;20m2026-09-28 10:05:12,360 - tpp_runner.py[pid:5388;line:116:_train_model] - INFO: [ Epoch 193 (valid) ]:  valid loglike is 1.6147888197939773, num_events is 17018, mark_ll is -1.4929477244682101, time_ll is 3.107736569367728[0m
[38;20m2026-09-28 10:05:12,741 - tpp_runner.py[pid:5388;line:136:_train_model] - INFO: [ Epoch 193 (test) ]: test loglike is 2.2740743113137905, num_events is 33655, mark_ll is -1.4856785535210222, time_ll is 3.759752727004717[0m
[31;1m2026-09-28 10:05:12,741 - tpp_runner.py[pid:5388;line:140:_train_model] - CRITICAL: current best loglike on valid set is 1.6588 (updated at epoch-112)[0m
[38;20m2026-09-28 10:05:17,855 - tpp_runner.py[pid:5388;line:104:_train_model] - INFO: [ Epoch 194 (train) ]: train loglike is 1.821195060578365, num_events is 66675, mark_ll is -1.4650016880214192, time_ll is 3.286196744938133[0m
[38;20m2026-09-28 10:05:18,038 - tpp_runner.py[pid:5388;line:116:_train_model] - INFO: [ Epoch 194 (valid) ]:  valid loglike is 1.6185357249263648, num_events is 17018, mark_ll is -1.4932357495785713, time_ll is 3.111771503196983[0m
[38;20m2026-09-28 10:05:18,438 - tpp_runner.py[pid:5388;line:136:_train_model] - INFO: [ Epoch 194 (test) ]: test loglike is 2.2758262442720714, num_events is 33655, mark_ll is -1.4871852903659375, time_ll is 3.7630115092482543[0m
[31;1m2026-09-28 10:05:18,438 - tpp_runner.py[pid:5388;line:140:_train_model] - CRITICAL: current best loglike on valid set is 1.6588 (updated at epoch-112)[0m
[38;20m2026-09-28 10:05:23,538 - tpp_runner.py[pid:5388;line:104:_train_model] - INFO: [ Epoch 195 (train) ]: train loglike is 1.8379193616422946, num_events is 66675, mark_ll is -1.464542861097441, time_ll is 3.3024622337246905[0m
[38;20m2026-09-28 10:05:23,740 - tpp_runner.py[pid:5388;line:116:_train_model] - INFO: [ Epoch 195 (valid) ]:  valid loglike is 1.5947513022172295, num_events is 17018, mark_ll is -1.4929970891344826, time_ll is 3.0877483841787003[0m
[38;20m2026-09-28 10:05:24,139 - tpp_runner.py[pid:5388;line:136:_train_model] - INFO: [ Epoch 195 (test) ]: test loglike is 2.264478968142967, num_events is 33655, mark_ll is -1.4870407573749258, time_ll is 3.751519772670294[0m
[31;1m2026-09-28 10:05:24,139 - tpp_runner.py[pid:5388;line:140:_train_model] - CRITICAL: current best loglike on valid set is 1.6588 (updated at epoch-112)[0m
[38;20m2026-09-28 10:05:29,259 - tpp_runner.py[pid:5388;line:104:_train_model] - INFO: [ Epoch 196 (train) ]: train loglike is 1.8177402006878047, num_events is 66675, mark_ll is -1.4648549180375892, time_ll is 3.282595100417135[0m
[38;20m2026-09-28 10:05:29,455 - tpp_runner.py[pid:5388;line:116:_train_model] - INFO: [ Epoch 196 (valid) ]:  valid loglike is 1.5983549945852369, num_events is 17018, mark_ll is -1.4926128595916823, time_ll is 3.0909678900419775[0m
[38;20m2026-09-28 10:05:29,839 - tpp_runner.py[pid:5388;line:136:_train_model] - INFO: [ Epoch 196 (test) ]: test loglike is 2.2842134196023993, num_events is 33655, mark_ll is -1.4865437347951642, time_ll is 3.7707572414481505[0m
[31;1m2026-09-28 10:05:29,839 - tpp_runner.py[pid:5388;line:140:_train_model] - CRITICAL: current best loglike on valid set is 1.6588 (updated at epoch-112)[0m
[38;20m2026-09-28 10:05:34,939 - tpp_runner.py[pid:5388;line:104:_train_model] - INFO: [ Epoch 197 (train) ]: train loglike is 1.8283899351448256, num_events is 66675, mark_ll is -1.4656956662155511, time_ll is 3.2940856123453317[0m
[38;20m2026-09-28 10:05:35,139 - tpp_runner.py[pid:5388;line:116:_train_model] - INFO: [ Epoch 197 (valid) ]:  valid loglike is 1.6460896513411352, num_events is 17018, mark_ll is -1.4926949260181315, time_ll is 3.1387846060513134[0m
[38;20m2026-09-28 10:05:35,539 - tpp_runner.py[pid:5388;line:136:_train_model] - INFO: [ Epoch 197 (test) ]: test loglike is 2.2756579863690387, num_events is 33655, mark_ll is -1.4863166560851842, time_ll is 3.7619745844204986[0m
[31;1m2026-09-28 10:05:35,540 - tpp_runner.py[pid:5388;line:140:_train_model] - CRITICAL: current best loglike on valid set is 1.6588 (updated at epoch-112)[0m
[38;20m2026-09-28 10:05:40,644 - tpp_runner.py[pid:5388;line:104:_train_model] - INFO: [ Epoch 198 (train) ]: train loglike is 1.836050169021841, num_events is 66675, mark_ll is -1.4653373296599643, time_ll is 3.301387458403637[0m
[38;20m2026-09-28 10:05:40,839 - tpp_runner.py[pid:5388;line:116:_train_model] - INFO: [ Epoch 198 (valid) ]:  valid loglike is 1.6014840559444412, num_events is 17018, mark_ll is -1.4933023438188608, time_ll is 3.094786399763302[0m
[38;20m2026-09-28 10:05:41,223 - tpp_runner.py[pid:5388;line:136:_train_model] - INFO: [ Epoch 198 (test) ]: test loglike is 2.253489625891398, num_events is 33655, mark_ll is -1.4876935388442931, time_ll is 3.741183233650739[0m
[31;1m2026-09-28 10:05:41,223 - tpp_runner.py[pid:5388;line:140:_train_model] - CRITICAL: current best loglike on valid set is 1.6588 (updated at epoch-112)[0m
[38;20m2026-09-28 10:05:46,339 - tpp_runner.py[pid:5388;line:104:_train_model] - INFO: [ Epoch 199 (train) ]: train loglike is 1.8369122902605923, num_events is 66675, mark_ll is -1.464503699732846, time_ll is 3.3014159899934383[0m
[38;20m2026-09-28 10:05:46,539 - tpp_runner.py[pid:5388;line:116:_train_model] - INFO: [ Epoch 199 (valid) ]:  valid loglike is 1.6053935696647483, num_events is 17018, mark_ll is -1.4933711545197548, time_ll is 3.098764638108363[0m
[38;20m2026-09-28 10:05:46,922 - tpp_runner.py[pid:5388;line:136:_train_model] - INFO: [ Epoch 199 (test) ]: test loglike is 2.264356821661204, num_events is 33655, mark_ll is -1.4880667065745246, time_ll is 3.7524234883375427[0m
[31;1m2026-09-28 10:05:46,922 - tpp_runner.py[pid:5388;line:140:_train_model] - CRITICAL: current best loglike on valid set is 1.6588 (updated at epoch-112)[0m
[38;20m2026-09-28 10:05:52,037 - tpp_runner.py[pid:5388;line:104:_train_model] - INFO: [ Epoch 200 (train) ]: train loglike is 1.831046565956599, num_events is 66675, mark_ll is -1.464332136705568, time_ll is 3.295378629429134[0m
[38;20m2026-09-28 10:05:52,238 - tpp_runner.py[pid:5388;line:116:_train_model] - INFO: [ Epoch 200 (valid) ]:  valid loglike is 1.6080648781115952, num_events is 17018, mark_ll is -1.4936064508213729, time_ll is 3.101671199818758[0m
[38;20m2026-09-28 10:05:52,614 - tpp_runner.py[pid:5388;line:136:_train_model] - INFO: [ Epoch 200 (test) ]: test loglike is 2.289395036868825, num_events is 33655, mark_ll is -1.4883249639030234, time_ll is 3.777719910094154[0m
[31;1m2026-09-28 10:05:52,614 - tpp_runner.py[pid:5388;line:140:_train_model] - CRITICAL: current best loglike on valid set is 1.6588 (updated at epoch-112)[0m
[38;20m2026-09-28 10:05:57,789 - tpp_runner.py[pid:5388;line:104:_train_model] - INFO: [ Epoch 201 (train) ]: train loglike is 1.825368054579115, num_events is 66675, mark_ll is -1.4639627383002907, time_ll is 3.2893307526012374[0m
[38;20m2026-09-28 10:05:57,978 - tpp_runner.py[pid:5388;line:116:_train_model] - INFO: [ Epoch 201 (valid) ]:  valid loglike is 1.591666964585751, num_events is 17018, mark_ll is -1.4931050429600277, time_ll is 3.0847720721028837[0m
[38;20m2026-09-28 10:05:58,380 - tpp_runner.py[pid:5388;line:136:_train_model] - INFO: [ Epoch 201 (test) ]: test loglike is 2.26952501137461, num_events is 33655, mark_ll is -1.4878260878711838, time_ll is 3.757351059347608[0m
[31;1m2026-09-28 10:05:58,380 - tpp_runner.py[pid:5388;line:140:_train_model] - CRITICAL: current best loglike on valid set is 1.6588 (updated at epoch-112)[0m
[38;20m2026-09-28 10:06:03,592 - tpp_runner.py[pid:5388;line:104:_train_model] - INFO: [ Epoch 202 (train) ]: train loglike is 1.8271804696287963, num_events is 66675, mark_ll is -1.4654473366610423, time_ll is 3.2926277769966252[0m
[38;20m2026-09-28 10:06:03,791 - tpp_runner.py[pid:5388;line:116:_train_model] - INFO: [ Epoch 202 (valid) ]:  valid loglike is 1.6202317978803693, num_events is 17018, mark_ll is -1.4931078691266233, time_ll is 3.113339724391086[0m
[38;20m2026-09-28 10:06:04,181 - tpp_runner.py[pid:5388;line:136:_train_model] - INFO: [ Epoch 202 (test) ]: test loglike is 2.2549910127523307, num_events is 33655, mark_ll is -1.4879808384248254, time_ll is 3.7429718402958327[0m
[31;1m2026-09-28 10:06:04,181 - tpp_runner.py[pid:5388;line:140:_train_model] - CRITICAL: current best loglike on valid set is 1.6588 (updated at epoch-112)[0m
[38;20m2026-09-28 10:06:09,401 - tpp_runner.py[pid:5388;line:104:_train_model] - INFO: [ Epoch 203 (train) ]: train loglike is 1.8249637496484814, num_events is 66675, mark_ll is -1.4636142076478722, time_ll is 3.2885779609580053[0m
[38;20m2026-09-28 10:06:09,598 - tpp_runner.py[pid:5388;line:116:_train_model] - INFO: [ Epoch 203 (valid) ]:  valid loglike is 1.59434112789124, num_events is 17018, mark_ll is -1.4933212590506193, time_ll is 3.087662308038731[0m
[38;20m2026-09-28 10:06:09,988 - tpp_runner.py[pid:5388;line:136:_train_model] - INFO: [ Epoch 203 (test) ]: test loglike is 2.251032847958606, num_events is 33655, mark_ll is -1.4885208821300233, time_ll is 3.739553697444659[0m
[31;1m2026-09-28 10:06:09,988 - tpp_runner.py[pid:5388;line:140:_train_model] - CRITICAL: current best loglike on valid set is 1.6588 (updated at epoch-112)[0m
[38;20m2026-09-28 10:06:15,164 - tpp_runner.py[pid:5388;line:104:_train_model] - INFO: [ Epoch 204 (train) ]: train loglike is 1.8277302593035245, num_events is 66675, mark_ll is -1.4657385807731065, time_ll is 3.293468916971316[0m
[38;20m2026-09-28 10:06:15,370 - tpp_runner.py[pid:5388;line:116:_train_model] - INFO: [ Epoch 204 (valid) ]:  valid loglike is 1.6212763461849218, num_events is 17018, mark_ll is -1.4943007481393782, time_ll is 3.1155771445353815[0m
[38;20m2026-09-28 10:06:15,757 - tpp_runner.py[pid:5388;line:136:_train_model] - INFO: [ Epoch 204 (test) ]: test loglike is 2.2724665957881443, num_events is 33655, mark_ll is -1.488422409780772, time_ll is 3.760889056348425[0m
[31;1m2026-09-28 10:06:15,757 - tpp_runner.py[pid:5388;line:140:_train_model] - CRITICAL: current best loglike on valid set is 1.6588 (updated at epoch-112)[0m
[38;20m2026-09-28 10:06:20,945 - tpp_runner.py[pid:5388;line:104:_train_model] - INFO: [ Epoch 205 (train) ]: train loglike is 1.8077170517259562, num_events is 66675, mark_ll is -1.4653612146137982, time_ll is 3.2730782333848896[0m
[38;20m2026-09-28 10:06:21,143 - tpp_runner.py[pid:5388;line:116:_train_model] - INFO: [ Epoch 205 (valid) ]:  valid loglike is 1.6139075686864643, num_events is 17018, mark_ll is -1.4950435780543028, time_ll is 3.1089511037026973[0m
[38;20m2026-09-28 10:06:21,531 - tpp_runner.py[pid:5388;line:136:_train_model] - INFO: [ Epoch 205 (test) ]: test loglike is 2.273512247437231, num_events is 33655, mark_ll is -1.4886512621464585, time_ll is 3.7621635930071684[0m
[31;1m2026-09-28 10:06:21,531 - tpp_runner.py[pid:5388;line:140:_train_model] - CRITICAL: current best loglike on valid set is 1.6588 (updated at epoch-112)[0m
[38;20m2026-09-28 10:06:26,656 - tpp_runner.py[pid:5388;line:104:_train_model] - INFO: [ Epoch 206 (train) ]: train loglike is 1.8163008310484627, num_events is 66675, mark_ll is -1.467738992342754, time_ll is 3.284039797759655[0m
[38;20m2026-09-28 10:06:26,839 - tpp_runner.py[pid:5388;line:116:_train_model] - INFO: [ Epoch 206 (valid) ]:  valid loglike is 1.6322648692514912, num_events is 17018, mark_ll is -1.49606560310223, time_ll is 3.1283304866997446[0m
[38;20m2026-09-28 10:06:27,239 - tpp_runner.py[pid:5388;line:136:_train_model] - INFO: [ Epoch 206 (test) ]: test loglike is 2.257148144429691, num_events is 33655, mark_ll is -1.489162397802611, time_ll is 3.746310491452793[0m
[31;1m2026-09-28 10:06:27,239 - tpp_runner.py[pid:5388;line:140:_train_model] - CRITICAL: current best loglike on valid set is 1.6588 (updated at epoch-112)[0m
[38;20m2026-09-28 10:06:32,389 - tpp_runner.py[pid:5388;line:104:_train_model] - INFO: [ Epoch 207 (train) ]: train loglike is 1.8020320958415355, num_events is 66675, mark_ll is -1.4700436688577991, time_ll is 3.272075826947413[0m
[38;20m2026-09-28 10:06:32,601 - tpp_runner.py[pid:5388;line:116:_train_model] - INFO: [ Epoch 207 (valid) ]:  valid loglike is 1.5858705758011737, num_events is 17018, mark_ll is -1.4968261575289767, time_ll is 3.0826968194062903[0m
[38;20m2026-09-28 10:06:32,989 - tpp_runner.py[pid:5388;line:136:_train_model] - INFO: [ Epoch 207 (test) ]: test loglike is 2.2528936376757263, num_events is 33655, mark_ll is -1.489165110879234, time_ll is 3.742058752182068[0m
[31;1m2026-09-28 10:06:32,989 - tpp_runner.py[pid:5388;line:140:_train_model] - CRITICAL: current best loglike on valid set is 1.6588 (updated at epoch-112)[0m
[38;20m2026-09-28 10:06:38,146 - tpp_runner.py[pid:5388;line:104:_train_model] - INFO: [ Epoch 208 (train) ]: train loglike is 1.8065665314784871, num_events is 66675, mark_ll is -1.4694897195467753, time_ll is 3.2760562620102176[0m
[38;20m2026-09-28 10:06:38,339 - tpp_runner.py[pid:5388;line:116:_train_model] - INFO: [ Epoch 208 (valid) ]:  valid loglike is 1.5890975272505583, num_events is 17018, mark_ll is -1.4947238769244329, time_ll is 3.0838214328670377[0m
[38;20m2026-09-28 10:06:38,735 - tpp_runner.py[pid:5388;line:136:_train_model] - INFO: [ Epoch 208 (test) ]: test loglike is 2.2597082223921965, num_events is 33655, mark_ll is -1.4889609083380535, time_ll is 3.748669214153729[0m
[31;1m2026-09-28 10:06:38,735 - tpp_runner.py[pid:5388;line:140:_train_model] - CRITICAL: current best loglike on valid set is 1.6588 (updated at epoch-112)[0m
[38;20m2026-09-28 10:06:43,929 - tpp_runner.py[pid:5388;line:104:_train_model] - INFO: [ Epoch 209 (train) ]: train loglike is 1.820360720290823, num_events is 66675, mark_ll is -1.4673072323479097, time_ll is 3.2876679672853393[0m
[38;20m2026-09-28 10:06:44,116 - tpp_runner.py[pid:5388;line:116:_train_model] - INFO: [ Epoch 209 (valid) ]:  valid loglike is 1.565325234104147, num_events is 17018, mark_ll is -1.4947217035018987, time_ll is 3.060046930433034[0m
[38;20m2026-09-28 10:06:44,506 - tpp_runner.py[pid:5388;line:136:_train_model] - INFO: [ Epoch 209 (test) ]: test loglike is 2.261817657602186, num_events is 33655, mark_ll is -1.4893450952217353, time_ll is 3.751162785467891[0m
[31;1m2026-09-28 10:06:44,506 - tpp_runner.py[pid:5388;line:140:_train_model] - CRITICAL: current best loglike on valid set is 1.6588 (updated at epoch-112)[0m
[38;20m2026-09-28 10:06:49,637 - tpp_runner.py[pid:5388;line:104:_train_model] - INFO: [ Epoch 210 (train) ]: train loglike is 1.820373038087036, num_events is 66675, mark_ll is -1.467961170381046, time_ll is 3.288334168189914[0m
[38;20m2026-09-28 10:06:49,828 - tpp_runner.py[pid:5388;line:116:_train_model] - INFO: [ Epoch 210 (valid) ]:  valid loglike is 1.587894233024867, num_events is 17018, mark_ll is -1.4941546482378034, time_ll is 3.0820488956086938[0m
[38;20m2026-09-28 10:06:50,223 - tpp_runner.py[pid:5388;line:136:_train_model] - INFO: [ Epoch 210 (test) ]: test loglike is 2.2606063994658574, num_events is 33655, mark_ll is -1.490175985818879, time_ll is 3.7507823526407664[0m
[31;1m2026-09-28 10:06:50,223 - tpp_runner.py[pid:5388;line:140:_train_model] - CRITICAL: current best loglike on valid set is 1.6588 (updated at epoch-112)[0m
[38;20m2026-09-28 10:06:55,396 - tpp_runner.py[pid:5388;line:104:_train_model] - INFO: [ Epoch 211 (train) ]: train loglike is 1.8337721456692913, num_events is 66675, mark_ll is -1.4668636049400074, time_ll is 3.3006357945491187[0m
[38;20m2026-09-28 10:06:55,595 - tpp_runner.py[pid:5388;line:116:_train_model] - INFO: [ Epoch 211 (valid) ]:  valid loglike is 1.597721129890502, num_events is 17018, mark_ll is -1.4945458858129994, time_ll is 3.0922669654924198[0m
[38;20m2026-09-28 10:06:55,973 - tpp_runner.py[pid:5388;line:136:_train_model] - INFO: [ Epoch 211 (test) ]: test loglike is 2.2778950631290855, num_events is 33655, mark_ll is -1.4918705995928354, time_ll is 3.7697656046881964[0m
[31;1m2026-09-28 10:06:55,973 - tpp_runner.py[pid:5388;line:140:_train_model] - CRITICAL: current best loglike on valid set is 1.6588 (updated at epoch-112)[0m
[38;20m2026-09-28 10:07:01,170 - tpp_runner.py[pid:5388;line:104:_train_model] - INFO: [ Epoch 212 (train) ]: train loglike is 1.8306890056711662, num_events is 66675, mark_ll is -1.4662952836461849, time_ll is 3.2969842929790025[0m
[38;20m2026-09-28 10:07:01,362 - tpp_runner.py[pid:5388;line:116:_train_model] - INFO: [ Epoch 212 (valid) ]:  valid loglike is 1.628828537591631, num_events is 17018, mark_ll is -1.4931631587005303, time_ll is 3.1219916962921612[0m
[38;20m2026-09-28 10:07:01,763 - tpp_runner.py[pid:5388;line:136:_train_model] - INFO: [ Epoch 212 (test) ]: test loglike is 2.273997873644332, num_events is 33655, mark_ll is -1.4898939999512517, time_ll is 3.7638919098666617[0m
[31;1m2026-09-28 10:07:01,763 - tpp_runner.py[pid:5388;line:140:_train_model] - CRITICAL: current best loglike on valid set is 1.6588 (updated at epoch-112)[0m
[38;20m2026-09-28 10:07:06,928 - tpp_runner.py[pid:5388;line:104:_train_model] - INFO: [ Epoch 213 (train) ]: train loglike is 1.8302286701467003, num_events is 66675, mark_ll is -1.4662007288151482, time_ll is 3.2964293769919384[0m
[38;20m2026-09-28 10:07:07,117 - tpp_runner.py[pid:5388;line:116:_train_model] - INFO: [ Epoch 213 (valid) ]:  valid loglike is 1.6243310664512391, num_events is 17018, mark_ll is -1.4931401189870652, time_ll is 3.117471235649386[0m
[38;20m2026-09-28 10:07:07,529 - tpp_runner.py[pid:5388;line:136:_train_model] - INFO: [ Epoch 213 (test) ]: test loglike is 2.2676223793420833, num_events is 33655, mark_ll is -1.4901396820970603, time_ll is 3.7577620469307123[0m
[31;1m2026-09-28 10:07:07,529 - tpp_runner.py[pid:5388;line:140:_train_model] - CRITICAL: current best loglike on valid set is 1.6588 (updated at epoch-112)[0m
[38;20m2026-09-28 10:07:12,713 - tpp_runner.py[pid:5388;line:104:_train_model] - INFO: [ Epoch 214 (train) ]: train loglike is 1.8309928275567116, num_events is 66675, mark_ll is -1.4658299939070116, time_ll is 3.29682281414042[0m
[38;20m2026-09-28 10:07:12,913 - tpp_runner.py[pid:5388;line:116:_train_model] - INFO: [ Epoch 214 (valid) ]:  valid loglike is 1.614573432186233, num_events is 17018, mark_ll is -1.4927936768697114, time_ll is 3.1073670158067928[0m
[38;20m2026-09-28 10:07:13,494 - tpp_runner.py[pid:5388;line:136:_train_model] - INFO: [ Epoch 214 (test) ]: test loglike is 2.267322384884304, num_events is 33655, mark_ll is -1.4892984433614063, time_ll is 3.7566208209914946[0m
[31;1m2026-09-28 10:07:13,494 - tpp_runner.py[pid:5388;line:140:_train_model] - CRITICAL: current best loglike on valid set is 1.6588 (updated at epoch-112)[0m
[38;20m2026-09-28 10:07:18,656 - tpp_runner.py[pid:5388;line:104:_train_model] - INFO: [ Epoch 215 (train) ]: train loglike is 1.8162038631889763, num_events is 66675, mark_ll is -1.4654085268150074, time_ll is 3.2816123497258154[0m
[38;20m2026-09-28 10:07:18,846 - tpp_runner.py[pid:5388;line:116:_train_model] - INFO: [ Epoch 215 (valid) ]:  valid loglike is 1.6242727140013515, num_events is 17018, mark_ll is -1.4930655411847933, time_ll is 3.11733827670518[0m
[38;20m2026-09-28 10:07:19,248 - tpp_runner.py[pid:5388;line:136:_train_model] - INFO: [ Epoch 215 (test) ]: test loglike is 2.266336330243231, num_events is 33655, mark_ll is -1.4884788911031979, time_ll is 3.75481520321089[0m
[31;1m2026-09-28 10:07:19,248 - tpp_runner.py[pid:5388;line:140:_train_model] - CRITICAL: current best loglike on valid set is 1.6588 (updated at epoch-112)[0m
[38;20m2026-09-28 10:07:24,392 - tpp_runner.py[pid:5388;line:104:_train_model] - INFO: [ Epoch 216 (train) ]: train loglike is 1.8139819216933821, num_events is 66675, mark_ll is -1.4664690985892388, time_ll is 3.2804510495758343[0m
[38;20m2026-09-28 10:07:24,590 - tpp_runner.py[pid:5388;line:116:_train_model] - INFO: [ Epoch 216 (valid) ]:  valid loglike is 1.6227378473114864, num_events is 17018, mark_ll is -1.495326969399129, time_ll is 3.118064888440732[0m
[38;20m2026-09-28 10:07:24,990 - tpp_runner.py[pid:5388;line:136:_train_model] - INFO: [ Epoch 216 (test) ]: test loglike is 2.2767839893368835, num_events is 33655, mark_ll is -1.488369247261969, time_ll is 3.765153323649439[0m
[31;1m2026-09-28 10:07:25,090 - tpp_runner.py[pid:5388;line:140:_train_model] - CRITICAL: current best loglike on valid set is 1.6588 (updated at epoch-112)[0m
[38;20m2026-09-28 10:07:30,257 - tpp_runner.py[pid:5388;line:104:_train_model] - INFO: [ Epoch 217 (train) ]: train loglike is 1.8135928492336895, num_events is 66675, mark_ll is -1.4686999378983876, time_ll is 3.2822927505155604[0m
[38;20m2026-09-28 10:07:30,475 - tpp_runner.py[pid:5388;line:116:_train_model] - INFO: [ Epoch 217 (valid) ]:  valid loglike is 1.6149460199311023, num_events is 17018, mark_ll is -1.4956856343283582, time_ll is 3.110631682951507[0m
[38;20m2026-09-28 10:07:30,858 - tpp_runner.py[pid:5388;line:136:_train_model] - INFO: [ Epoch 217 (test) ]: test loglike is 2.279026836825416, num_events is 33655, mark_ll is -1.4885111469727288, time_ll is 3.7675380019336835[0m
[31;1m2026-09-28 10:07:30,858 - tpp_runner.py[pid:5388;line:140:_train_model] - CRITICAL: current best loglike on valid set is 1.6588 (updated at epoch-112)[0m
[38;20m2026-09-28 10:07:35,992 - tpp_runner.py[pid:5388;line:104:_train_model] - INFO: [ Epoch 218 (train) ]: train loglike is 1.8141155207161606, num_events is 66675, mark_ll is -1.4694693937183634, time_ll is 3.2835849400660857[0m
[38;20m2026-09-28 10:07:36,190 - tpp_runner.py[pid:5388;line:116:_train_model] - INFO: [ Epoch 218 (valid) ]:  valid loglike is 1.6231054211212026, num_events is 17018, mark_ll is -1.4966617807936817, time_ll is 3.1197672162609074[0m
[38;20m2026-09-28 10:07:36,590 - tpp_runner.py[pid:5388;line:136:_train_model] - INFO: [ Epoch 218 (test) ]: test loglike is 2.275077946546297, num_events is 33655, mark_ll is -1.4881424768561506, time_ll is 3.7632204886903877[0m
[31;1m2026-09-28 10:07:36,590 - tpp_runner.py[pid:5388;line:140:_train_model] - CRITICAL: current best loglike on valid set is 1.6588 (updated at epoch-112)[0m
[38;20m2026-09-28 10:07:41,756 - tpp_runner.py[pid:5388;line:104:_train_model] - INFO: [ Epoch 219 (train) ]: train loglike is 1.798483874818382, num_events is 66675, mark_ll is -1.4710399896302024, time_ll is 3.269523802200506[0m
[38;20m2026-09-28 10:07:41,957 - tpp_runner.py[pid:5388;line:116:_train_model] - INFO: [ Epoch 219 (valid) ]:  valid loglike is 1.6100321913286666, num_events is 17018, mark_ll is -1.4960896183452814, time_ll is 3.1061218096739482[0m
[38;20m2026-09-28 10:07:42,350 - tpp_runner.py[pid:5388;line:136:_train_model] - INFO: [ Epoch 219 (test) ]: test loglike is 2.2731087752214565, num_events is 33655, mark_ll is -1.4880575299918288, time_ll is 3.761166268942208[0m
[31;1m2026-09-28 10:07:42,350 - tpp_runner.py[pid:5388;line:140:_train_model] - CRITICAL: current best loglike on valid set is 1.6588 (updated at epoch-112)[0m
[38;20m2026-09-28 10:07:47,474 - tpp_runner.py[pid:5388;line:104:_train_model] - INFO: [ Epoch 220 (train) ]: train loglike is 1.8118972628421448, num_events is 66675, mark_ll is -1.4705881711075177, time_ll is 3.2824854778894825[0m
[38;20m2026-09-28 10:07:47,678 - tpp_runner.py[pid:5388;line:116:_train_model] - INFO: [ Epoch 220 (valid) ]:  valid loglike is 1.6003831708062786, num_events is 17018, mark_ll is -1.4968840150410594, time_ll is 3.097267185847338[0m
[38;20m2026-09-28 10:07:48,074 - tpp_runner.py[pid:5388;line:136:_train_model] - INFO: [ Epoch 220 (test) ]: test loglike is 2.2534143235066764, num_events is 33655, mark_ll is -1.4886348422295164, time_ll is 3.742049162109085[0m
[31;1m2026-09-28 10:07:48,074 - tpp_runner.py[pid:5388;line:140:_train_model] - CRITICAL: current best loglike on valid set is 1.6588 (updated at epoch-112)[0m
[38;20m2026-09-28 10:07:53,223 - tpp_runner.py[pid:5388;line:104:_train_model] - INFO: [ Epoch 221 (train) ]: train loglike is 1.779159394626453, num_events is 66675, mark_ll is -1.470906170908324, time_ll is 3.250065543564867[0m
[38;20m2026-09-28 10:07:53,440 - tpp_runner.py[pid:5388;line:116:_train_model] - INFO: [ Epoch 221 (valid) ]:  valid loglike is 1.5929684860331708, num_events is 17018, mark_ll is -1.4956690933634607, time_ll is 3.088637550704585[0m
[38;20m2026-09-28 10:07:53,823 - tpp_runner.py[pid:5388;line:136:_train_model] - INFO: [ Epoch 221 (test) ]: test loglike is 2.2630292603137536, num_events is 33655, mark_ll is -1.4889147533914908, time_ll is 3.7519439266546577[0m
[31;1m2026-09-28 10:07:53,823 - tpp_runner.py[pid:5388;line:140:_train_model] - CRITICAL: current best loglike on valid set is 1.6588 (updated at epoch-112)[0m
[38;20m2026-09-28 10:07:58,974 - tpp_runner.py[pid:5388;line:104:_train_model] - INFO: [ Epoch 222 (train) ]: train loglike is 1.8035151892634513, num_events is 66675, mark_ll is -1.4683412717941506, time_ll is 3.2718564354260407[0m
[38;20m2026-09-28 10:07:59,174 - tpp_runner.py[pid:5388;line:116:_train_model] - INFO: [ Epoch 222 (valid) ]:  valid loglike is 1.5731856283030283, num_events is 17018, mark_ll is -1.492883296477443, time_ll is 3.0660689462995063[0m
[38;20m2026-09-28 10:07:59,584 - tpp_runner.py[pid:5388;line:136:_train_model] - INFO: [ Epoch 222 (test) ]: test loglike is 2.2557439713116088, num_events is 33655, mark_ll is -1.4885889339262832, time_ll is 3.744332919746323[0m
[31;1m2026-09-28 10:07:59,584 - tpp_runner.py[pid:5388;line:140:_train_model] - CRITICAL: current best loglike on valid set is 1.6588 (updated at epoch-112)[0m
[38;20m2026-09-28 10:08:04,741 - tpp_runner.py[pid:5388;line:104:_train_model] - INFO: [ Epoch 223 (train) ]: train loglike is 1.8340524743977316, num_events is 66675, mark_ll is -1.4667100389306806, time_ll is 3.300762546283277[0m
[38;20m2026-09-28 10:08:04,958 - tpp_runner.py[pid:5388;line:116:_train_model] - INFO: [ Epoch 223 (valid) ]:  valid loglike is 1.614328624471148, num_events is 17018, mark_ll is -1.496442430096993, time_ll is 3.1107709254539313[0m
[38;20m2026-09-28 10:08:05,357 - tpp_runner.py[pid:5388;line:136:_train_model] - INFO: [ Epoch 223 (test) ]: test loglike is 2.28854487544802, num_events is 33655, mark_ll is -1.490997717968866, time_ll is 3.779542502739192[0m
[31;1m2026-09-28 10:08:05,357 - tpp_runner.py[pid:5388;line:140:_train_model] - CRITICAL: current best loglike on valid set is 1.6588 (updated at epoch-112)[0m
[38;20m2026-09-28 10:08:10,545 - tpp_runner.py[pid:5388;line:104:_train_model] - INFO: [ Epoch 224 (train) ]: train loglike is 1.821719445713817, num_events is 66675, mark_ll is -1.4660528566741657, time_ll is 3.287772287741376[0m
[38;20m2026-09-28 10:08:10,756 - tpp_runner.py[pid:5388;line:116:_train_model] - INFO: [ Epoch 224 (valid) ]:  valid loglike is 1.604096739366957, num_events is 17018, mark_ll is -1.4949520145604103, time_ll is 3.099048804138449[0m
[38;20m2026-09-28 10:08:11,155 - tpp_runner.py[pid:5388;line:136:_train_model] - INFO: [ Epoch 224 (test) ]: test loglike is 2.278051721541422, num_events is 33655, mark_ll is -1.489568401739619, time_ll is 3.76762014141658[0m
[31;1m2026-09-28 10:08:11,155 - tpp_runner.py[pid:5388;line:140:_train_model] - CRITICAL: current best loglike on valid set is 1.6588 (updated at epoch-112)[0m
[38;20m2026-09-28 10:08:16,285 - tpp_runner.py[pid:5388;line:104:_train_model] - INFO: [ Epoch 225 (train) ]: train loglike is 1.826200432221363, num_events is 66675, mark_ll is -1.4662823506924916, time_ll is 3.2924827975604614[0m
[38;20m2026-09-28 10:08:16,484 - tpp_runner.py[pid:5388;line:116:_train_model] - INFO: [ Epoch 225 (valid) ]:  valid loglike is 1.6011179023910345, num_events is 17018, mark_ll is -1.4936428753746034, time_ll is 3.094760749073591[0m
[38;20m2026-09-28 10:08:16,880 - tpp_runner.py[pid:5388;line:136:_train_model] - INFO: [ Epoch 225 (test) ]: test loglike is 2.276389748110422, num_events is 33655, mark_ll is -1.4887035469051775, time_ll is 3.765093222473444[0m
[31;1m2026-09-28 10:08:16,880 - tpp_runner.py[pid:5388;line:140:_train_model] - CRITICAL: current best loglike on valid set is 1.6588 (updated at epoch-112)[0m
[38;20m2026-09-28 10:08:22,043 - tpp_runner.py[pid:5388;line:104:_train_model] - INFO: [ Epoch 226 (train) ]: train loglike is 1.8194038464918447, num_events is 66675, mark_ll is -1.4663563563343645, time_ll is 3.2857602321194226[0m
[38;20m2026-09-28 10:08:22,240 - tpp_runner.py[pid:5388;line:116:_train_model] - INFO: [ Epoch 226 (valid) ]:  valid loglike is 1.595537041087929, num_events is 17018, mark_ll is -1.4933909735509827, time_ll is 3.0889279572548185[0m
[38;20m2026-09-28 10:08:22,630 - tpp_runner.py[pid:5388;line:136:_train_model] - INFO: [ Epoch 226 (test) ]: test loglike is 2.2765535555522023, num_events is 33655, mark_ll is -1.4888738359885696, time_ll is 3.7654273806594487[0m
[31;1m2026-09-28 10:08:22,630 - tpp_runner.py[pid:5388;line:140:_train_model] - CRITICAL: current best loglike on valid set is 1.6588 (updated at epoch-112)[0m
[38;20m2026-09-28 10:08:27,779 - tpp_runner.py[pid:5388;line:104:_train_model] - INFO: [ Epoch 227 (train) ]: train loglike is 1.8245441499988282, num_events is 66675, mark_ll is -1.4660035378878422, time_ll is 3.290547651270154[0m
[38;20m2026-09-28 10:08:27,983 - tpp_runner.py[pid:5388;line:116:_train_model] - INFO: [ Epoch 227 (valid) ]:  valid loglike is 1.6086633726858144, num_events is 17018, mark_ll is -1.4939336836134902, time_ll is 3.102596934358106[0m
[38;20m2026-09-28 10:08:28,378 - tpp_runner.py[pid:5388;line:136:_train_model] - INFO: [ Epoch 227 (test) ]: test loglike is 2.2867962540391473, num_events is 33655, mark_ll is -1.489239386792453, time_ll is 3.776035713373756[0m
[31;1m2026-09-28 10:08:28,378 - tpp_runner.py[pid:5388;line:140:_train_model] - CRITICAL: current best loglike on valid set is 1.6588 (updated at epoch-112)[0m
[38;20m2026-09-28 10:08:33,542 - tpp_runner.py[pid:5388;line:104:_train_model] - INFO: [ Epoch 228 (train) ]: train loglike is 1.8165154550993625, num_events is 66675, mark_ll is -1.4656860617032246, time_ll is 3.2822015021559805[0m
[38;20m2026-09-28 10:08:33,742 - tpp_runner.py[pid:5388;line:116:_train_model] - INFO: [ Epoch 228 (valid) ]:  valid loglike is 1.6026249521416662, num_events is 17018, mark_ll is -1.4935377190236074, time_ll is 3.09616274289539[0m
[38;20m2026-09-28 10:08:34,144 - tpp_runner.py[pid:5388;line:136:_train_model] - INFO: [ Epoch 228 (test) ]: test loglike is 2.2623626631908333, num_events is 33655, mark_ll is -1.4879520246805824, time_ll is 3.750314716888278[0m
[31;1m2026-09-28 10:08:34,144 - tpp_runner.py[pid:5388;line:140:_train_model] - CRITICAL: current best loglike on valid set is 1.6588 (updated at epoch-112)[0m
[38;20m2026-09-28 10:08:39,290 - tpp_runner.py[pid:5388;line:104:_train_model] - INFO: [ Epoch 229 (train) ]: train loglike is 1.8309580272192538, num_events is 66675, mark_ll is -1.4669986539768467, time_ll is 3.2979566519028873[0m
[38;20m2026-09-28 10:08:39,488 - tpp_runner.py[pid:5388;line:116:_train_model] - INFO: [ Epoch 229 (valid) ]:  valid loglike is 1.6141140223081811, num_events is 17018, mark_ll is -1.4938582091847603, time_ll is 3.1079723175690814[0m
[38;20m2026-09-28 10:08:39,876 - tpp_runner.py[pid:5388;line:136:_train_model] - INFO: [ Epoch 229 (test) ]: test loglike is 2.2639598818665503, num_events is 33655, mark_ll is -1.4877601470516546, time_ll is 3.751720032545313[0m
[31;1m2026-09-28 10:08:39,884 - tpp_runner.py[pid:5388;line:140:_train_model] - CRITICAL: current best loglike on valid set is 1.6588 (updated at epoch-112)[0m
[38;20m2026-09-28 10:08:45,031 - tpp_runner.py[pid:5388;line:104:_train_model] - INFO: [ Epoch 230 (train) ]: train loglike is 1.8135619082770904, num_events is 66675, mark_ll is -1.4668468126054555, time_ll is 3.280408764822366[0m
[38;20m2026-09-28 10:08:45,228 - tpp_runner.py[pid:5388;line:116:_train_model] - INFO: [ Epoch 230 (valid) ]:  valid loglike is 1.6252993512957787, num_events is 17018, mark_ll is -1.493191377328417, time_ll is 3.1184907501432306[0m
[38;20m2026-09-28 10:08:45,620 - tpp_runner.py[pid:5388;line:136:_train_model] - INFO: [ Epoch 230 (test) ]: test loglike is 2.266237052676051, num_events is 33655, mark_ll is -1.487560311548247, time_ll is 3.75379739324116[0m
[31;1m2026-09-28 10:08:45,620 - tpp_runner.py[pid:5388;line:140:_train_model] - CRITICAL: current best loglike on valid set is 1.6588 (updated at epoch-112)[0m
[38;20m2026-09-28 10:08:50,742 - tpp_runner.py[pid:5388;line:104:_train_model] - INFO: [ Epoch 231 (train) ]: train loglike is 1.8236690445432602, num_events is 66675, mark_ll is -1.466156320303712, time_ll is 3.289825324568804[0m
[38;20m2026-09-28 10:08:50,941 - tpp_runner.py[pid:5388;line:116:_train_model] - INFO: [ Epoch 231 (valid) ]:  valid loglike is 1.6170614128009682, num_events is 17018, mark_ll is -1.4931055737628907, time_ll is 3.110166957871812[0m
[38;20m2026-09-28 10:08:51,341 - tpp_runner.py[pid:5388;line:136:_train_model] - INFO: [ Epoch 231 (test) ]: test loglike is 2.2863472180953797, num_events is 33655, mark_ll is -1.488069615514968, time_ll is 3.7744167175428984[0m
[31;1m2026-09-28 10:08:51,341 - tpp_runner.py[pid:5388;line:140:_train_model] - CRITICAL: current best loglike on valid set is 1.6588 (updated at epoch-112)[0m
[38;20m2026-09-28 10:08:56,457 - tpp_runner.py[pid:5388;line:104:_train_model] - INFO: [ Epoch 232 (train) ]: train loglike is 1.8337790405593832, num_events is 66675, mark_ll is -1.466365708192726, time_ll is 3.3001447524137606[0m
[38;20m2026-09-28 10:08:56,641 - tpp_runner.py[pid:5388;line:116:_train_model] - INFO: [ Epoch 232 (valid) ]:  valid loglike is 1.630274889317561, num_events is 17018, mark_ll is -1.4934385162722925, time_ll is 3.1237134629739467[0m
[38;20m2026-09-28 10:08:57,053 - tpp_runner.py[pid:5388;line:136:_train_model] - INFO: [ Epoch 232 (test) ]: test loglike is 2.2890603999045926, num_events is 33655, mark_ll is -1.487801633910498, time_ll is 3.7768620700861684[0m
[31;1m2026-09-28 10:08:57,053 - tpp_runner.py[pid:5388;line:140:_train_model] - CRITICAL: current best loglike on valid set is 1.6588 (updated at epoch-112)[0m
[38;20m2026-09-28 10:09:02,157 - tpp_runner.py[pid:5388;line:104:_train_model] - INFO: [ Epoch 233 (train) ]: train loglike is 1.798410059582396, num_events is 66675, mark_ll is -1.4661877189667698, time_ll is 3.264597774887514[0m
[38;20m2026-09-28 10:09:02,358 - tpp_runner.py[pid:5388;line:116:_train_model] - INFO: [ Epoch 233 (valid) ]:  valid loglike is 1.6349210928548081, num_events is 17018, mark_ll is -1.4932407133026429, time_ll is 3.1281617344273345[0m
[38;20m2026-09-28 10:09:02,744 - tpp_runner.py[pid:5388;line:136:_train_model] - INFO: [ Epoch 233 (test) ]: test loglike is 2.2874078134285396, num_events is 33655, mark_ll is -1.487473627299296, time_ll is 3.7748814371007278[0m
[31;1m2026-09-28 10:09:02,744 - tpp_runner.py[pid:5388;line:140:_train_model] - CRITICAL: current best loglike on valid set is 1.6588 (updated at epoch-112)[0m
[38;20m2026-09-28 10:09:07,867 - tpp_runner.py[pid:5388;line:104:_train_model] - INFO: [ Epoch 234 (train) ]: train loglike is 1.8187789343714849, num_events is 66675, mark_ll is -1.4670038608455194, time_ll is 3.2857827878937007[0m
[38;20m2026-09-28 10:09:08,068 - tpp_runner.py[pid:5388;line:116:_train_model] - INFO: [ Epoch 234 (valid) ]:  valid loglike is 1.6165665754183072, num_events is 17018, mark_ll is -1.4928421090444677, time_ll is 3.1094086270786816[0m
[38;20m2026-09-28 10:09:08,458 - tpp_runner.py[pid:5388;line:136:_train_model] - INFO: [ Epoch 234 (test) ]: test loglike is 2.2876253347095066, num_events is 33655, mark_ll is -1.4872606689199228, time_ll is 3.7748860580360457[0m
[31;1m2026-09-28 10:09:08,458 - tpp_runner.py[pid:5388;line:140:_train_model] - CRITICAL: current best loglike on valid set is 1.6588 (updated at epoch-112)[0m
[38;20m2026-09-28 10:09:13,577 - tpp_runner.py[pid:5388;line:104:_train_model] - INFO: [ Epoch 235 (train) ]: train loglike is 1.8114375790916761, num_events is 66675, mark_ll is -1.4655683762185976, time_ll is 3.2770060138967003[0m
[38;20m2026-09-28 10:09:13,778 - tpp_runner.py[pid:5388;line:116:_train_model] - INFO: [ Epoch 235 (valid) ]:  valid loglike is 1.6056288731393782, num_events is 17018, mark_ll is -1.4921509319865363, time_ll is 3.097779812298926[0m
[38;20m2026-09-28 10:09:14,167 - tpp_runner.py[pid:5388;line:136:_train_model] - INFO: [ Epoch 235 (test) ]: test loglike is 2.292827927540252, num_events is 33655, mark_ll is -1.4872155875972646, time_ll is 3.7800435804254566[0m
[31;1m2026-09-28 10:09:14,167 - tpp_runner.py[pid:5388;line:140:_train_model] - CRITICAL: current best loglike on valid set is 1.6588 (updated at epoch-112)[0m
[38;20m2026-09-28 10:09:19,294 - tpp_runner.py[pid:5388;line:104:_train_model] - INFO: [ Epoch 236 (train) ]: train loglike is 1.823199357160433, num_events is 66675, mark_ll is -1.4657150473378329, time_ll is 3.2889144081599175[0m
[38;20m2026-09-28 10:09:19,499 - tpp_runner.py[pid:5388;line:116:_train_model] - INFO: [ Epoch 236 (valid) ]:  valid loglike is 1.6353886727931455, num_events is 17018, mark_ll is -1.4920313794011304, time_ll is 3.1274199589451244[0m
[38;20m2026-09-28 10:09:19,904 - tpp_runner.py[pid:5388;line:136:_train_model] - INFO: [ Epoch 236 (test) ]: test loglike is 2.283148595061562, num_events is 33655, mark_ll is -1.4868149699153173, time_ll is 3.769963572231095[0m
[31;1m2026-09-28 10:09:19,904 - tpp_runner.py[pid:5388;line:140:_train_model] - CRITICAL: current best loglike on valid set is 1.6588 (updated at epoch-112)[0m
[38;20m2026-09-28 10:09:25,046 - tpp_runner.py[pid:5388;line:104:_train_model] - INFO: [ Epoch 237 (train) ]: train loglike is 1.8321670606603861, num_events is 66675, mark_ll is -1.4655755603791714, time_ll is 3.297742635686164[0m
[38;20m2026-09-28 10:09:25,245 - tpp_runner.py[pid:5388;line:116:_train_model] - INFO: [ Epoch 237 (valid) ]:  valid loglike is 1.6298669171061524, num_events is 17018, mark_ll is -1.4919004719382603, time_ll is 3.1217674105634474[0m
[38;20m2026-09-28 10:09:25,632 - tpp_runner.py[pid:5388;line:136:_train_model] - INFO: [ Epoch 237 (test) ]: test loglike is 2.2816824636882984, num_events is 33655, mark_ll is -1.4866842489507504, time_ll is 3.7683666727408633[0m
[31;1m2026-09-28 10:09:25,632 - tpp_runner.py[pid:5388;line:140:_train_model] - CRITICAL: current best loglike on valid set is 1.6588 (updated at epoch-112)[0m
[38;20m2026-09-28 10:09:30,779 - tpp_runner.py[pid:5388;line:104:_train_model] - INFO: [ Epoch 238 (train) ]: train loglike is 1.822153585782246, num_events is 66675, mark_ll is -1.4652930859228535, time_ll is 3.287446730291526[0m
[38;20m2026-09-28 10:09:30,975 - tpp_runner.py[pid:5388;line:116:_train_model] - INFO: [ Epoch 238 (valid) ]:  valid loglike is 1.6053143580969416, num_events is 17018, mark_ll is -1.4920384735096663, time_ll is 3.097352745530468[0m
[38;20m2026-09-28 10:09:31,374 - tpp_runner.py[pid:5388;line:136:_train_model] - INFO: [ Epoch 238 (test) ]: test loglike is 2.2954586506810837, num_events is 33655, mark_ll is -1.486667578763371, time_ll is 3.782126258461317[0m
[31;1m2026-09-28 10:09:31,374 - tpp_runner.py[pid:5388;line:140:_train_model] - CRITICAL: current best loglike on valid set is 1.6588 (updated at epoch-112)[0m
[38;20m2026-09-28 10:09:36,492 - tpp_runner.py[pid:5388;line:104:_train_model] - INFO: [ Epoch 239 (train) ]: train loglike is 1.8230926566308119, num_events is 66675, mark_ll is -1.4647781954501782, time_ll is 3.2878708227877764[0m
[38;20m2026-09-28 10:09:36,691 - tpp_runner.py[pid:5388;line:116:_train_model] - INFO: [ Epoch 239 (valid) ]:  valid loglike is 1.6015751962306455, num_events is 17018, mark_ll is -1.4923332914620733, time_ll is 3.0939085952878935[0m
[38;20m2026-09-28 10:09:37,098 - tpp_runner.py[pid:5388;line:136:_train_model] - INFO: [ Epoch 239 (test) ]: test loglike is 2.2824718202741976, num_events is 33655, mark_ll is -1.486790374497428, time_ll is 3.76926222016138[0m
[31;1m2026-09-28 10:09:37,098 - tpp_runner.py[pid:5388;line:140:_train_model] - CRITICAL: current best loglike on valid set is 1.6588 (updated at epoch-112)[0m
[38;20m2026-09-28 10:09:42,243 - tpp_runner.py[pid:5388;line:104:_train_model] - INFO: [ Epoch 240 (train) ]: train loglike is 1.8307102102959787, num_events is 66675, mark_ll is -1.4653391824557087, time_ll is 3.296049385428384[0m
[38;20m2026-09-28 10:09:42,442 - tpp_runner.py[pid:5388;line:116:_train_model] - INFO: [ Epoch 240 (valid) ]:  valid loglike is 1.6045979894220457, num_events is 17018, mark_ll is -1.4924931205079732, time_ll is 3.097091131449054[0m
[38;20m2026-09-28 10:09:42,825 - tpp_runner.py[pid:5388;line:136:_train_model] - INFO: [ Epoch 240 (test) ]: test loglike is 2.281074564050661, num_events is 33655, mark_ll is -1.4868278316395223, time_ll is 3.767902373927537[0m
[31;1m2026-09-28 10:09:42,825 - tpp_runner.py[pid:5388;line:140:_train_model] - CRITICAL: current best loglike on valid set is 1.6588 (updated at epoch-112)[0m
[38;20m2026-09-28 10:09:47,925 - tpp_runner.py[pid:5388;line:104:_train_model] - INFO: [ Epoch 241 (train) ]: train loglike is 1.8055982955743812, num_events is 66675, mark_ll is -1.4656051904644731, time_ll is 3.271203482377203[0m
[38;20m2026-09-28 10:09:48,131 - tpp_runner.py[pid:5388;line:116:_train_model] - INFO: [ Epoch 241 (valid) ]:  valid loglike is 1.5952314277529676, num_events is 17018, mark_ll is -1.4922985238745372, time_ll is 3.0875300807417148[0m
[38;20m2026-09-28 10:09:48,508 - tpp_runner.py[pid:5388;line:136:_train_model] - INFO: [ Epoch 241 (test) ]: test loglike is 2.273989495025349, num_events is 33655, mark_ll is -1.4866936866852065, time_ll is 3.760683210727418[0m
[31;1m2026-09-28 10:09:48,508 - tpp_runner.py[pid:5388;line:140:_train_model] - CRITICAL: current best loglike on valid set is 1.6588 (updated at epoch-112)[0m
[38;20m2026-09-28 10:09:53,732 - tpp_runner.py[pid:5388;line:104:_train_model] - INFO: [ Epoch 242 (train) ]: train loglike is 1.830408808762186, num_events is 66675, mark_ll is -1.4655496871484814, time_ll is 3.295958488587364[0m
[38;20m2026-09-28 10:09:53,922 - tpp_runner.py[pid:5388;line:116:_train_model] - INFO: [ Epoch 242 (valid) ]:  valid loglike is 1.6071296321587805, num_events is 17018, mark_ll is -1.4929025990518312, time_ll is 3.100032152307483[0m
[38;20m2026-09-28 10:09:54,314 - tpp_runner.py[pid:5388;line:136:_train_model] - INFO: [ Epoch 242 (test) ]: test loglike is 2.271122730591201, num_events is 33655, mark_ll is -1.4867877484713916, time_ll is 3.7579103883848983[0m
[31;1m2026-09-28 10:09:54,314 - tpp_runner.py[pid:5388;line:140:_train_model] - CRITICAL: current best loglike on valid set is 1.6588 (updated at epoch-112)[0m
[38;20m2026-09-28 10:09:59,428 - tpp_runner.py[pid:5388;line:104:_train_model] - INFO: [ Epoch 243 (train) ]: train loglike is 1.8250674732552963, num_events is 66675, mark_ll is -1.4654138984580052, time_ll is 3.290481375374953[0m
[38;20m2026-09-28 10:09:59,630 - tpp_runner.py[pid:5388;line:116:_train_model] - INFO: [ Epoch 243 (valid) ]:  valid loglike is 1.6016835732638788, num_events is 17018, mark_ll is -1.4926607179255054, time_ll is 3.094344269670349[0m
[38;20m2026-09-28 10:10:00,026 - tpp_runner.py[pid:5388;line:136:_train_model] - INFO: [ Epoch 243 (test) ]: test loglike is 2.2873237443243015, num_events is 33655, mark_ll is -1.486800033485459, time_ll is 3.774123922894072[0m
[31;1m2026-09-28 10:10:00,026 - tpp_runner.py[pid:5388;line:140:_train_model] - CRITICAL: current best loglike on valid set is 1.6588 (updated at epoch-112)[0m
[38;20m2026-09-28 10:10:05,123 - tpp_runner.py[pid:5388;line:104:_train_model] - INFO: [ Epoch 244 (train) ]: train loglike is 1.81979847733877, num_events is 66675, mark_ll is -1.4652121341277653, time_ll is 3.2850106407597486[0m
[38;20m2026-09-28 10:10:05,308 - tpp_runner.py[pid:5388;line:116:_train_model] - INFO: [ Epoch 244 (valid) ]:  valid loglike is 1.609289770275407, num_events is 17018, mark_ll is -1.4928948737182688, time_ll is 3.102184658339699[0m
[38;20m2026-09-28 10:10:05,709 - tpp_runner.py[pid:5388;line:136:_train_model] - INFO: [ Epoch 244 (test) ]: test loglike is 2.2726177591321868, num_events is 33655, mark_ll is -1.4869002577277708, time_ll is 3.7595180531310355[0m
[31;1m2026-09-28 10:10:05,709 - tpp_runner.py[pid:5388;line:140:_train_model] - CRITICAL: current best loglike on valid set is 1.6588 (updated at epoch-112)[0m
[38;20m2026-09-28 10:10:10,827 - tpp_runner.py[pid:5388;line:104:_train_model] - INFO: [ Epoch 245 (train) ]: train loglike is 1.8317704232283465, num_events is 66675, mark_ll is -1.4655383433516123, time_ll is 3.2973087592566555[0m
[38;20m2026-09-28 10:10:11,023 - tpp_runner.py[pid:5388;line:116:_train_model] - INFO: [ Epoch 245 (valid) ]:  valid loglike is 1.6180470132956648, num_events is 17018, mark_ll is -1.4928135174199744, time_ll is 3.110860473331546[0m
[38;20m2026-09-28 10:10:11,415 - tpp_runner.py[pid:5388;line:136:_train_model] - INFO: [ Epoch 245 (test) ]: test loglike is 2.2732533372293307, num_events is 33655, mark_ll is -1.4870313051320383, time_ll is 3.760284627852938[0m
[31;1m2026-09-28 10:10:11,415 - tpp_runner.py[pid:5388;line:140:_train_model] - CRITICAL: current best loglike on valid set is 1.6588 (updated at epoch-112)[0m
[38;20m2026-09-28 10:10:16,512 - tpp_runner.py[pid:5388;line:104:_train_model] - INFO: [ Epoch 246 (train) ]: train loglike is 1.8294057908288808, num_events is 66675, mark_ll is -1.4650469496976941, time_ll is 3.2944527881280465[0m
[38;20m2026-09-28 10:10:16,710 - tpp_runner.py[pid:5388;line:116:_train_model] - INFO: [ Epoch 246 (valid) ]:  valid loglike is 1.5984940147242992, num_events is 17018, mark_ll is -1.4930445529526641, time_ll is 3.0915385031198586[0m
[38;20m2026-09-28 10:10:17,101 - tpp_runner.py[pid:5388;line:136:_train_model] - INFO: [ Epoch 246 (test) ]: test loglike is 2.282494409901482, num_events is 33655, mark_ll is -1.4869903623393625, time_ll is 3.7694848447830003[0m
[31;1m2026-09-28 10:10:17,101 - tpp_runner.py[pid:5388;line:140:_train_model] - CRITICAL: current best loglike on valid set is 1.6588 (updated at epoch-112)[0m
[38;20m2026-09-28 10:10:22,208 - tpp_runner.py[pid:5388;line:104:_train_model] - INFO: [ Epoch 247 (train) ]: train loglike is 1.8303555244071055, num_events is 66675, mark_ll is -1.464764643677353, time_ll is 3.295120226670885[0m
[38;20m2026-09-28 10:10:22,406 - tpp_runner.py[pid:5388;line:116:_train_model] - INFO: [ Epoch 247 (valid) ]:  valid loglike is 1.5937473961967659, num_events is 17018, mark_ll is -1.4931488341962371, time_ll is 3.086896230393003[0m
[38;20m2026-09-28 10:10:22,792 - tpp_runner.py[pid:5388;line:136:_train_model] - INFO: [ Epoch 247 (test) ]: test loglike is 2.2845270120872643, num_events is 33655, mark_ll is -1.4870033691478792, time_ll is 3.771530352218281[0m
[31;1m2026-09-28 10:10:22,792 - tpp_runner.py[pid:5388;line:140:_train_model] - CRITICAL: current best loglike on valid set is 1.6588 (updated at epoch-112)[0m
[38;20m2026-09-28 10:10:27,914 - tpp_runner.py[pid:5388;line:104:_train_model] - INFO: [ Epoch 248 (train) ]: train loglike is 1.825294957026856, num_events is 66675, mark_ll is -1.4655219171822271, time_ll is 3.290816899840645[0m
[38;20m2026-09-28 10:10:28,111 - tpp_runner.py[pid:5388;line:116:_train_model] - INFO: [ Epoch 248 (valid) ]:  valid loglike is 1.5905679516036328, num_events is 17018, mark_ll is -1.4932267976600144, time_ll is 3.0837948066477407[0m
[38;20m2026-09-28 10:10:28,503 - tpp_runner.py[pid:5388;line:136:_train_model] - INFO: [ Epoch 248 (test) ]: test loglike is 2.289703319267893, num_events is 33655, mark_ll is -1.486982194092631, time_ll is 3.776685531496063[0m
[31;1m2026-09-28 10:10:28,503 - tpp_runner.py[pid:5388;line:140:_train_model] - CRITICAL: current best loglike on valid set is 1.6588 (updated at epoch-112)[0m
[38;20m2026-09-28 10:10:33,619 - tpp_runner.py[pid:5388;line:104:_train_model] - INFO: [ Epoch 249 (train) ]: train loglike is 1.82959605391123, num_events is 66675, mark_ll is -1.4658002027090364, time_ll is 3.295396278590176[0m
[38;20m2026-09-28 10:10:33,824 - tpp_runner.py[pid:5388;line:116:_train_model] - INFO: [ Epoch 249 (valid) ]:  valid loglike is 1.6289110702638383, num_events is 17018, mark_ll is -1.493319128666155, time_ll is 3.1222302419680634[0m
[38;20m2026-09-28 10:10:34,214 - tpp_runner.py[pid:5388;line:136:_train_model] - INFO: [ Epoch 249 (test) ]: test loglike is 2.2685414594379085, num_events is 33655, mark_ll is -1.4870438331623272, time_ll is 3.7555853470068525[0m
[31;1m2026-09-28 10:10:34,720 - tpp_runner.py[pid:5388;line:140:_train_model] - CRITICAL: current best loglike on valid set is 1.6588 (updated at epoch-112)[0m
[38;20m2026-09-28 10:10:39,837 - tpp_runner.py[pid:5388;line:104:_train_model] - INFO: [ Epoch 250 (train) ]: train loglike is 1.830152537085208, num_events is 66675, mark_ll is -1.4659307845308398, time_ll is 3.296083409495688[0m
[38;20m2026-09-28 10:10:40,034 - tpp_runner.py[pid:5388;line:116:_train_model] - INFO: [ Epoch 250 (valid) ]:  valid loglike is 1.6164988765342212, num_events is 17018, mark_ll is -1.4934509184094598, time_ll is 3.109949730386576[0m
[38;20m2026-09-28 10:10:40,421 - tpp_runner.py[pid:5388;line:136:_train_model] - INFO: [ Epoch 250 (test) ]: test loglike is 2.2891712697082527, num_events is 33655, mark_ll is -1.4871078334791914, time_ll is 3.7762790850519052[0m
[31;1m2026-09-28 10:10:40,421 - tpp_runner.py[pid:5388;line:140:_train_model] - CRITICAL: current best loglike on valid set is 1.6588 (updated at epoch-112)[0m
[38;20m2026-09-28 10:10:45,518 - tpp_runner.py[pid:5388;line:104:_train_model] - INFO: [ Epoch 251 (train) ]: train loglike is 1.8271678955169666, num_events is 66675, mark_ll is -1.4662493775192162, time_ll is 3.293417251066273[0m
[38;20m2026-09-28 10:10:45,715 - tpp_runner.py[pid:5388;line:116:_train_model] - INFO: [ Epoch 251 (valid) ]:  valid loglike is 1.5966281637572166, num_events is 17018, mark_ll is -1.4938778560637083, time_ll is 3.090506019820925[0m
[38;20m2026-09-28 10:10:46,102 - tpp_runner.py[pid:5388;line:136:_train_model] - INFO: [ Epoch 251 (test) ]: test loglike is 2.292771399065425, num_events is 33655, mark_ll is -1.4872809589608713, time_ll is 3.780052256467278[0m
[31;1m2026-09-28 10:10:46,102 - tpp_runner.py[pid:5388;line:140:_train_model] - CRITICAL: current best loglike on valid set is 1.6588 (updated at epoch-112)[0m
[38;20m2026-09-28 10:10:51,207 - tpp_runner.py[pid:5388;line:104:_train_model] - INFO: [ Epoch 252 (train) ]: train loglike is 1.8301525737017248, num_events is 66675, mark_ll is -1.4660484260756468, time_ll is 3.296200992454068[0m
[38;20m2026-09-28 10:10:51,393 - tpp_runner.py[pid:5388;line:116:_train_model] - INFO: [ Epoch 252 (valid) ]:  valid loglike is 1.6223017712403778, num_events is 17018, mark_ll is -1.4942444399978148, time_ll is 3.1165463044873443[0m
[38;20m2026-09-28 10:10:51,792 - tpp_runner.py[pid:5388;line:136:_train_model] - INFO: [ Epoch 252 (test) ]: test loglike is 2.288264790184872, num_events is 33655, mark_ll is -1.4873524637637423, time_ll is 3.775617246694399[0m
[31;1m2026-09-28 10:10:51,792 - tpp_runner.py[pid:5388;line:140:_train_model] - CRITICAL: current best loglike on valid set is 1.6588 (updated at epoch-112)[0m
[38;20m2026-09-28 10:10:56,909 - tpp_runner.py[pid:5388;line:104:_train_model] - INFO: [ Epoch 253 (train) ]: train loglike is 1.8242871935929883, num_events is 66675, mark_ll is -1.466385979096363, time_ll is 3.2906731946592616[0m
[38;20m2026-09-28 10:10:57,105 - tpp_runner.py[pid:5388;line:116:_train_model] - INFO: [ Epoch 253 (valid) ]:  valid loglike is 1.602704658647278, num_events is 17018, mark_ll is -1.4943315418784522, time_ll is 3.09703620052573[0m
[38;20m2026-09-28 10:10:57,493 - tpp_runner.py[pid:5388;line:136:_train_model] - INFO: [ Epoch 253 (test) ]: test loglike is 2.2797097704417992, num_events is 33655, mark_ll is -1.4872564614748922, time_ll is 3.766966202899829[0m
[31;1m2026-09-28 10:10:57,493 - tpp_runner.py[pid:5388;line:140:_train_model] - CRITICAL: current best loglike on valid set is 1.6588 (updated at epoch-112)[0m
[38;20m2026-09-28 10:11:02,643 - tpp_runner.py[pid:5388;line:104:_train_model] - INFO: [ Epoch 254 (train) ]: train loglike is 1.8089633717660292, num_events is 66675, mark_ll is -1.4657451314679415, time_ll is 3.2747084592941507[0m
[38;20m2026-09-28 10:11:02,842 - tpp_runner.py[pid:5388;line:116:_train_model] - INFO: [ Epoch 254 (valid) ]:  valid loglike is 1.6097057906059025, num_events is 17018, mark_ll is -1.4943455722892673, time_ll is 3.104051420279263[0m
[38;20m2026-09-28 10:11:03,226 - tpp_runner.py[pid:5388;line:136:_train_model] - INFO: [ Epoch 254 (test) ]: test loglike is 2.2790786754498775, num_events is 33655, mark_ll is -1.48726776354275, time_ll is 3.766346460755274[0m
[31;1m2026-09-28 10:11:03,226 - tpp_runner.py[pid:5388;line:140:_train_model] - CRITICAL: current best loglike on valid set is 1.6588 (updated at epoch-112)[0m
[38;20m2026-09-28 10:11:08,344 - tpp_runner.py[pid:5388;line:104:_train_model] - INFO: [ Epoch 255 (train) ]: train loglike is 1.8204121957899795, num_events is 66675, mark_ll is -1.4657633591699475, time_ll is 3.286175639177915[0m
[38;20m2026-09-28 10:11:08,541 - tpp_runner.py[pid:5388;line:116:_train_model] - INFO: [ Epoch 255 (valid) ]:  valid loglike is 1.62121573423636, num_events is 17018, mark_ll is -1.4942041563643091, time_ll is 3.115419940811751[0m
[38;20m2026-09-28 10:11:08,931 - tpp_runner.py[pid:5388;line:136:_train_model] - INFO: [ Epoch 255 (test) ]: test loglike is 2.2743988794268124, num_events is 33655, mark_ll is -1.4871864002609196, time_ll is 3.7615851853829296[0m
[31;1m2026-09-28 10:11:08,931 - tpp_runner.py[pid:5388;line:140:_train_model] - CRITICAL: current best loglike on valid set is 1.6588 (updated at epoch-112)[0m
[38;20m2026-09-28 10:11:14,383 - tpp_runner.py[pid:5388;line:104:_train_model] - INFO: [ Epoch 256 (train) ]: train loglike is 1.8227114493989032, num_events is 66675, mark_ll is -1.4662918819717847, time_ll is 3.289003342355643[0m
[38;20m2026-09-28 10:11:14,581 - tpp_runner.py[pid:5388;line:116:_train_model] - INFO: [ Epoch 256 (valid) ]:  valid loglike is 1.6040575675502593, num_events is 17018, mark_ll is -1.4942178209515293, time_ll is 3.0982754100208236[0m
[38;20m2026-09-28 10:11:14,971 - tpp_runner.py[pid:5388;line:136:_train_model] - INFO: [ Epoch 256 (test) ]: test loglike is 2.2724972303404956, num_events is 33655, mark_ll is -1.487329504171464, time_ll is 3.7598268070541154[0m
[31;1m2026-09-28 10:11:14,971 - tpp_runner.py[pid:5388;line:140:_train_model] - CRITICAL: current best loglike on valid set is 1.6588 (updated at epoch-112)[0m
[38;20m2026-09-28 10:11:20,071 - tpp_runner.py[pid:5388;line:104:_train_model] - INFO: [ Epoch 257 (train) ]: train loglike is 1.8149340902699662, num_events is 66675, mark_ll is -1.4662040902113798, time_ll is 3.281138202451256[0m
[38;20m2026-09-28 10:11:20,259 - tpp_runner.py[pid:5388;line:116:_train_model] - INFO: [ Epoch 257 (valid) ]:  valid loglike is 1.634167682747679, num_events is 17018, mark_ll is -1.494172874860442, time_ll is 3.1283406006461907[0m
[38;20m2026-09-28 10:11:20,645 - tpp_runner.py[pid:5388;line:136:_train_model] - INFO: [ Epoch 257 (test) ]: test loglike is 2.286904182258394, num_events is 33655, mark_ll is -1.4873325980944045, time_ll is 3.7742366824208884[0m
[31;1m2026-09-28 10:11:20,645 - tpp_runner.py[pid:5388;line:140:_train_model] - CRITICAL: current best loglike on valid set is 1.6588 (updated at epoch-112)[0m
[38;20m2026-09-28 10:11:25,743 - tpp_runner.py[pid:5388;line:104:_train_model] - INFO: [ Epoch 258 (train) ]: train loglike is 1.797468637953459, num_events is 66675, mark_ll is -1.4659630510053432, time_ll is 3.263431743883577[0m
[38;20m2026-09-28 10:11:25,943 - tpp_runner.py[pid:5388;line:116:_train_model] - INFO: [ Epoch 258 (valid) ]:  valid loglike is 1.6129754932048053, num_events is 17018, mark_ll is -1.4940320256034052, time_ll is 3.107007590538327[0m
[38;20m2026-09-28 10:11:26,328 - tpp_runner.py[pid:5388;line:136:_train_model] - INFO: [ Epoch 258 (test) ]: test loglike is 2.2803820875136958, num_events is 33655, mark_ll is -1.4873859419685969, time_ll is 3.767767975075676[0m
[31;1m2026-09-28 10:11:26,342 - tpp_runner.py[pid:5388;line:140:_train_model] - CRITICAL: current best loglike on valid set is 1.6588 (updated at epoch-112)[0m
[38;20m2026-09-28 10:11:31,508 - tpp_runner.py[pid:5388;line:104:_train_model] - INFO: [ Epoch 259 (train) ]: train loglike is 1.8255584165260592, num_events is 66675, mark_ll is -1.4660289241188602, time_ll is 3.291587340644919[0m
[38;20m2026-09-28 10:11:31,705 - tpp_runner.py[pid:5388;line:116:_train_model] - INFO: [ Epoch 259 (valid) ]:  valid loglike is 1.6253818911409978, num_events is 17018, mark_ll is -1.4942530117467534, time_ll is 3.1196348455036578[0m
[38;20m2026-09-28 10:11:32,091 - tpp_runner.py[pid:5388;line:136:_train_model] - INFO: [ Epoch 259 (test) ]: test loglike is 2.298170399782722, num_events is 33655, mark_ll is -1.4874074797346233, time_ll is 3.785577850500483[0m
[31;1m2026-09-28 10:11:32,091 - tpp_runner.py[pid:5388;line:140:_train_model] - CRITICAL: current best loglike on valid set is 1.6588 (updated at epoch-112)[0m
[38;20m2026-09-28 10:11:37,377 - tpp_runner.py[pid:5388;line:104:_train_model] - INFO: [ Epoch 260 (train) ]: train loglike is 1.8293942053630015, num_events is 66675, mark_ll is -1.4657152230971129, time_ll is 3.295109366212036[0m
[38;20m2026-09-28 10:11:37,586 - tpp_runner.py[pid:5388;line:116:_train_model] - INFO: [ Epoch 260 (valid) ]:  valid loglike is 1.6278839236855829, num_events is 17018, mark_ll is -1.4942723143211416, time_ll is 3.122156159103596[0m
[38;20m2026-09-28 10:11:37,959 - tpp_runner.py[pid:5388;line:136:_train_model] - INFO: [ Epoch 260 (test) ]: test loglike is 2.285507154542648, num_events is 33655, mark_ll is -1.4874363297499442, time_ll is 3.772943516936562[0m
[31;1m2026-09-28 10:11:37,959 - tpp_runner.py[pid:5388;line:140:_train_model] - CRITICAL: current best loglike on valid set is 1.6588 (updated at epoch-112)[0m
[38;20m2026-09-28 10:11:43,143 - tpp_runner.py[pid:5388;line:104:_train_model] - INFO: [ Epoch 261 (train) ]: train loglike is 1.8277526905816461, num_events is 66675, mark_ll is -1.4660549877554367, time_ll is 3.293807766216723[0m
[38;20m2026-09-28 10:11:43,335 - tpp_runner.py[pid:5388;line:116:_train_model] - INFO: [ Epoch 261 (valid) ]:  valid loglike is 1.5875672512881582, num_events is 17018, mark_ll is -1.494237898211177, time_ll is 3.081805113634277[0m
[38;20m2026-09-28 10:11:43,727 - tpp_runner.py[pid:5388;line:136:_train_model] - INFO: [ Epoch 261 (test) ]: test loglike is 2.2723786166617144, num_events is 33655, mark_ll is -1.4874463296861071, time_ll is 3.7598248991954204[0m
[31;1m2026-09-28 10:11:43,727 - tpp_runner.py[pid:5388;line:140:_train_model] - CRITICAL: current best loglike on valid set is 1.6588 (updated at epoch-112)[0m
[38;20m2026-09-28 10:11:49,123 - tpp_runner.py[pid:5388;line:104:_train_model] - INFO: [ Epoch 262 (train) ]: train loglike is 1.8094223158628608, num_events is 66675, mark_ll is -1.4661970671634796, time_ll is 3.275619434289464[0m
[38;20m2026-09-28 10:11:49,332 - tpp_runner.py[pid:5388;line:116:_train_model] - INFO: [ Epoch 262 (valid) ]:  valid loglike is 1.5883479260126228, num_events is 17018, mark_ll is -1.4941806360590624, time_ll is 3.0825286122827666[0m
[38;20m2026-09-28 10:11:49,780 - tpp_runner.py[pid:5388;line:136:_train_model] - INFO: [ Epoch 262 (test) ]: test loglike is 2.2854059183372644, num_events is 33655, mark_ll is -1.4874244944972423, time_ll is 3.7728303874447517[0m
[31;1m2026-09-28 10:11:49,780 - tpp_runner.py[pid:5388;line:140:_train_model] - CRITICAL: current best loglike on valid set is 1.6588 (updated at epoch-112)[0m
[38;20m2026-09-28 10:11:55,060 - tpp_runner.py[pid:5388;line:104:_train_model] - INFO: [ Epoch 263 (train) ]: train loglike is 1.8225723102971503, num_events is 66675, mark_ll is -1.4665215407644356, time_ll is 3.289093785151856[0m
[38;20m2026-09-28 10:11:55,254 - tpp_runner.py[pid:5388;line:116:_train_model] - INFO: [ Epoch 263 (valid) ]:  valid loglike is 1.6145694942028292, num_events is 17018, mark_ll is -1.4943323667747936, time_ll is 3.108901839458588[0m
[38;20m2026-09-28 10:11:55,649 - tpp_runner.py[pid:5388;line:136:_train_model] - INFO: [ Epoch 263 (test) ]: test loglike is 2.271760651799974, num_events is 33655, mark_ll is -1.4875183858093615, time_ll is 3.7592789541858567[0m
[31;1m2026-09-28 10:11:55,649 - tpp_runner.py[pid:5388;line:140:_train_model] - CRITICAL: current best loglike on valid set is 1.6588 (updated at epoch-112)[0m
[38;20m2026-09-28 10:12:00,939 - tpp_runner.py[pid:5388;line:104:_train_model] - INFO: [ Epoch 264 (train) ]: train loglike is 1.7945915427563741, num_events is 66675, mark_ll is -1.4666705333708288, time_ll is 3.2612620688038993[0m
[38;20m2026-09-28 10:12:01,138 - tpp_runner.py[pid:5388;line:116:_train_model] - INFO: [ Epoch 264 (valid) ]:  valid loglike is 1.593605377738828, num_events is 17018, mark_ll is -1.4941911445211504, time_ll is 3.0877964003187803[0m
[38;20m2026-09-28 10:12:01,524 - tpp_runner.py[pid:5388;line:136:_train_model] - INFO: [ Epoch 264 (test) ]: test loglike is 2.2798745717111126, num_events is 33655, mark_ll is -1.487540210116903, time_ll is 3.7674147745738003[0m
[31;1m2026-09-28 10:12:01,524 - tpp_runner.py[pid:5388;line:140:_train_model] - CRITICAL: current best loglike on valid set is 1.6588 (updated at epoch-112)[0m
[38;20m2026-09-28 10:12:06,643 - tpp_runner.py[pid:5388;line:104:_train_model] - INFO: [ Epoch 265 (train) ]: train loglike is 1.8215169783464566, num_events is 66675, mark_ll is -1.4668587788831084, time_ll is 3.2883757718761717[0m
[38;20m2026-09-28 10:12:06,843 - tpp_runner.py[pid:5388;line:116:_train_model] - INFO: [ Epoch 265 (valid) ]:  valid loglike is 1.613405543946116, num_events is 17018, mark_ll is -1.4942704780301557, time_ll is 3.107675943073143[0m
[38;20m2026-09-28 10:12:07,260 - tpp_runner.py[pid:5388;line:136:_train_model] - INFO: [ Epoch 265 (test) ]: test loglike is 2.2794519338578034, num_events is 33655, mark_ll is -1.487442742476508, time_ll is 3.7668947706391136[0m
[31;1m2026-09-28 10:12:07,260 - tpp_runner.py[pid:5388;line:140:_train_model] - CRITICAL: current best loglike on valid set is 1.6588 (updated at epoch-112)[0m
[38;20m2026-09-28 10:12:12,443 - tpp_runner.py[pid:5388;line:104:_train_model] - INFO: [ Epoch 266 (train) ]: train loglike is 1.8174454633600488, num_events is 66675, mark_ll is -1.4659477160081553, time_ll is 3.283393113458474[0m
[38;20m2026-09-28 10:12:12,642 - tpp_runner.py[pid:5388;line:116:_train_model] - INFO: [ Epoch 266 (valid) ]:  valid loglike is 1.645740677150664, num_events is 17018, mark_ll is -1.4942854265864636, time_ll is 3.1400260822180925[0m
[38;20m2026-09-28 10:12:13,032 - tpp_runner.py[pid:5388;line:136:_train_model] - INFO: [ Epoch 266 (test) ]: test loglike is 2.2944230316121303, num_events is 33655, mark_ll is -1.4875061298121564, time_ll is 3.781929197695365[0m
[31;1m2026-09-28 10:12:13,032 - tpp_runner.py[pid:5388;line:140:_train_model] - CRITICAL: current best loglike on valid set is 1.6588 (updated at epoch-112)[0m
[38;20m2026-09-28 10:12:18,332 - tpp_runner.py[pid:5388;line:104:_train_model] - INFO: [ Epoch 267 (train) ]: train loglike is 1.819078010756468, num_events is 66675, mark_ll is -1.466373207255343, time_ll is 3.2854511887185978[0m
[38;20m2026-09-28 10:12:18,521 - tpp_runner.py[pid:5388;line:116:_train_model] - INFO: [ Epoch 267 (valid) ]:  valid loglike is 1.6262176904601011, num_events is 17018, mark_ll is -1.4943835175209705, time_ll is 3.1206012940572116[0m
[38;20m2026-09-28 10:12:18,914 - tpp_runner.py[pid:5388;line:136:_train_model] - INFO: [ Epoch 267 (test) ]: test loglike is 2.2859324873370412, num_events is 33655, mark_ll is -1.487538864459915, time_ll is 3.773471391695142[0m
[31;1m2026-09-28 10:12:18,914 - tpp_runner.py[pid:5388;line:140:_train_model] - CRITICAL: current best loglike on valid set is 1.6588 (updated at epoch-112)[0m
[38;20m2026-09-28 10:12:24,052 - tpp_runner.py[pid:5388;line:104:_train_model] - INFO: [ Epoch 268 (train) ]: train loglike is 1.8240851949170416, num_events is 66675, mark_ll is -1.465931190974175, time_ll is 3.2900163529363518[0m
[38;20m2026-09-28 10:12:24,247 - tpp_runner.py[pid:5388;line:116:_train_model] - INFO: [ Epoch 268 (valid) ]:  valid loglike is 1.6201922602400767, num_events is 17018, mark_ll is -1.4943586989006126, time_ll is 3.1145510165247825[0m
[38;20m2026-09-28 10:12:24,636 - tpp_runner.py[pid:5388;line:136:_train_model] - INFO: [ Epoch 268 (test) ]: test loglike is 2.2802918559533314, num_events is 33655, mark_ll is -1.4875994335328147, time_ll is 3.7678912459608527[0m
[31;1m2026-09-28 10:12:24,636 - tpp_runner.py[pid:5388;line:140:_train_model] - CRITICAL: current best loglike on valid set is 1.6588 (updated at epoch-112)[0m
[38;20m2026-09-28 10:12:29,791 - tpp_runner.py[pid:5388;line:104:_train_model] - INFO: [ Epoch 269 (train) ]: train loglike is 1.8199284879429134, num_events is 66675, mark_ll is -1.4662211059066836, time_ll is 3.2861495755413386[0m
[38;20m2026-09-28 10:12:29,991 - tpp_runner.py[pid:5388;line:116:_train_model] - INFO: [ Epoch 269 (valid) ]:  valid loglike is 1.6324610726395397, num_events is 17018, mark_ll is -1.4944324589795548, time_ll is 3.126893560311141[0m
[38;20m2026-09-28 10:12:30,378 - tpp_runner.py[pid:5388;line:136:_train_model] - INFO: [ Epoch 269 (test) ]: test loglike is 2.2859462449568695, num_events is 33655, mark_ll is -1.4875915046751969, time_ll is 3.7735378910892696[0m
[31;1m2026-09-28 10:12:30,378 - tpp_runner.py[pid:5388;line:140:_train_model] - CRITICAL: current best loglike on valid set is 1.6588 (updated at epoch-112)[0m
[38;20m2026-09-28 10:12:35,530 - tpp_runner.py[pid:5388;line:104:_train_model] - INFO: [ Epoch 270 (train) ]: train loglike is 1.8282254244586613, num_events is 66675, mark_ll is -1.466422998394732, time_ll is 3.2946484667932134[0m
[38;20m2026-09-28 10:12:35,727 - tpp_runner.py[pid:5388;line:116:_train_model] - INFO: [ Epoch 270 (valid) ]:  valid loglike is 1.559474789503669, num_events is 17018, mark_ll is -1.4946144526314968, time_ll is 3.0540893282113055[0m
[38;20m2026-09-28 10:12:36,115 - tpp_runner.py[pid:5388;line:136:_train_model] - INFO: [ Epoch 270 (test) ]: test loglike is 2.2888908181072183, num_events is 33655, mark_ll is -1.4875750666227159, time_ll is 3.7764660334413533[0m
[31;1m2026-09-28 10:12:36,117 - tpp_runner.py[pid:5388;line:140:_train_model] - CRITICAL: current best loglike on valid set is 1.6588 (updated at epoch-112)[0m
[38;20m2026-09-28 10:12:41,235 - tpp_runner.py[pid:5388;line:104:_train_model] - INFO: [ Epoch 271 (train) ]: train loglike is 1.8199772684664417, num_events is 66675, mark_ll is -1.465558207811914, time_ll is 3.2855354799400076[0m
[38;20m2026-09-28 10:12:41,433 - tpp_runner.py[pid:5388;line:116:_train_model] - INFO: [ Epoch 271 (valid) ]:  valid loglike is 1.6044029480618867, num_events is 17018, mark_ll is -1.494577203181925, time_ll is 3.09898018710887[0m
[38;20m2026-09-28 10:12:41,823 - tpp_runner.py[pid:5388;line:136:_train_model] - INFO: [ Epoch 271 (test) ]: test loglike is 2.2812978596872213, num_events is 33655, mark_ll is -1.4876470139327367, time_ll is 3.768944753925401[0m
[31;1m2026-09-28 10:12:41,823 - tpp_runner.py[pid:5388;line:140:_train_model] - CRITICAL: current best loglike on valid set is 1.6588 (updated at epoch-112)[0m
[38;20m2026-09-28 10:12:46,955 - tpp_runner.py[pid:5388;line:104:_train_model] - INFO: [ Epoch 272 (train) ]: train loglike is 1.8265525988938882, num_events is 66675, mark_ll is -1.4662250787987439, time_ll is 3.292777670369329[0m
[38;20m2026-09-28 10:12:47,177 - tpp_runner.py[pid:5388;line:116:_train_model] - INFO: [ Epoch 272 (valid) ]:  valid loglike is 1.6183152911049146, num_events is 17018, mark_ll is -1.494399011226165, time_ll is 3.1127143095040912[0m
[38;20m2026-09-28 10:12:47,567 - tpp_runner.py[pid:5388;line:136:_train_model] - INFO: [ Epoch 272 (test) ]: test loglike is 2.2772808704594416, num_events is 33655, mark_ll is -1.4876230169876319, time_ll is 3.7649038294133486[0m
[31;1m2026-09-28 10:12:47,567 - tpp_runner.py[pid:5388;line:140:_train_model] - CRITICAL: current best loglike on valid set is 1.6588 (updated at epoch-112)[0m
[38;20m2026-09-28 10:12:52,689 - tpp_runner.py[pid:5388;line:104:_train_model] - INFO: [ Epoch 273 (train) ]: train loglike is 1.8292837369938133, num_events is 66675, mark_ll is -1.4661343906718691, time_ll is 3.2954181606205473[0m
[38;20m2026-09-28 10:12:52,888 - tpp_runner.py[pid:5388;line:116:_train_model] - INFO: [ Epoch 273 (valid) ]:  valid loglike is 1.6118836747533862, num_events is 17018, mark_ll is -1.4945818082554134, time_ll is 3.106465425624706[0m
[38;20m2026-09-28 10:12:53,279 - tpp_runner.py[pid:5388;line:136:_train_model] - INFO: [ Epoch 273 (test) ]: test loglike is 2.292027693258106, num_events is 33655, mark_ll is -1.4876285882251894, time_ll is 3.7796562851104034[0m
[31;1m2026-09-28 10:12:53,279 - tpp_runner.py[pid:5388;line:140:_train_model] - CRITICAL: current best loglike on valid set is 1.6588 (updated at epoch-112)[0m
[38;20m2026-09-28 10:12:58,400 - tpp_runner.py[pid:5388;line:104:_train_model] - INFO: [ Epoch 274 (train) ]: train loglike is 1.8151025775098426, num_events is 66675, mark_ll is -1.4664835035269028, time_ll is 3.2815860444202287[0m
[38;20m2026-09-28 10:12:58,585 - tpp_runner.py[pid:5388;line:116:_train_model] - INFO: [ Epoch 274 (valid) ]:  valid loglike is 1.6259202830504833, num_events is 17018, mark_ll is -1.494579125549051, time_ll is 3.120499394253511[0m
[38;20m2026-09-28 10:12:58,987 - tpp_runner.py[pid:5388;line:136:_train_model] - INFO: [ Epoch 274 (test) ]: test loglike is 2.2876182473408946, num_events is 33655, mark_ll is -1.4876717616891528, time_ll is 3.7752900090300474[0m
[31;1m2026-09-28 10:12:58,987 - tpp_runner.py[pid:5388;line:140:_train_model] - CRITICAL: current best loglike on valid set is 1.6588 (updated at epoch-112)[0m
[38;20m2026-09-28 10:13:04,144 - tpp_runner.py[pid:5388;line:104:_train_model] - INFO: [ Epoch 275 (train) ]: train loglike is 1.8057168928102738, num_events is 66675, mark_ll is -1.4671806966511998, time_ll is 3.2728976114313837[0m
[38;20m2026-09-28 10:13:04,343 - tpp_runner.py[pid:5388;line:116:_train_model] - INFO: [ Epoch 275 (valid) ]:  valid loglike is 1.626761519512428, num_events is 17018, mark_ll is -1.4945118570456648, time_ll is 3.1212734482882096[0m
[38;20m2026-09-28 10:13:04,727 - tpp_runner.py[pid:5388;line:136:_train_model] - INFO: [ Epoch 275 (test) ]: test loglike is 2.2718973973905716, num_events is 33655, mark_ll is -1.4876001952254494, time_ll is 3.759497574480482[0m
[31;1m2026-09-28 10:13:04,727 - tpp_runner.py[pid:5388;line:140:_train_model] - CRITICAL: current best loglike on valid set is 1.6588 (updated at epoch-112)[0m
[38;20m2026-09-28 10:13:09,864 - tpp_runner.py[pid:5388;line:104:_train_model] - INFO: [ Epoch 276 (train) ]: train loglike is 1.81213573156871, num_events is 66675, mark_ll is -1.4662632478557367, time_ll is 3.278398935484627[0m
[38;20m2026-09-28 10:13:10,062 - tpp_runner.py[pid:5388;line:116:_train_model] - INFO: [ Epoch 276 (valid) ]:  valid loglike is 1.6218192570917558, num_events is 17018, mark_ll is -1.4945807036116172, time_ll is 3.1164000180874663[0m
[38;20m2026-09-28 10:13:10,453 - tpp_runner.py[pid:5388;line:136:_train_model] - INFO: [ Epoch 276 (test) ]: test loglike is 2.2844795767716537, num_events is 33655, mark_ll is -1.4876235683080152, time_ll is 3.772103087045944[0m
[31;1m2026-09-28 10:13:10,453 - tpp_runner.py[pid:5388;line:140:_train_model] - CRITICAL: current best loglike on valid set is 1.6588 (updated at epoch-112)[0m
[38;20m2026-09-28 10:13:15,621 - tpp_runner.py[pid:5388;line:104:_train_model] - INFO: [ Epoch 277 (train) ]: train loglike is 1.8239251807391264, num_events is 66675, mark_ll is -1.4667360696123921, time_ll is 3.290661279644732[0m
[38;20m2026-09-28 10:13:15,807 - tpp_runner.py[pid:5388;line:116:_train_model] - INFO: [ Epoch 277 (valid) ]:  valid loglike is 1.5963657176064499, num_events is 17018, mark_ll is -1.4945560571435392, time_ll is 3.0909217675769773[0m
[38;20m2026-09-28 10:13:16,207 - tpp_runner.py[pid:5388;line:136:_train_model] - INFO: [ Epoch 277 (test) ]: test loglike is 2.296415314867776, num_events is 33655, mark_ll is -1.487555472986462, time_ll is 3.78397075158316[0m
[31;1m2026-09-28 10:13:16,207 - tpp_runner.py[pid:5388;line:140:_train_model] - CRITICAL: current best loglike on valid set is 1.6588 (updated at epoch-112)[0m
[38;20m2026-09-28 10:13:21,397 - tpp_runner.py[pid:5388;line:104:_train_model] - INFO: [ Epoch 278 (train) ]: train loglike is 1.8144968524442258, num_events is 66675, mark_ll is -1.4657378081646044, time_ll is 3.2802346239923135[0m
[38;20m2026-09-28 10:13:21,599 - tpp_runner.py[pid:5388;line:116:_train_model] - INFO: [ Epoch 278 (valid) ]:  valid loglike is 1.6021368358709345, num_events is 17018, mark_ll is -1.4945738749045128, time_ll is 3.0967107322944822[0m
[38;20m2026-09-28 10:13:21,990 - tpp_runner.py[pid:5388;line:136:_train_model] - INFO: [ Epoch 278 (test) ]: test loglike is 2.265612624308238, num_events is 33655, mark_ll is -1.487542386381574, time_ll is 3.7531549889271654[0m
[31;1m2026-09-28 10:13:21,990 - tpp_runner.py[pid:5388;line:140:_train_model] - CRITICAL: current best loglike on valid set is 1.6588 (updated at epoch-112)[0m
[38;20m2026-09-28 10:13:27,176 - tpp_runner.py[pid:5388;line:104:_train_model] - INFO: [ Epoch 279 (train) ]: train loglike is 1.8205730155312616, num_events is 66675, mark_ll is -1.4666037814609112, time_ll is 3.2871767933305214[0m
[38;20m2026-09-28 10:13:27,369 - tpp_runner.py[pid:5388;line:116:_train_model] - INFO: [ Epoch 279 (valid) ]:  valid loglike is 1.611198515852241, num_events is 17018, mark_ll is -1.4946192011652184, time_ll is 3.1058176739793897[0m
[38;20m2026-09-28 10:13:27,761 - tpp_runner.py[pid:5388;line:136:_train_model] - INFO: [ Epoch 279 (test) ]: test loglike is 2.27536503212747, num_events is 33655, mark_ll is -1.487503068533186, time_ll is 3.7628680934064405[0m
[31;1m2026-09-28 10:13:27,761 - tpp_runner.py[pid:5388;line:140:_train_model] - CRITICAL: current best loglike on valid set is 1.6588 (updated at epoch-112)[0m
[38;20m2026-09-28 10:13:32,970 - tpp_runner.py[pid:5388;line:104:_train_model] - INFO: [ Epoch 280 (train) ]: train loglike is 1.812671196862111, num_events is 66675, mark_ll is -1.4668222465844114, time_ll is 3.2794933665518373[0m
[38;20m2026-09-28 10:13:33,166 - tpp_runner.py[pid:5388;line:116:_train_model] - INFO: [ Epoch 280 (valid) ]:  valid loglike is 1.6222530880102135, num_events is 17018, mark_ll is -1.4945287853531921, time_ll is 3.116781909228464[0m
[38;20m2026-09-28 10:13:33,554 - tpp_runner.py[pid:5388;line:136:_train_model] - INFO: [ Epoch 280 (test) ]: test loglike is 2.288888797808182, num_events is 33655, mark_ll is -1.4875081755009472, time_ll is 3.7763968862585426[0m
[31;1m2026-09-28 10:13:33,554 - tpp_runner.py[pid:5388;line:140:_train_model] - CRITICAL: current best loglike on valid set is 1.6588 (updated at epoch-112)[0m
[38;20m2026-09-28 10:13:38,700 - tpp_runner.py[pid:5388;line:104:_train_model] - INFO: [ Epoch 281 (train) ]: train loglike is 1.8015832945198256, num_events is 66675, mark_ll is -1.465616735652184, time_ll is 3.267200037495313[0m
[38;20m2026-09-28 10:13:38,894 - tpp_runner.py[pid:5388;line:116:_train_model] - INFO: [ Epoch 281 (valid) ]:  valid loglike is 1.6061980659609494, num_events is 17018, mark_ll is -1.4944304433632771, time_ll is 3.1006285451892848[0m
[38;20m2026-09-28 10:13:39,276 - tpp_runner.py[pid:5388;line:136:_train_model] - INFO: [ Epoch 281 (test) ]: test loglike is 2.2819953271244984, num_events is 33655, mark_ll is -1.4875300542151055, time_ll is 3.769525330560095[0m
[31;1m2026-09-28 10:13:39,826 - tpp_runner.py[pid:5388;line:140:_train_model] - CRITICAL: current best loglike on valid set is 1.6588 (updated at epoch-112)[0m
[38;20m2026-09-28 10:13:45,045 - tpp_runner.py[pid:5388;line:104:_train_model] - INFO: [ Epoch 282 (train) ]: train loglike is 1.8196127144263217, num_events is 66675, mark_ll is -1.4664292927739502, time_ll is 3.28604200353862[0m
[38;20m2026-09-28 10:13:45,245 - tpp_runner.py[pid:5388;line:116:_train_model] - INFO: [ Epoch 282 (valid) ]:  valid loglike is 1.6343178425738556, num_events is 17018, mark_ll is -1.4945542065065298, time_ll is 3.128872077772432[0m
[38;20m2026-09-28 10:13:45,628 - tpp_runner.py[pid:5388;line:136:_train_model] - INFO: [ Epoch 282 (test) ]: test loglike is 2.2947120032893515, num_events is 33655, mark_ll is -1.4876020958299287, time_ll is 3.782314041085556[0m
[31;1m2026-09-28 10:13:45,628 - tpp_runner.py[pid:5388;line:140:_train_model] - CRITICAL: current best loglike on valid set is 1.6588 (updated at epoch-112)[0m
[38;20m2026-09-28 10:13:50,750 - tpp_runner.py[pid:5388;line:104:_train_model] - INFO: [ Epoch 283 (train) ]: train loglike is 1.8032328759198069, num_events is 66675, mark_ll is -1.4660141456927258, time_ll is 3.269247039920791[0m
[38;20m2026-09-28 10:13:50,950 - tpp_runner.py[pid:5388;line:116:_train_model] - INFO: [ Epoch 283 (valid) ]:  valid loglike is 1.6089207977284163, num_events is 17018, mark_ll is -1.4946125230913592, time_ll is 3.1035333279927872[0m
[38;20m2026-09-28 10:13:51,338 - tpp_runner.py[pid:5388;line:136:_train_model] - INFO: [ Epoch 283 (test) ]: test loglike is 2.2717530058567634, num_events is 33655, mark_ll is -1.4875709716180268, time_ll is 3.7593239158139578[0m
[31;1m2026-09-28 10:13:51,339 - tpp_runner.py[pid:5388;line:140:_train_model] - CRITICAL: current best loglike on valid set is 1.6588 (updated at epoch-112)[0m
[38;20m2026-09-28 10:13:56,428 - tpp_runner.py[pid:5388;line:104:_train_model] - INFO: [ Epoch 284 (train) ]: train loglike is 1.807066068645716, num_events is 66675, mark_ll is -1.4674367998922009, time_ll is 3.2745028502296587[0m
[38;20m2026-09-28 10:13:56,630 - tpp_runner.py[pid:5388;line:116:_train_model] - INFO: [ Epoch 284 (valid) ]:  valid loglike is 1.603289531672347, num_events is 17018, mark_ll is -1.4944725489417454, time_ll is 3.0977620088839757[0m
[38;20m2026-09-28 10:13:57,027 - tpp_runner.py[pid:5388;line:136:_train_model] - INFO: [ Epoch 284 (test) ]: test loglike is 2.2714311145492867, num_events is 33655, mark_ll is -1.4875779030210035, time_ll is 3.7590091191293085[0m
[31;1m2026-09-28 10:13:57,027 - tpp_runner.py[pid:5388;line:140:_train_model] - CRITICAL: current best loglike on valid set is 1.6588 (updated at epoch-112)[0m
[38;20m2026-09-28 10:14:02,098 - tpp_runner.py[pid:5388;line:104:_train_model] - INFO: [ Epoch 285 (train) ]: train loglike is 1.8176642507088958, num_events is 66675, mark_ll is -1.4658864272825272, time_ll is 3.283550762209411[0m
[38;20m2026-09-28 10:14:02,301 - tpp_runner.py[pid:5388;line:116:_train_model] - INFO: [ Epoch 285 (valid) ]:  valid loglike is 1.5861478270480154, num_events is 17018, mark_ll is -1.4945928044822945, time_ll is 3.0807407104334383[0m
[38;20m2026-09-28 10:14:02,694 - tpp_runner.py[pid:5388;line:136:_train_model] - INFO: [ Epoch 285 (test) ]: test loglike is 2.282294222568619, num_events is 33655, mark_ll is -1.487618918355835, time_ll is 3.7699131699413164[0m
[31;1m2026-09-28 10:14:02,694 - tpp_runner.py[pid:5388;line:140:_train_model] - CRITICAL: current best loglike on valid set is 1.6588 (updated at epoch-112)[0m
[38;20m2026-09-28 10:14:08,229 - tpp_runner.py[pid:5388;line:104:_train_model] - INFO: [ Epoch 286 (train) ]: train loglike is 1.8087024058516123, num_events is 66675, mark_ll is -1.4667016940265278, time_ll is 3.27540414381796[0m
[38;20m2026-09-28 10:14:08,428 - tpp_runner.py[pid:5388;line:116:_train_model] - INFO: [ Epoch 286 (valid) ]:  valid loglike is 1.6126441287579696, num_events is 17018, mark_ll is -1.4945560284514925, time_ll is 3.1072001428634386[0m
[38;20m2026-09-28 10:14:08,833 - tpp_runner.py[pid:5388;line:136:_train_model] - INFO: [ Epoch 286 (test) ]: test loglike is 2.2896402873888073, num_events is 33655, mark_ll is -1.4876079209650312, time_ll is 3.7772482409978085[0m
[31;1m2026-09-28 10:14:08,833 - tpp_runner.py[pid:5388;line:140:_train_model] - CRITICAL: current best loglike on valid set is 1.6588 (updated at epoch-112)[0m
[38;20m2026-09-28 10:14:14,022 - tpp_runner.py[pid:5388;line:104:_train_model] - INFO: [ Epoch 287 (train) ]: train loglike is 1.8133942888486596, num_events is 66675, mark_ll is -1.466950748588067, time_ll is 3.28034500082021[0m
[38;20m2026-09-28 10:14:14,221 - tpp_runner.py[pid:5388;line:116:_train_model] - INFO: [ Epoch 287 (valid) ]:  valid loglike is 1.6125691564400562, num_events is 17018, mark_ll is -1.4945404630161814, time_ll is 3.1071096481482843[0m
[38;20m2026-09-28 10:14:14,607 - tpp_runner.py[pid:5388;line:136:_train_model] - INFO: [ Epoch 287 (test) ]: test loglike is 2.278853257955263, num_events is 33655, mark_ll is -1.4875540765499646, time_ll is 3.7664074251829223[0m
[31;1m2026-09-28 10:14:14,608 - tpp_runner.py[pid:5388;line:140:_train_model] - CRITICAL: current best loglike on valid set is 1.6588 (updated at epoch-112)[0m
[38;20m2026-09-28 10:14:19,743 - tpp_runner.py[pid:5388;line:104:_train_model] - INFO: [ Epoch 288 (train) ]: train loglike is 1.8144730736782901, num_events is 66675, mark_ll is -1.4669900124789088, time_ll is 3.2814631593902326[0m
[38;20m2026-09-28 10:14:19,942 - tpp_runner.py[pid:5388;line:116:_train_model] - INFO: [ Epoch 288 (valid) ]:  valid loglike is 1.6152669906840367, num_events is 17018, mark_ll is -1.494605694384255, time_ll is 3.10987272093335[0m
[38;20m2026-09-28 10:14:20,331 - tpp_runner.py[pid:5388;line:136:_train_model] - INFO: [ Epoch 288 (test) ]: test loglike is 2.2660236771792825, num_events is 33655, mark_ll is -1.4875026840597607, time_ll is 3.753526361239043[0m
[31;1m2026-09-28 10:14:20,331 - tpp_runner.py[pid:5388;line:140:_train_model] - CRITICAL: current best loglike on valid set is 1.6588 (updated at epoch-112)[0m
[38;20m2026-09-28 10:14:25,454 - tpp_runner.py[pid:5388;line:104:_train_model] - INFO: [ Epoch 289 (train) ]: train loglike is 1.8223834715973004, num_events is 66675, mark_ll is -1.4660293708403638, time_ll is 3.288412857084271[0m
[38;20m2026-09-28 10:14:25,655 - tpp_runner.py[pid:5388;line:116:_train_model] - INFO: [ Epoch 289 (valid) ]:  valid loglike is 1.616479810669218, num_events is 17018, mark_ll is -1.4945115844712216, time_ll is 3.1109914238324863[0m
[38;20m2026-09-28 10:14:26,045 - tpp_runner.py[pid:5388;line:136:_train_model] - INFO: [ Epoch 289 (test) ]: test loglike is 2.2843428057913013, num_events is 33655, mark_ll is -1.4875162385615528, time_ll is 3.7718590697426086[0m
[31;1m2026-09-28 10:14:26,045 - tpp_runner.py[pid:5388;line:140:_train_model] - CRITICAL: current best loglike on valid set is 1.6588 (updated at epoch-112)[0m
[38;20m2026-09-28 10:14:31,164 - tpp_runner.py[pid:5388;line:104:_train_model] - INFO: [ Epoch 290 (train) ]: train loglike is 1.8111810144825646, num_events is 66675, mark_ll is -1.465824809008249, time_ll is 3.2770058381374203[0m
[38;20m2026-09-28 10:14:31,359 - tpp_runner.py[pid:5388;line:116:_train_model] - INFO: [ Epoch 290 (valid) ]:  valid loglike is 1.6253392762787011, num_events is 17018, mark_ll is -1.4945892538415206, time_ll is 3.1199285516392568[0m
[38;20m2026-09-28 10:14:31,751 - tpp_runner.py[pid:5388;line:136:_train_model] - INFO: [ Epoch 290 (test) ]: test loglike is 2.276030653558396, num_events is 33655, mark_ll is -1.4875227202031645, time_ll is 3.76355334111759[0m
[31;1m2026-09-28 10:14:31,751 - tpp_runner.py[pid:5388;line:140:_train_model] - CRITICAL: current best loglike on valid set is 1.6588 (updated at epoch-112)[0m
[38;20m2026-09-28 10:14:36,855 - tpp_runner.py[pid:5388;line:104:_train_model] - INFO: [ Epoch 291 (train) ]: train loglike is 1.8126445436996157, num_events is 66675, mark_ll is -1.4664896075002343, time_ll is 3.279134180493063[0m
[38;20m2026-09-28 10:14:37,043 - tpp_runner.py[pid:5388;line:116:_train_model] - INFO: [ Epoch 291 (valid) ]:  valid loglike is 1.619661048515267, num_events is 17018, mark_ll is -1.494682510166166, time_ll is 3.114343573027456[0m
[38;20m2026-09-28 10:14:37,446 - tpp_runner.py[pid:5388;line:136:_train_model] - INFO: [ Epoch 291 (test) ]: test loglike is 2.2968250112005086, num_events is 33655, mark_ll is -1.487524667960045, time_ll is 3.784349726312955[0m
[31;1m2026-09-28 10:14:37,446 - tpp_runner.py[pid:5388;line:140:_train_model] - CRITICAL: current best loglike on valid set is 1.6588 (updated at epoch-112)[0m
[38;20m2026-09-28 10:14:42,550 - tpp_runner.py[pid:5388;line:104:_train_model] - INFO: [ Epoch 292 (train) ]: train loglike is 1.815954977063414, num_events is 66675, mark_ll is -1.4668129057110049, time_ll is 3.2827679157292837[0m
[38;20m2026-09-28 10:14:42,750 - tpp_runner.py[pid:5388;line:116:_train_model] - INFO: [ Epoch 292 (valid) ]:  valid loglike is 1.6122672874171833, num_events is 17018, mark_ll is -1.4946480151530732, time_ll is 3.1069153456083263[0m
[38;20m2026-09-28 10:14:43,137 - tpp_runner.py[pid:5388;line:136:_train_model] - INFO: [ Epoch 292 (test) ]: test loglike is 2.285743420716647, num_events is 33655, mark_ll is -1.4875165468657146, time_ll is 3.773259996599224[0m
[31;1m2026-09-28 10:14:43,137 - tpp_runner.py[pid:5388;line:140:_train_model] - CRITICAL: current best loglike on valid set is 1.6588 (updated at epoch-112)[0m
[38;20m2026-09-28 10:14:48,252 - tpp_runner.py[pid:5388;line:104:_train_model] - INFO: [ Epoch 293 (train) ]: train loglike is 1.8030631107634982, num_events is 66675, mark_ll is -1.4668332022462036, time_ll is 3.26989637525778[0m
[38;20m2026-09-28 10:14:48,449 - tpp_runner.py[pid:5388;line:116:_train_model] - INFO: [ Epoch 293 (valid) ]:  valid loglike is 1.6046721727086761, num_events is 17018, mark_ll is -1.4945874605886047, time_ll is 3.0992596619893273[0m
[38;20m2026-09-28 10:14:48,840 - tpp_runner.py[pid:5388;line:136:_train_model] - INFO: [ Epoch 293 (test) ]: test loglike is 2.2849817026920682, num_events is 33655, mark_ll is -1.4875542760408929, time_ll is 3.7725360258853624[0m
[31;1m2026-09-28 10:14:48,840 - tpp_runner.py[pid:5388;line:140:_train_model] - CRITICAL: current best loglike on valid set is 1.6588 (updated at epoch-112)[0m
[38;20m2026-09-28 10:14:54,003 - tpp_runner.py[pid:5388;line:104:_train_model] - INFO: [ Epoch 294 (train) ]: train loglike is 1.818373117178712, num_events is 66675, mark_ll is -1.4663578905664136, time_ll is 3.2847309345120923[0m
[38;20m2026-09-28 10:14:54,201 - tpp_runner.py[pid:5388;line:116:_train_model] - INFO: [ Epoch 294 (valid) ]:  valid loglike is 1.5906830282297604, num_events is 17018, mark_ll is -1.494551853758704, time_ll is 3.085234788739313[0m
[38;20m2026-09-28 10:14:54,592 - tpp_runner.py[pid:5388;line:136:_train_model] - INFO: [ Epoch 294 (test) ]: test loglike is 2.281986752641695, num_events is 33655, mark_ll is -1.4875636122163312, time_ll is 3.7695504736712597[0m
[31;1m2026-09-28 10:14:54,592 - tpp_runner.py[pid:5388;line:140:_train_model] - CRITICAL: current best loglike on valid set is 1.6588 (updated at epoch-112)[0m
[38;20m2026-09-28 10:14:59,713 - tpp_runner.py[pid:5388;line:104:_train_model] - INFO: [ Epoch 295 (train) ]: train loglike is 1.8239201862462504, num_events is 66675, mark_ll is -1.466712730244657, time_ll is 3.290632887197694[0m
[38;20m2026-09-28 10:14:59,912 - tpp_runner.py[pid:5388;line:116:_train_model] - INFO: [ Epoch 295 (valid) ]:  valid loglike is 1.622411855450387, num_events is 17018, mark_ll is -1.4945603179124676, time_ll is 3.11697210880575[0m
[38;20m2026-09-28 10:15:00,300 - tpp_runner.py[pid:5388;line:136:_train_model] - INFO: [ Epoch 295 (test) ]: test loglike is 2.281876550225867, num_events is 33655, mark_ll is -1.4875394846953462, time_ll is 3.76941602403989[0m
[31;1m2026-09-28 10:15:00,301 - tpp_runner.py[pid:5388;line:140:_train_model] - CRITICAL: current best loglike on valid set is 1.6588 (updated at epoch-112)[0m
[38;20m2026-09-28 10:15:05,462 - tpp_runner.py[pid:5388;line:104:_train_model] - INFO: [ Epoch 296 (train) ]: train loglike is 1.8305257472698726, num_events is 66675, mark_ll is -1.4672299641744, time_ll is 3.2977556638428007[0m
[38;20m2026-09-28 10:15:05,662 - tpp_runner.py[pid:5388;line:116:_train_model] - INFO: [ Epoch 296 (valid) ]:  valid loglike is 1.6047645682719216, num_events is 17018, mark_ll is -1.494556042797516, time_ll is 3.0993207043185893[0m
[38;20m2026-09-28 10:15:06,044 - tpp_runner.py[pid:5388;line:136:_train_model] - INFO: [ Epoch 296 (test) ]: test loglike is 2.2865289942291263, num_events is 33655, mark_ll is -1.4875514033715274, time_ll is 3.7740803105500667[0m
[31;1m2026-09-28 10:15:06,044 - tpp_runner.py[pid:5388;line:140:_train_model] - CRITICAL: current best loglike on valid set is 1.6588 (updated at epoch-112)[0m
[38;20m2026-09-28 10:15:11,181 - tpp_runner.py[pid:5388;line:104:_train_model] - INFO: [ Epoch 297 (train) ]: train loglike is 1.8113575829876734, num_events is 66675, mark_ll is -1.466648424318054, time_ll is 3.278006054907199[0m
[38;20m2026-09-28 10:15:11,385 - tpp_runner.py[pid:5388;line:116:_train_model] - INFO: [ Epoch 297 (valid) ]:  valid loglike is 1.634507540040325, num_events is 17018, mark_ll is -1.494553797644865, time_ll is 3.1290613448582016[0m
[38;20m2026-09-28 10:15:11,769 - tpp_runner.py[pid:5388;line:136:_train_model] - INFO: [ Epoch 297 (test) ]: test loglike is 2.2813746745758894, num_events is 33655, mark_ll is -1.487545658032796, time_ll is 3.7689204015237334[0m
[31;1m2026-09-28 10:15:11,769 - tpp_runner.py[pid:5388;line:140:_train_model] - CRITICAL: current best loglike on valid set is 1.6588 (updated at epoch-112)[0m
[38;20m2026-09-28 10:15:16,893 - tpp_runner.py[pid:5388;line:104:_train_model] - INFO: [ Epoch 298 (train) ]: train loglike is 1.8287105493649232, num_events is 66675, mark_ll is -1.4673196856252344, time_ll is 3.2960301983736406[0m
[38;20m2026-09-28 10:15:17,092 - tpp_runner.py[pid:5388;line:116:_train_model] - INFO: [ Epoch 298 (valid) ]:  valid loglike is 1.6126114054787577, num_events is 17018, mark_ll is -1.4945566022924257, time_ll is 3.10716795038709[0m
[38;20m2026-09-28 10:15:17,484 - tpp_runner.py[pid:5388;line:136:_train_model] - INFO: [ Epoch 298 (test) ]: test loglike is 2.2930218145868926, num_events is 33655, mark_ll is -1.4875453823726044, time_ll is 3.780567131671557[0m
[31;1m2026-09-28 10:15:17,484 - tpp_runner.py[pid:5388;line:140:_train_model] - CRITICAL: current best loglike on valid set is 1.6588 (updated at epoch-112)[0m
[38;20m2026-09-28 10:15:22,595 - tpp_runner.py[pid:5388;line:104:_train_model] - INFO: [ Epoch 299 (train) ]: train loglike is 1.8228517565675384, num_events is 66675, mark_ll is -1.4664941882264717, time_ll is 3.2893459631022686[0m
[38;20m2026-09-28 10:15:22,795 - tpp_runner.py[pid:5388;line:116:_train_model] - INFO: [ Epoch 299 (valid) ]:  valid loglike is 1.5960264700197953, num_events is 17018, mark_ll is -1.494555784569096, time_ll is 3.0905823693570778[0m
[38;20m2026-09-28 10:15:23,184 - tpp_runner.py[pid:5388;line:136:_train_model] - INFO: [ Epoch 299 (test) ]: test loglike is 2.289986875673191, num_events is 33655, mark_ll is -1.4875461223025925, time_ll is 3.77753295445049[0m
[31;1m2026-09-28 10:15:23,184 - tpp_runner.py[pid:5388;line:140:_train_model] - CRITICAL: current best loglike on valid set is 1.6588 (updated at epoch-112)[0m
[38;20m2026-09-28 10:15:23,184 - base_runner.py[pid:5388;line:118:train] - INFO: End S2P2 train! Cost time: 28.825m[0m
RESULT {"model": "S2P2", "dataset": "lob_aapl", "seed": 2019, "ll_per_event": 2.315085627309742, "mark_ll": -1.4809791275906254, "time_ll": 3.7960646678497807, "val_ll": 1.6588146816284595, "best_epoch": 112, "n_params": 34060, "seconds": 1730.1528646945953, "max_epoch": 300, "batch_size": 32}
