
=== Tue Sep 29 15:31:11 2026 attempt 1: D:\Quant\.venv\Scripts\python.exe -u -m infodiff.baselines.easytpp_runner S2P2 taxi 10 2019
[31;1m2026-09-29 15:31:23,104 - config.py[pid:26644;line:33:build_from_yaml_file] - CRITICAL: Load pipeline config class RunnerConfig[0m
[31;1m2026-09-29 15:31:23,106 - runner_config.py[pid:26644;line:205:update_config] - CRITICAL: train model S2P2 using GPU with torch backend[0m
[38;20m2026-09-29 15:31:23,114 - runner_config.py[pid:26644;line:45:__init__] - INFO: Save the config to D:\Quant\results\easytpp\checkpoints/taxi/S2P2/train_2026_09_29_15_31_23\S2P2_train_output.yaml[0m
[38;20m2026-09-29 15:31:23,141 - base_runner.py[pid:26644;line:193:save_log] - INFO: Save the log to D:\Quant\results\easytpp\checkpoints/taxi/S2P2/train_2026_09_29_15_31_23\log[0m
0.22442521993973202 0.2922880961117653
min_dt: 0.0002777778
max_dt: 5.7213888889
[38;20m2026-09-29 15:31:44,723 - tpp_runner.py[pid:26644;line:62:_init_model] - INFO: Num of model parameters 35092[0m
[38;20m2026-09-29 15:31:46,474 - base_runner.py[pid:26644;line:103:train] - INFO: Data 'taxi' loaded...[0m
[38;20m2026-09-29 15:31:46,476 - base_runner.py[pid:26644;line:108:train] - INFO: Start S2P2 training...[0m
[38;20m2026-09-29 15:32:41,761 - tpp_runner.py[pid:26644;line:104:_train_model] - INFO: [ Epoch 0 (train) ]: train loglike is -1.7158087379097793, num_events is 50454, mark_ll is -2.0624261200487077, time_ll is 0.3466173821389285[0m
[38;20m2026-09-29 15:32:41,999 - tpp_runner.py[pid:26644;line:116:_train_model] - INFO: [ Epoch 0 (valid) ]:  valid loglike is -0.9709133082532274, num_events is 7204, mark_ll is -1.4268234227512493, time_ll is 0.4559100467188368[0m
[38;20m2026-09-29 15:32:44,184 - tpp_runner.py[pid:26644;line:136:_train_model] - INFO: [ Epoch 0 (test) ]: test loglike is -0.9438245289203363, num_events is 14420, mark_ll is -1.4055101963418863, time_ll is 0.4616856335601595[0m
[31;1m2026-09-29 15:32:44,186 - tpp_runner.py[pid:26644;line:140:_train_model] - CRITICAL: current best loglike on valid set is -0.9709 (updated at epoch-0), best updated at this epoch[0m
[38;20m2026-09-29 15:32:53,724 - tpp_runner.py[pid:26644;line:104:_train_model] - INFO: [ Epoch 1 (train) ]: train loglike is -0.7479176431517447, num_events is 50454, mark_ll is -1.2198090750052029, time_ll is 0.4718914124979561[0m
[38;20m2026-09-29 15:32:53,880 - tpp_runner.py[pid:26644;line:116:_train_model] - INFO: [ Epoch 1 (valid) ]:  valid loglike is -0.40247212377672126, num_events is 7204, mark_ll is -0.9242978347532621, time_ll is 0.521825778755726[0m
[38;20m2026-09-29 15:32:54,213 - tpp_runner.py[pid:26644;line:136:_train_model] - INFO: [ Epoch 1 (test) ]: test loglike is -0.3532064874360697, num_events is 14420, mark_ll is -0.8841615377947295, time_ll is 0.5309550842200503[0m
[31;1m2026-09-29 15:32:54,215 - tpp_runner.py[pid:26644;line:140:_train_model] - CRITICAL: current best loglike on valid set is -0.4025 (updated at epoch-1), best updated at this epoch[0m
[38;20m2026-09-29 15:33:03,705 - tpp_runner.py[pid:26644;line:104:_train_model] - INFO: [ Epoch 2 (train) ]: train loglike is -0.2277448247936084, num_events is 50454, mark_ll is -0.7566023988512433, time_ll is 0.5288575728479159[0m
[38;20m2026-09-29 15:33:03,874 - tpp_runner.py[pid:26644;line:116:_train_model] - INFO: [ Epoch 2 (valid) ]:  valid loglike is -0.07308331308995003, num_events is 7204, mark_ll is -0.6020935499158454, time_ll is 0.5290102368258953[0m
[38;20m2026-09-29 15:33:04,205 - tpp_runner.py[pid:26644;line:136:_train_model] - INFO: [ Epoch 2 (test) ]: test loglike is -0.014104464315343002, num_events is 14420, mark_ll is -0.5480615369820562, time_ll is 0.5339570996500087[0m
[31;1m2026-09-29 15:33:04,205 - tpp_runner.py[pid:26644;line:140:_train_model] - CRITICAL: current best loglike on valid set is -0.0731 (updated at epoch-2), best updated at this epoch[0m
[38;20m2026-09-29 15:33:13,541 - tpp_runner.py[pid:26644;line:104:_train_model] - INFO: [ Epoch 3 (train) ]: train loglike is -0.04180127692505178, num_events is 50454, mark_ll is -0.563783221396594, time_ll is 0.5219819420521044[0m
[38;20m2026-09-29 15:33:13,703 - tpp_runner.py[pid:26644;line:116:_train_model] - INFO: [ Epoch 3 (valid) ]:  valid loglike is -0.07352527573928112, num_events is 7204, mark_ll is -0.5986570774482927, time_ll is 0.5251318440710022[0m
[38;20m2026-09-29 15:33:14,029 - tpp_runner.py[pid:26644;line:136:_train_model] - INFO: [ Epoch 3 (test) ]: test loglike is -0.007281010557642922, num_events is 14420, mark_ll is -0.5496034831180652, time_ll is 0.5423224545715586[0m
[31;1m2026-09-29 15:33:14,029 - tpp_runner.py[pid:26644;line:140:_train_model] - CRITICAL: current best loglike on valid set is -0.0731 (updated at epoch-2)[0m
[38;20m2026-09-29 15:33:23,289 - tpp_runner.py[pid:26644;line:104:_train_model] - INFO: [ Epoch 4 (train) ]: train loglike is 0.04147843244352026, num_events is 50454, mark_ll is -0.4989617805482469, time_ll is 0.5404402246353114[0m
[38;20m2026-09-29 15:33:23,422 - tpp_runner.py[pid:26644;line:116:_train_model] - INFO: [ Epoch 4 (valid) ]:  valid loglike is 0.03782619919001162, num_events is 7204, mark_ll is -0.5142761264358343, time_ll is 0.552102334098244[0m
[38;20m2026-09-29 15:33:23,746 - tpp_runner.py[pid:26644;line:136:_train_model] - INFO: [ Epoch 4 (test) ]: test loglike is 0.09986908763192398, num_events is 14420, mark_ll is -0.4727008115898058, time_ll is 0.5725699542464893[0m
[31;1m2026-09-29 15:33:23,748 - tpp_runner.py[pid:26644;line:140:_train_model] - CRITICAL: current best loglike on valid set is 0.0378 (updated at epoch-4), best updated at this epoch[0m
[38;20m2026-09-29 15:33:32,853 - tpp_runner.py[pid:26644;line:104:_train_model] - INFO: [ Epoch 5 (train) ]: train loglike is 0.11131391201290718, num_events is 50454, mark_ll is -0.4586782290242102, time_ll is 0.5699921616023382[0m
[38;20m2026-09-29 15:33:33,030 - tpp_runner.py[pid:26644;line:116:_train_model] - INFO: [ Epoch 5 (valid) ]:  valid loglike is 0.13964020232900126, num_events is 7204, mark_ll is -0.43888798215401165, time_ll is 0.5785281505934203[0m
[38;20m2026-09-29 15:33:33,318 - tpp_runner.py[pid:26644;line:136:_train_model] - INFO: [ Epoch 5 (test) ]: test loglike is 0.1865123817560246, num_events is 14420, mark_ll is -0.41390870156466714, time_ll is 0.6004210663899965[0m
[31;1m2026-09-29 15:33:33,320 - tpp_runner.py[pid:26644;line:140:_train_model] - CRITICAL: current best loglike on valid set is 0.1396 (updated at epoch-5), best updated at this epoch[0m
[38;20m2026-09-29 15:33:42,479 - tpp_runner.py[pid:26644;line:104:_train_model] - INFO: [ Epoch 6 (train) ]: train loglike is 0.17039088542827996, num_events is 50454, mark_ll is -0.4190820010554168, time_ll is 0.5894728792253835[0m
[38;20m2026-09-29 15:33:42,638 - tpp_runner.py[pid:26644;line:116:_train_model] - INFO: [ Epoch 6 (valid) ]:  valid loglike is 0.19508876090973765, num_events is 7204, mark_ll is -0.41167253815154775, time_ll is 0.6067612990612854[0m
[38;20m2026-09-29 15:33:43,014 - tpp_runner.py[pid:26644;line:136:_train_model] - INFO: [ Epoch 6 (test) ]: test loglike is 0.24545879813735264, num_events is 14420, mark_ll is -0.38123872415698684, time_ll is 0.6266975392250347[0m
[31;1m2026-09-29 15:33:43,016 - tpp_runner.py[pid:26644;line:140:_train_model] - CRITICAL: current best loglike on valid set is 0.1951 (updated at epoch-6), best updated at this epoch[0m
[38;20m2026-09-29 15:33:52,214 - tpp_runner.py[pid:26644;line:104:_train_model] - INFO: [ Epoch 7 (train) ]: train loglike is 0.21072057079143255, num_events is 50454, mark_ll is -0.39767772638117765, time_ll is 0.6083982923337347[0m
[38;20m2026-09-29 15:33:52,385 - tpp_runner.py[pid:26644;line:116:_train_model] - INFO: [ Epoch 7 (valid) ]:  valid loglike is 0.20327604591416226, num_events is 7204, mark_ll is -0.4080365237628401, time_ll is 0.6113125357874097[0m
[38;20m2026-09-29 15:33:52,699 - tpp_runner.py[pid:26644;line:136:_train_model] - INFO: [ Epoch 7 (test) ]: test loglike is 0.258049199584453, num_events is 14420, mark_ll is -0.37270716906585905, time_ll is 0.630756368650312[0m
[31;1m2026-09-29 15:33:52,699 - tpp_runner.py[pid:26644;line:140:_train_model] - CRITICAL: current best loglike on valid set is 0.2033 (updated at epoch-7), best updated at this epoch[0m
[38;20m2026-09-29 15:34:02,135 - tpp_runner.py[pid:26644;line:104:_train_model] - INFO: [ Epoch 8 (train) ]: train loglike is 0.25654479929660556, num_events is 50454, mark_ll is -0.36607674338490875, time_ll is 0.6226215281648878[0m
[38;20m2026-09-29 15:34:02,294 - tpp_runner.py[pid:26644;line:116:_train_model] - INFO: [ Epoch 8 (valid) ]:  valid loglike is 0.24486233776374236, num_events is 7204, mark_ll is -0.3751009909859106, time_ll is 0.619963328749653[0m
[38;20m2026-09-29 15:34:02,650 - tpp_runner.py[pid:26644;line:136:_train_model] - INFO: [ Epoch 8 (test) ]: test loglike is 0.29731944768008844, num_events is 14420, mark_ll is -0.3446288215965239, time_ll is 0.6419482523459171[0m
[31;1m2026-09-29 15:34:02,650 - tpp_runner.py[pid:26644;line:140:_train_model] - CRITICAL: current best loglike on valid set is 0.2449 (updated at epoch-8), best updated at this epoch[0m
[38;20m2026-09-29 15:34:11,907 - tpp_runner.py[pid:26644;line:104:_train_model] - INFO: [ Epoch 9 (train) ]: train loglike is 0.29327029662461723, num_events is 50454, mark_ll is -0.343594793068005, time_ll is 0.6368650775954334[0m
[38;20m2026-09-29 15:34:12,048 - tpp_runner.py[pid:26644;line:116:_train_model] - INFO: [ Epoch 9 (valid) ]:  valid loglike is 0.275204232240769, num_events is 7204, mark_ll is -0.3522665223964117, time_ll is 0.6274706868579956[0m
[38;20m2026-09-29 15:34:12,411 - tpp_runner.py[pid:26644;line:136:_train_model] - INFO: [ Epoch 9 (test) ]: test loglike is 0.33515277920748093, num_events is 14420, mark_ll is -0.31521344866071427, time_ll is 0.6503662278681952[0m
[31;1m2026-09-29 15:34:12,411 - tpp_runner.py[pid:26644;line:140:_train_model] - CRITICAL: current best loglike on valid set is 0.2752 (updated at epoch-9), best updated at this epoch[0m
[38;20m2026-09-29 15:34:21,793 - tpp_runner.py[pid:26644;line:104:_train_model] - INFO: [ Epoch 10 (train) ]: train loglike is 0.3208018869330541, num_events is 50454, mark_ll is -0.324166915965533, time_ll is 0.6449688101569003[0m
[38;20m2026-09-29 15:34:21,983 - tpp_runner.py[pid:26644;line:116:_train_model] - INFO: [ Epoch 10 (valid) ]:  valid loglike is 0.2980033200956066, num_events is 7204, mark_ll is -0.34004546085508053, time_ll is 0.6380487131715019[0m
[38;20m2026-09-29 15:34:22,372 - tpp_runner.py[pid:26644;line:136:_train_model] - INFO: [ Epoch 10 (test) ]: test loglike is 0.34956635410345877, num_events is 14420, mark_ll is -0.30942161020392683, time_ll is 0.6589879643073856[0m
[31;1m2026-09-29 15:34:22,374 - tpp_runner.py[pid:26644;line:140:_train_model] - CRITICAL: current best loglike on valid set is 0.2980 (updated at epoch-10), best updated at this epoch[0m
[38;20m2026-09-29 15:34:31,907 - tpp_runner.py[pid:26644;line:104:_train_model] - INFO: [ Epoch 11 (train) ]: train loglike is 0.32392411570904933, num_events is 50454, mark_ll is -0.3192670077183548, time_ll is 0.6431911234274041[0m
[38;20m2026-09-29 15:34:32,041 - tpp_runner.py[pid:26644;line:116:_train_model] - INFO: [ Epoch 11 (valid) ]:  valid loglike is 0.28141048416569786, num_events is 7204, mark_ll is -0.3544861551525194, time_ll is 0.6358965884838285[0m
[38;20m2026-09-29 15:34:32,393 - tpp_runner.py[pid:26644;line:136:_train_model] - INFO: [ Epoch 11 (test) ]: test loglike is 0.35109142033633844, num_events is 14420, mark_ll is -0.31142662778476077, time_ll is 0.662518031190404[0m
[31;1m2026-09-29 15:34:32,393 - tpp_runner.py[pid:26644;line:140:_train_model] - CRITICAL: current best loglike on valid set is 0.2980 (updated at epoch-10)[0m
[38;20m2026-09-29 15:34:41,607 - tpp_runner.py[pid:26644;line:104:_train_model] - INFO: [ Epoch 12 (train) ]: train loglike is 0.2984615414690857, num_events is 50454, mark_ll is -0.337131361882544, time_ll is 0.6355929130293807[0m
[38;20m2026-09-29 15:34:41,800 - tpp_runner.py[pid:26644;line:116:_train_model] - INFO: [ Epoch 12 (valid) ]:  valid loglike is 0.31321151199637354, num_events is 7204, mark_ll is -0.331950253873716, time_ll is 0.6451617997596821[0m
[38;20m2026-09-29 15:34:42,140 - tpp_runner.py[pid:26644;line:136:_train_model] - INFO: [ Epoch 12 (test) ]: test loglike is 0.3605655156954317, num_events is 14420, mark_ll is -0.3063100193145371, time_ll is 0.6668755350099688[0m
[31;1m2026-09-29 15:34:42,140 - tpp_runner.py[pid:26644;line:140:_train_model] - CRITICAL: current best loglike on valid set is 0.3132 (updated at epoch-12), best updated at this epoch[0m
[38;20m2026-09-29 15:34:51,360 - tpp_runner.py[pid:26644;line:104:_train_model] - INFO: [ Epoch 13 (train) ]: train loglike is 0.3356919343261622, num_events is 50454, mark_ll is -0.31838520491747435, time_ll is 0.6540771223075722[0m
[38;20m2026-09-29 15:34:51,508 - tpp_runner.py[pid:26644;line:116:_train_model] - INFO: [ Epoch 13 (valid) ]:  valid loglike is 0.3256577021012632, num_events is 7204, mark_ll is -0.3240675346378748, time_ll is 0.6497251689599528[0m
[38;20m2026-09-29 15:34:51,872 - tpp_runner.py[pid:26644;line:136:_train_model] - INFO: [ Epoch 13 (test) ]: test loglike is 0.3733743315761529, num_events is 14420, mark_ll is -0.2933892576770544, time_ll is 0.6667635723225122[0m
[31;1m2026-09-29 15:34:51,872 - tpp_runner.py[pid:26644;line:140:_train_model] - CRITICAL: current best loglike on valid set is 0.3257 (updated at epoch-13), best updated at this epoch[0m
[38;20m2026-09-29 15:35:00,735 - tpp_runner.py[pid:26644;line:104:_train_model] - INFO: [ Epoch 14 (train) ]: train loglike is 0.3605174004414913, num_events is 50454, mark_ll is -0.2939329322370067, time_ll is 0.6544503350979357[0m
[38;20m2026-09-29 15:35:00,881 - tpp_runner.py[pid:26644;line:116:_train_model] - INFO: [ Epoch 14 (valid) ]:  valid loglike is 0.3357821501075791, num_events is 7204, mark_ll is -0.3060534539188298, time_ll is 0.6418355362472238[0m
[38;20m2026-09-29 15:35:01,218 - tpp_runner.py[pid:26644;line:136:_train_model] - INFO: [ Epoch 14 (test) ]: test loglike is 0.38386789181692094, num_events is 14420, mark_ll is -0.27802687815588156, time_ll is 0.6618947784381501[0m
[31;1m2026-09-29 15:35:01,220 - tpp_runner.py[pid:26644;line:140:_train_model] - CRITICAL: current best loglike on valid set is 0.3358 (updated at epoch-14), best updated at this epoch[0m
[38;20m2026-09-29 15:35:10,337 - tpp_runner.py[pid:26644;line:104:_train_model] - INFO: [ Epoch 15 (train) ]: train loglike is 0.3638249847633488, num_events is 50454, mark_ll is -0.2851515514518794, time_ll is 0.6489765216986016[0m
[38;20m2026-09-29 15:35:10,516 - tpp_runner.py[pid:26644;line:116:_train_model] - INFO: [ Epoch 15 (valid) ]:  valid loglike is 0.35254590819770265, num_events is 7204, mark_ll is -0.2958572277554137, time_ll is 0.6484031359531163[0m
[38;20m2026-09-29 15:35:10,876 - tpp_runner.py[pid:26644;line:136:_train_model] - INFO: [ Epoch 15 (test) ]: test loglike is 0.40467172059205964, num_events is 14420, mark_ll is -0.2703309967845224, time_ll is 0.6750027427726248[0m
[31;1m2026-09-29 15:35:10,878 - tpp_runner.py[pid:26644;line:140:_train_model] - CRITICAL: current best loglike on valid set is 0.3525 (updated at epoch-15), best updated at this epoch[0m
[38;20m2026-09-29 15:35:19,902 - tpp_runner.py[pid:26644;line:104:_train_model] - INFO: [ Epoch 16 (train) ]: train loglike is 0.3664507328147917, num_events is 50454, mark_ll is -0.2859345081232719, time_ll is 0.6523852240019994[0m
[38;20m2026-09-29 15:35:20,092 - tpp_runner.py[pid:26644;line:116:_train_model] - INFO: [ Epoch 16 (valid) ]:  valid loglike is 0.28737337492625625, num_events is 7204, mark_ll is -0.3229868971990387, time_ll is 0.6103602382357024[0m
[38;20m2026-09-29 15:35:20,402 - tpp_runner.py[pid:26644;line:136:_train_model] - INFO: [ Epoch 16 (test) ]: test loglike is 0.34435994522581487, num_events is 14420, mark_ll is -0.29506366957242547, time_ll is 0.6394236655903259[0m
[31;1m2026-09-29 15:35:20,402 - tpp_runner.py[pid:26644;line:140:_train_model] - CRITICAL: current best loglike on valid set is 0.3525 (updated at epoch-15)[0m
[38;20m2026-09-29 15:35:29,502 - tpp_runner.py[pid:26644;line:104:_train_model] - INFO: [ Epoch 17 (train) ]: train loglike is 0.36939425465987585, num_events is 50454, mark_ll is -0.2821244017407874, time_ll is 0.6515186539812254[0m
[38;20m2026-09-29 15:35:29,693 - tpp_runner.py[pid:26644;line:116:_train_model] - INFO: [ Epoch 17 (valid) ]:  valid loglike is 0.37092287867417406, num_events is 7204, mark_ll is -0.2798069811476263, time_ll is 0.6507299276009856[0m
[38;20m2026-09-29 15:35:30,046 - tpp_runner.py[pid:26644;line:136:_train_model] - INFO: [ Epoch 17 (test) ]: test loglike is 0.42381744173131936, num_events is 14420, mark_ll is -0.2559694922416782, time_ll is 0.6797869509036928[0m
[31;1m2026-09-29 15:35:30,046 - tpp_runner.py[pid:26644;line:140:_train_model] - CRITICAL: current best loglike on valid set is 0.3709 (updated at epoch-17), best updated at this epoch[0m
[38;20m2026-09-29 15:35:39,252 - tpp_runner.py[pid:26644;line:104:_train_model] - INFO: [ Epoch 18 (train) ]: train loglike is 0.40145429451749987, num_events is 50454, mark_ll is -0.26673272505958395, time_ll is 0.6681869978021441[0m
[38;20m2026-09-29 15:35:39,433 - tpp_runner.py[pid:26644;line:116:_train_model] - INFO: [ Epoch 18 (valid) ]:  valid loglike is 0.37073289361812883, num_events is 7204, mark_ll is -0.2871747141345086, time_ll is 0.6579076077526375[0m
[38;20m2026-09-29 15:35:39,786 - tpp_runner.py[pid:26644;line:136:_train_model] - INFO: [ Epoch 18 (test) ]: test loglike is 0.41910317430218447, num_events is 14420, mark_ll is -0.26497201694694866, time_ll is 0.6840751743184379[0m
[31;1m2026-09-29 15:35:39,787 - tpp_runner.py[pid:26644;line:140:_train_model] - CRITICAL: current best loglike on valid set is 0.3709 (updated at epoch-17)[0m
[38;20m2026-09-29 15:35:48,883 - tpp_runner.py[pid:26644;line:104:_train_model] - INFO: [ Epoch 19 (train) ]: train loglike is 0.39355578108586536, num_events is 50454, mark_ll is -0.2681955485790584, time_ll is 0.661751346600988[0m
[38;20m2026-09-29 15:35:49,058 - tpp_runner.py[pid:26644;line:116:_train_model] - INFO: [ Epoch 19 (valid) ]:  valid loglike is 0.2562115556461688, num_events is 7204, mark_ll is -0.35543784269156026, time_ll is 0.611649398337729[0m
[38;20m2026-09-29 15:35:49,408 - tpp_runner.py[pid:26644;line:136:_train_model] - INFO: [ Epoch 19 (test) ]: test loglike is 0.294652609223301, num_events is 14420, mark_ll is -0.3411634807613124, time_ll is 0.6358161069153087[0m
[31;1m2026-09-29 15:35:49,410 - tpp_runner.py[pid:26644;line:140:_train_model] - CRITICAL: current best loglike on valid set is 0.3709 (updated at epoch-17)[0m
[38;20m2026-09-29 15:35:58,683 - tpp_runner.py[pid:26644;line:104:_train_model] - INFO: [ Epoch 20 (train) ]: train loglike is 0.32553358377030317, num_events is 50454, mark_ll is -0.3138478494179104, time_ll is 0.639381438027089[0m
[38;20m2026-09-29 15:35:58,835 - tpp_runner.py[pid:26644;line:116:_train_model] - INFO: [ Epoch 20 (valid) ]:  valid loglike is 0.38788441642663796, num_events is 7204, mark_ll is -0.27516517448531197, time_ll is 0.6630495400775611[0m
[38;20m2026-09-29 15:35:59,209 - tpp_runner.py[pid:26644;line:136:_train_model] - INFO: [ Epoch 20 (test) ]: test loglike is 0.4385380547850208, num_events is 14420, mark_ll is -0.24823091165698682, time_ll is 0.686769000303398[0m
[31;1m2026-09-29 15:35:59,209 - tpp_runner.py[pid:26644;line:140:_train_model] - CRITICAL: current best loglike on valid set is 0.3879 (updated at epoch-20), best updated at this epoch[0m
[38;20m2026-09-29 15:36:08,400 - tpp_runner.py[pid:26644;line:104:_train_model] - INFO: [ Epoch 21 (train) ]: train loglike is 0.42185083949457675, num_events is 50454, mark_ll is -0.2507207722822088, time_ll is 0.6725716335517253[0m
[38;20m2026-09-29 15:36:08,555 - tpp_runner.py[pid:26644;line:116:_train_model] - INFO: [ Epoch 21 (valid) ]:  valid loglike is 0.4117917617382704, num_events is 7204, mark_ll is -0.26052193903777415, time_ll is 0.672313666886452[0m
[38;20m2026-09-29 15:36:08,875 - tpp_runner.py[pid:26644;line:136:_train_model] - INFO: [ Epoch 21 (test) ]: test loglike is 0.45535826028302706, num_events is 14420, mark_ll is -0.23913954312857577, time_ll is 0.6944978118769504[0m
[31;1m2026-09-29 15:36:08,876 - tpp_runner.py[pid:26644;line:140:_train_model] - CRITICAL: current best loglike on valid set is 0.4118 (updated at epoch-21), best updated at this epoch[0m
[38;20m2026-09-29 15:36:17,926 - tpp_runner.py[pid:26644;line:104:_train_model] - INFO: [ Epoch 22 (train) ]: train loglike is 0.4435982315729427, num_events is 50454, mark_ll is -0.23573842454845936, time_ll is 0.6793366621699964[0m
[38;20m2026-09-29 15:36:18,077 - tpp_runner.py[pid:26644;line:116:_train_model] - INFO: [ Epoch 22 (valid) ]:  valid loglike is 0.42571306413971405, num_events is 7204, mark_ll is -0.25202925796974773, time_ll is 0.6777423729438506[0m
[38;20m2026-09-29 15:36:19,877 - tpp_runner.py[pid:26644;line:136:_train_model] - INFO: [ Epoch 22 (test) ]: test loglike is 0.46799025198292304, num_events is 14420, mark_ll is -0.23175024278616937, time_ll is 0.6997405201651352[0m
[31;1m2026-09-29 15:36:19,877 - tpp_runner.py[pid:26644;line:140:_train_model] - CRITICAL: current best loglike on valid set is 0.4257 (updated at epoch-22), best updated at this epoch[0m
[38;20m2026-09-29 15:36:28,919 - tpp_runner.py[pid:26644;line:104:_train_model] - INFO: [ Epoch 23 (train) ]: train loglike is 0.4522151147850951, num_events is 50454, mark_ll is -0.2322839646285168, time_ll is 0.6844990842524874[0m
[38;20m2026-09-29 15:36:29,099 - tpp_runner.py[pid:26644;line:116:_train_model] - INFO: [ Epoch 23 (valid) ]:  valid loglike is 0.4429127101696974, num_events is 7204, mark_ll is -0.24272314195564096, time_ll is 0.6856358690701346[0m
[38;20m2026-09-29 15:36:29,411 - tpp_runner.py[pid:26644;line:136:_train_model] - INFO: [ Epoch 23 (test) ]: test loglike is 0.480107736785931, num_events is 14420, mark_ll is -0.2240207116580704, time_ll is 0.7041284484440014[0m
[31;1m2026-09-29 15:36:29,413 - tpp_runner.py[pid:26644;line:140:_train_model] - CRITICAL: current best loglike on valid set is 0.4429 (updated at epoch-23), best updated at this epoch[0m
[38;20m2026-09-29 15:36:38,686 - tpp_runner.py[pid:26644;line:104:_train_model] - INFO: [ Epoch 24 (train) ]: train loglike is 0.4568448952263448, num_events is 50454, mark_ll is -0.23078959285043368, time_ll is 0.6876345013836861[0m
[38;20m2026-09-29 15:36:38,866 - tpp_runner.py[pid:26644;line:116:_train_model] - INFO: [ Epoch 24 (valid) ]:  valid loglike is 0.4254615694731226, num_events is 7204, mark_ll is -0.24854423866081343, time_ll is 0.6740058420235286[0m
[38;20m2026-09-29 15:36:39,231 - tpp_runner.py[pid:26644;line:136:_train_model] - INFO: [ Epoch 24 (test) ]: test loglike is 0.47461257490139563, num_events is 14420, mark_ll is -0.22614925559119278, time_ll is 0.7007618135618932[0m
[31;1m2026-09-29 15:36:39,231 - tpp_runner.py[pid:26644;line:140:_train_model] - CRITICAL: current best loglike on valid set is 0.4429 (updated at epoch-23)[0m
[38;20m2026-09-29 15:36:48,609 - tpp_runner.py[pid:26644;line:104:_train_model] - INFO: [ Epoch 25 (train) ]: train loglike is 0.46382870876194154, num_events is 50454, mark_ll is -0.22781396143718163, time_ll is 0.6916426387464324[0m
[38;20m2026-09-29 15:36:48,774 - tpp_runner.py[pid:26644;line:116:_train_model] - INFO: [ Epoch 25 (valid) ]:  valid loglike is 0.43180227835664214, num_events is 7204, mark_ll is -0.2412927469765061, time_ll is 0.6730950253331482[0m
[38;20m2026-09-29 15:36:49,147 - tpp_runner.py[pid:26644;line:136:_train_model] - INFO: [ Epoch 25 (test) ]: test loglike is 0.47675327507368237, num_events is 14420, mark_ll is -0.22128924027229976, time_ll is 0.698042540742025[0m
[31;1m2026-09-29 15:36:49,147 - tpp_runner.py[pid:26644;line:140:_train_model] - CRITICAL: current best loglike on valid set is 0.4429 (updated at epoch-23)[0m
[38;20m2026-09-29 15:36:58,366 - tpp_runner.py[pid:26644;line:104:_train_model] - INFO: [ Epoch 26 (train) ]: train loglike is 0.47012706170936647, num_events is 50454, mark_ll is -0.2246700811127153, time_ll is 0.694797179113648[0m
[38;20m2026-09-29 15:36:58,514 - tpp_runner.py[pid:26644;line:116:_train_model] - INFO: [ Epoch 26 (valid) ]:  valid loglike is 0.45989020992026997, num_events is 7204, mark_ll is -0.23759137650849355, time_ll is 0.6974815694839672[0m
[38;20m2026-09-29 15:36:58,885 - tpp_runner.py[pid:26644;line:136:_train_model] - INFO: [ Epoch 26 (test) ]: test loglike is 0.5045876088982316, num_events is 14420, mark_ll is -0.21816173452940793, time_ll is 0.7227493518929872[0m
[31;1m2026-09-29 15:36:58,885 - tpp_runner.py[pid:26644;line:140:_train_model] - CRITICAL: current best loglike on valid set is 0.4599 (updated at epoch-26), best updated at this epoch[0m
[38;20m2026-09-29 15:37:08,067 - tpp_runner.py[pid:26644;line:104:_train_model] - INFO: [ Epoch 27 (train) ]: train loglike is 0.4792277429533585, num_events is 50454, mark_ll is -0.22303192819743603, time_ll is 0.7022596638924813[0m
[38;20m2026-09-29 15:37:08,253 - tpp_runner.py[pid:26644;line:116:_train_model] - INFO: [ Epoch 27 (valid) ]:  valid loglike is 0.45829343398632705, num_events is 7204, mark_ll is -0.2396248028981295, time_ll is 0.6979182707740491[0m
[38;20m2026-09-29 15:37:08,604 - tpp_runner.py[pid:26644;line:136:_train_model] - INFO: [ Epoch 27 (test) ]: test loglike is 0.5055364727808599, num_events is 14420, mark_ll is -0.21816672061914874, time_ll is 0.7237032103307038[0m
[31;1m2026-09-29 15:37:08,604 - tpp_runner.py[pid:26644;line:140:_train_model] - CRITICAL: current best loglike on valid set is 0.4599 (updated at epoch-26)[0m
[38;20m2026-09-29 15:37:17,660 - tpp_runner.py[pid:26644;line:104:_train_model] - INFO: [ Epoch 28 (train) ]: train loglike is 0.4828573737959329, num_events is 50454, mark_ll is -0.22246383453476806, time_ll is 0.7053211623613836[0m
[38;20m2026-09-29 15:37:17,841 - tpp_runner.py[pid:26644;line:116:_train_model] - INFO: [ Epoch 28 (valid) ]:  valid loglike is 0.4523272389904914, num_events is 7204, mark_ll is -0.24284419558036335, time_ll is 0.6951714515156511[0m
[38;20m2026-09-29 15:37:18,212 - tpp_runner.py[pid:26644;line:136:_train_model] - INFO: [ Epoch 28 (test) ]: test loglike is 0.4993602228892164, num_events is 14420, mark_ll is -0.22397068991905772, time_ll is 0.7233309382043169[0m
[31;1m2026-09-29 15:37:18,214 - tpp_runner.py[pid:26644;line:140:_train_model] - CRITICAL: current best loglike on valid set is 0.4599 (updated at epoch-26)[0m
[38;20m2026-09-29 15:37:27,271 - tpp_runner.py[pid:26644;line:104:_train_model] - INFO: [ Epoch 29 (train) ]: train loglike is 0.4842393735777577, num_events is 50454, mark_ll is -0.22486771288574742, time_ll is 0.7091070792051919[0m
[38;20m2026-09-29 15:37:27,440 - tpp_runner.py[pid:26644;line:116:_train_model] - INFO: [ Epoch 29 (valid) ]:  valid loglike is 0.45391354304032483, num_events is 7204, mark_ll is -0.24340295023814895, time_ll is 0.6973164593888812[0m
[38;20m2026-09-29 15:37:27,781 - tpp_runner.py[pid:26644;line:136:_train_model] - INFO: [ Epoch 29 (test) ]: test loglike is 0.48962588581397365, num_events is 14420, mark_ll is -0.2329621504150052, time_ll is 0.7225880362289788[0m
[31;1m2026-09-29 15:37:27,781 - tpp_runner.py[pid:26644;line:140:_train_model] - CRITICAL: current best loglike on valid set is 0.4599 (updated at epoch-26)[0m
[38;20m2026-09-29 15:37:36,566 - tpp_runner.py[pid:26644;line:104:_train_model] - INFO: [ Epoch 30 (train) ]: train loglike is 0.4852499509531578, num_events is 50454, mark_ll is -0.22417026519321745, time_ll is 0.7094201834839656[0m
[38;20m2026-09-29 15:37:36,743 - tpp_runner.py[pid:26644;line:116:_train_model] - INFO: [ Epoch 30 (valid) ]:  valid loglike is 0.46074643047699193, num_events is 7204, mark_ll is -0.238382783219392, time_ll is 0.6991292814755691[0m
[38;20m2026-09-29 15:37:37,097 - tpp_runner.py[pid:26644;line:136:_train_model] - INFO: [ Epoch 30 (test) ]: test loglike is 0.5051850931323683, num_events is 14420, mark_ll is -0.2184857626397798, time_ll is 0.7236708388414529[0m
[31;1m2026-09-29 15:37:37,099 - tpp_runner.py[pid:26644;line:140:_train_model] - CRITICAL: current best loglike on valid set is 0.4607 (updated at epoch-30), best updated at this epoch[0m
[38;20m2026-09-29 15:37:46,032 - tpp_runner.py[pid:26644;line:104:_train_model] - INFO: [ Epoch 31 (train) ]: train loglike is 0.4917830522682171, num_events is 50454, mark_ll is -0.22006703787809812, time_ll is 0.7118500780491265[0m
[38;20m2026-09-29 15:37:46,183 - tpp_runner.py[pid:26644;line:116:_train_model] - INFO: [ Epoch 31 (valid) ]:  valid loglike is 0.4667858269928165, num_events is 7204, mark_ll is -0.23658937986925666, time_ll is 0.7033752407516657[0m
[38;20m2026-09-29 15:37:46,540 - tpp_runner.py[pid:26644;line:136:_train_model] - INFO: [ Epoch 31 (test) ]: test loglike is 0.5045198861173718, num_events is 14420, mark_ll is -0.2185324236357923, time_ll is 0.7230522928224687[0m
[31;1m2026-09-29 15:37:46,542 - tpp_runner.py[pid:26644;line:140:_train_model] - CRITICAL: current best loglike on valid set is 0.4668 (updated at epoch-31), best updated at this epoch[0m
[38;20m2026-09-29 15:37:55,537 - tpp_runner.py[pid:26644;line:104:_train_model] - INFO: [ Epoch 32 (train) ]: train loglike is 0.49172120176144357, num_events is 50454, mark_ll is -0.21904171886845566, time_ll is 0.710762913371586[0m
[38;20m2026-09-29 15:37:55,707 - tpp_runner.py[pid:26644;line:116:_train_model] - INFO: [ Epoch 32 (valid) ]:  valid loglike is 0.46993620351974597, num_events is 7204, mark_ll is -0.2354176810951381, time_ll is 0.7053538507252916[0m
[38;20m2026-09-29 15:37:56,016 - tpp_runner.py[pid:26644;line:136:_train_model] - INFO: [ Epoch 32 (test) ]: test loglike is 0.5069219623623873, num_events is 14420, mark_ll is -0.2151795618742415, time_ll is 0.7221015496326716[0m
[31;1m2026-09-29 15:37:56,018 - tpp_runner.py[pid:26644;line:140:_train_model] - CRITICAL: current best loglike on valid set is 0.4699 (updated at epoch-32), best updated at this epoch[0m
[38;20m2026-09-29 15:38:04,972 - tpp_runner.py[pid:26644;line:104:_train_model] - INFO: [ Epoch 33 (train) ]: train loglike is 0.4923404544354449, num_events is 50454, mark_ll is -0.2187003083776652, time_ll is 0.7110407616033912[0m
[38;20m2026-09-29 15:38:05,096 - tpp_runner.py[pid:26644;line:116:_train_model] - INFO: [ Epoch 33 (valid) ]:  valid loglike is 0.4652596430802332, num_events is 7204, mark_ll is -0.23707871169662686, time_ll is 0.7023382869976749[0m
[38;20m2026-09-29 15:38:05,394 - tpp_runner.py[pid:26644;line:136:_train_model] - INFO: [ Epoch 33 (test) ]: test loglike is 0.5093335875195042, num_events is 14420, mark_ll is -0.21660036888598735, time_ll is 0.7259339648708392[0m
[31;1m2026-09-29 15:38:05,394 - tpp_runner.py[pid:26644;line:140:_train_model] - CRITICAL: current best loglike on valid set is 0.4699 (updated at epoch-32)[0m
[38;20m2026-09-29 15:38:14,366 - tpp_runner.py[pid:26644;line:104:_train_model] - INFO: [ Epoch 34 (train) ]: train loglike is 0.49545357644772964, num_events is 50454, mark_ll is -0.21634277314716746, time_ll is 0.7117963616920858[0m
[38;20m2026-09-29 15:38:14,508 - tpp_runner.py[pid:26644;line:116:_train_model] - INFO: [ Epoch 34 (valid) ]:  valid loglike is 0.46808491674547126, num_events is 7204, mark_ll is -0.2336520502661282, time_ll is 0.7017370178459883[0m
[38;20m2026-09-29 15:38:14,817 - tpp_runner.py[pid:26644;line:136:_train_model] - INFO: [ Epoch 34 (test) ]: test loglike is 0.5116774391036755, num_events is 14420, mark_ll is -0.21515576578211684, time_ll is 0.7268332218164875[0m
[31;1m2026-09-29 15:38:14,817 - tpp_runner.py[pid:26644;line:140:_train_model] - CRITICAL: current best loglike on valid set is 0.4699 (updated at epoch-32)[0m
[38;20m2026-09-29 15:38:23,377 - tpp_runner.py[pid:26644;line:104:_train_model] - INFO: [ Epoch 35 (train) ]: train loglike is 0.49827517314657904, num_events is 50454, mark_ll is -0.21567743139364878, time_ll is 0.713952603330509[0m
[38;20m2026-09-29 15:38:23,513 - tpp_runner.py[pid:26644;line:116:_train_model] - INFO: [ Epoch 35 (valid) ]:  valid loglike is 0.46410688858837107, num_events is 7204, mark_ll is -0.23988392272305317, time_ll is 0.7039908113114242[0m
[38;20m2026-09-29 15:38:23,803 - tpp_runner.py[pid:26644;line:136:_train_model] - INFO: [ Epoch 35 (test) ]: test loglike is 0.5081764760857316, num_events is 14420, mark_ll is -0.2205071183414962, time_ll is 0.7286835436351422[0m
[31;1m2026-09-29 15:38:23,803 - tpp_runner.py[pid:26644;line:140:_train_model] - CRITICAL: current best loglike on valid set is 0.4699 (updated at epoch-32)[0m
[38;20m2026-09-29 15:38:32,120 - tpp_runner.py[pid:26644;line:104:_train_model] - INFO: [ Epoch 36 (train) ]: train loglike is 0.49915162899002063, num_events is 50454, mark_ll is -0.21690143342202797, time_ll is 0.7160530624120486[0m
[38;20m2026-09-29 15:38:32,294 - tpp_runner.py[pid:26644;line:116:_train_model] - INFO: [ Epoch 36 (valid) ]:  valid loglike is 0.4719524309411438, num_events is 7204, mark_ll is -0.2354385231945794, time_ll is 0.707390886356538[0m
[38;20m2026-09-29 15:38:32,665 - tpp_runner.py[pid:26644;line:136:_train_model] - INFO: [ Epoch 36 (test) ]: test loglike is 0.5120380629117545, num_events is 14420, mark_ll is -0.2171597167291522, time_ll is 0.7291977627102115[0m
[31;1m2026-09-29 15:38:32,665 - tpp_runner.py[pid:26644;line:140:_train_model] - CRITICAL: current best loglike on valid set is 0.4720 (updated at epoch-36), best updated at this epoch[0m
[38;20m2026-09-29 15:38:40,979 - tpp_runner.py[pid:26644;line:104:_train_model] - INFO: [ Epoch 37 (train) ]: train loglike is 0.49636151159580383, num_events is 50454, mark_ll is -0.21890400689086842, time_ll is 0.7152655257449856[0m
[38;20m2026-09-29 15:38:41,148 - tpp_runner.py[pid:26644;line:116:_train_model] - INFO: [ Epoch 37 (valid) ]:  valid loglike is 0.46231158742105083, num_events is 7204, mark_ll is -0.23746085074264298, time_ll is 0.6997724381636938[0m
[38;20m2026-09-29 15:38:41,513 - tpp_runner.py[pid:26644;line:136:_train_model] - INFO: [ Epoch 37 (test) ]: test loglike is 0.5077663807862344, num_events is 14420, mark_ll is -0.21810965571092666, time_ll is 0.7258760618932039[0m
[31;1m2026-09-29 15:38:41,515 - tpp_runner.py[pid:26644;line:140:_train_model] - CRITICAL: current best loglike on valid set is 0.4720 (updated at epoch-36)[0m
[38;20m2026-09-29 15:38:49,888 - tpp_runner.py[pid:26644;line:104:_train_model] - INFO: [ Epoch 38 (train) ]: train loglike is 0.4893718647957793, num_events is 50454, mark_ll is -0.22278902753428556, time_ll is 0.7121609080564103[0m
[38;20m2026-09-29 15:38:50,052 - tpp_runner.py[pid:26644;line:116:_train_model] - INFO: [ Epoch 38 (valid) ]:  valid loglike is 0.4588954487090505, num_events is 7204, mark_ll is -0.23933299656115525, time_ll is 0.6982284283254095[0m
[38;20m2026-09-29 15:38:50,377 - tpp_runner.py[pid:26644;line:136:_train_model] - INFO: [ Epoch 38 (test) ]: test loglike is 0.4983265023621706, num_events is 14420, mark_ll is -0.22008984442722782, time_ll is 0.7184163806507888[0m
[31;1m2026-09-29 15:38:50,377 - tpp_runner.py[pid:26644;line:140:_train_model] - CRITICAL: current best loglike on valid set is 0.4720 (updated at epoch-36)[0m
[38;20m2026-09-29 15:38:58,437 - tpp_runner.py[pid:26644;line:104:_train_model] - INFO: [ Epoch 39 (train) ]: train loglike is 0.48987350134218793, num_events is 50454, mark_ll is -0.22085914002420523, time_ll is 0.7107326413663931[0m
[38;20m2026-09-29 15:38:58,621 - tpp_runner.py[pid:26644;line:116:_train_model] - INFO: [ Epoch 39 (valid) ]:  valid loglike is 0.4614001607180039, num_events is 7204, mark_ll is -0.23670002938905468, time_ll is 0.6981001901070586[0m
[38;20m2026-09-29 15:38:58,973 - tpp_runner.py[pid:26644;line:136:_train_model] - INFO: [ Epoch 39 (test) ]: test loglike is 0.5063951976421637, num_events is 14420, mark_ll is -0.21525872133971913, time_ll is 0.7216538851204923[0m
[31;1m2026-09-29 15:38:58,973 - tpp_runner.py[pid:26644;line:140:_train_model] - CRITICAL: current best loglike on valid set is 0.4720 (updated at epoch-36)[0m
[38;20m2026-09-29 15:39:07,333 - tpp_runner.py[pid:26644;line:104:_train_model] - INFO: [ Epoch 40 (train) ]: train loglike is 0.4859280129006744, num_events is 50454, mark_ll is -0.22292058809138027, time_ll is 0.7088486155086812[0m
[38;20m2026-09-29 15:39:07,489 - tpp_runner.py[pid:26644;line:116:_train_model] - INFO: [ Epoch 40 (valid) ]:  valid loglike is 0.4539921668951277, num_events is 7204, mark_ll is -0.24266558048263118, time_ll is 0.6966577812673515[0m
[38;20m2026-09-29 15:39:07,783 - tpp_runner.py[pid:26644;line:136:_train_model] - INFO: [ Epoch 40 (test) ]: test loglike is 0.49380658238340847, num_events is 14420, mark_ll is -0.220151091217168, time_ll is 0.7139576651352288[0m
[31;1m2026-09-29 15:39:07,785 - tpp_runner.py[pid:26644;line:140:_train_model] - CRITICAL: current best loglike on valid set is 0.4720 (updated at epoch-36)[0m
[38;20m2026-09-29 15:39:16,067 - tpp_runner.py[pid:26644;line:104:_train_model] - INFO: [ Epoch 41 (train) ]: train loglike is 0.4813320586186799, num_events is 50454, mark_ll is -0.22391004135573989, time_ll is 0.7052421048132953[0m
[38;20m2026-09-29 15:39:16,240 - tpp_runner.py[pid:26644;line:116:_train_model] - INFO: [ Epoch 41 (valid) ]:  valid loglike is 0.4558037689564825, num_events is 7204, mark_ll is -0.24787607145335924, time_ll is 0.7036798404098418[0m
[38;20m2026-09-29 15:39:16,591 - tpp_runner.py[pid:26644;line:136:_train_model] - INFO: [ Epoch 41 (test) ]: test loglike is 0.49657888214069, num_events is 14420, mark_ll is -0.2265481597011529, time_ll is 0.7231270249111477[0m
[31;1m2026-09-29 15:39:16,591 - tpp_runner.py[pid:26644;line:140:_train_model] - CRITICAL: current best loglike on valid set is 0.4720 (updated at epoch-36)[0m
[38;20m2026-09-29 15:39:24,797 - tpp_runner.py[pid:26644;line:104:_train_model] - INFO: [ Epoch 42 (train) ]: train loglike is 0.48600227028425647, num_events is 50454, mark_ll is -0.22436376577628261, time_ll is 0.7103659997689727[0m
[38;20m2026-09-29 15:39:24,931 - tpp_runner.py[pid:26644;line:116:_train_model] - INFO: [ Epoch 42 (valid) ]:  valid loglike is 0.4641933409390616, num_events is 7204, mark_ll is -0.2426347748429692, time_ll is 0.706828183561216[0m
[38;20m2026-09-29 15:39:25,204 - tpp_runner.py[pid:26644;line:136:_train_model] - INFO: [ Epoch 42 (test) ]: test loglike is 0.5022176840434293, num_events is 14420, mark_ll is -0.2222030322197902, time_ll is 0.7244207501246099[0m
[31;1m2026-09-29 15:39:25,204 - tpp_runner.py[pid:26644;line:140:_train_model] - CRITICAL: current best loglike on valid set is 0.4720 (updated at epoch-36)[0m
[38;20m2026-09-29 15:39:33,635 - tpp_runner.py[pid:26644;line:104:_train_model] - INFO: [ Epoch 43 (train) ]: train loglike is 0.49343382013195186, num_events is 50454, mark_ll is -0.22201091336756004, time_ll is 0.7154447093051344[0m
[38;20m2026-09-29 15:39:33,804 - tpp_runner.py[pid:26644;line:116:_train_model] - INFO: [ Epoch 43 (valid) ]:  valid loglike is 0.4642027622458009, num_events is 7204, mark_ll is -0.23770112795408802, time_ll is 0.701903890199889[0m
[38;20m2026-09-29 15:39:34,158 - tpp_runner.py[pid:26644;line:136:_train_model] - INFO: [ Epoch 43 (test) ]: test loglike is 0.5101471412859744, num_events is 14420, mark_ll is -0.21678280559227636, time_ll is 0.7269299638089459[0m
[31;1m2026-09-29 15:39:34,160 - tpp_runner.py[pid:26644;line:140:_train_model] - CRITICAL: current best loglike on valid set is 0.4720 (updated at epoch-36)[0m
[38;20m2026-09-29 15:39:42,582 - tpp_runner.py[pid:26644;line:104:_train_model] - INFO: [ Epoch 44 (train) ]: train loglike is 0.4949495156246903, num_events is 50454, mark_ll is -0.21857177211776446, time_ll is 0.713521285323017[0m
[38;20m2026-09-29 15:39:42,755 - tpp_runner.py[pid:26644;line:116:_train_model] - INFO: [ Epoch 44 (valid) ]:  valid loglike is 0.47929176444943783, num_events is 7204, mark_ll is -0.23167871012414978, time_ll is 0.710970440683995[0m
[38;20m2026-09-29 15:39:43,114 - tpp_runner.py[pid:26644;line:136:_train_model] - INFO: [ Epoch 44 (test) ]: test loglike is 0.5143782236043689, num_events is 14420, mark_ll is -0.21375850936741506, time_ll is 0.7281367329717839[0m
[31;1m2026-09-29 15:39:43,116 - tpp_runner.py[pid:26644;line:140:_train_model] - CRITICAL: current best loglike on valid set is 0.4793 (updated at epoch-44), best updated at this epoch[0m
[38;20m2026-09-29 15:39:51,231 - tpp_runner.py[pid:26644;line:104:_train_model] - INFO: [ Epoch 45 (train) ]: train loglike is 0.4992728041105512, num_events is 50454, mark_ll is -0.21662576631335909, time_ll is 0.7158985522781272[0m
[38;20m2026-09-29 15:39:51,409 - tpp_runner.py[pid:26644;line:116:_train_model] - INFO: [ Epoch 45 (valid) ]:  valid loglike is 0.48281031751023734, num_events is 7204, mark_ll is -0.23130678879029878, time_ll is 0.7141171571349251[0m
[38;20m2026-09-29 15:39:51,783 - tpp_runner.py[pid:26644;line:136:_train_model] - INFO: [ Epoch 45 (test) ]: test loglike is 0.5176877004594314, num_events is 14420, mark_ll is -0.2132530942538575, time_ll is 0.7309407608518984[0m
[31;1m2026-09-29 15:39:51,783 - tpp_runner.py[pid:26644;line:140:_train_model] - CRITICAL: current best loglike on valid set is 0.4828 (updated at epoch-45), best updated at this epoch[0m
[38;20m2026-09-29 15:40:00,124 - tpp_runner.py[pid:26644;line:104:_train_model] - INFO: [ Epoch 46 (train) ]: train loglike is 0.5000361173668094, num_events is 50454, mark_ll is -0.21573772015335133, time_ll is 0.7157738302618474[0m
[38;20m2026-09-29 15:40:00,288 - tpp_runner.py[pid:26644;line:116:_train_model] - INFO: [ Epoch 46 (valid) ]:  valid loglike is 0.47450445282134923, num_events is 7204, mark_ll is -0.23434377074043067, time_ll is 0.7088482743961688[0m
[38;20m2026-09-29 15:40:00,639 - tpp_runner.py[pid:26644;line:136:_train_model] - INFO: [ Epoch 46 (test) ]: test loglike is 0.5151206007281554, num_events is 14420, mark_ll is -0.21451961184010923, time_ll is 0.729640161776179[0m
[31;1m2026-09-29 15:40:00,641 - tpp_runner.py[pid:26644;line:140:_train_model] - CRITICAL: current best loglike on valid set is 0.4828 (updated at epoch-45)[0m
[38;20m2026-09-29 15:40:08,591 - tpp_runner.py[pid:26644;line:104:_train_model] - INFO: [ Epoch 47 (train) ]: train loglike is 0.5044312002486175, num_events is 50454, mark_ll is -0.21380403775515197, time_ll is 0.7182352307454563[0m
[38;20m2026-09-29 15:40:08,766 - tpp_runner.py[pid:26644;line:116:_train_model] - INFO: [ Epoch 47 (valid) ]:  valid loglike is 0.47960436205146445, num_events is 7204, mark_ll is -0.23174276145414005, time_ll is 0.7113471573951972[0m
[38;20m2026-09-29 15:40:09,120 - tpp_runner.py[pid:26644;line:136:_train_model] - INFO: [ Epoch 47 (test) ]: test loglike is 0.5189490033915569, num_events is 14420, mark_ll is -0.21294178956093968, time_ll is 0.731890826813887[0m
[31;1m2026-09-29 15:40:09,120 - tpp_runner.py[pid:26644;line:140:_train_model] - CRITICAL: current best loglike on valid set is 0.4828 (updated at epoch-45)[0m
[38;20m2026-09-29 15:40:17,545 - tpp_runner.py[pid:26644;line:104:_train_model] - INFO: [ Epoch 48 (train) ]: train loglike is 0.508351192655067, num_events is 50454, mark_ll is -0.21252937995849253, time_ll is 0.7208805568872141[0m
[38;20m2026-09-29 15:40:17,713 - tpp_runner.py[pid:26644;line:116:_train_model] - INFO: [ Epoch 48 (valid) ]:  valid loglike is 0.4771820695316838, num_events is 7204, mark_ll is -0.23280330236457178, time_ll is 0.709985338006663[0m
[38;20m2026-09-29 15:40:18,060 - tpp_runner.py[pid:26644;line:136:_train_model] - INFO: [ Epoch 48 (test) ]: test loglike is 0.5185177277923457, num_events is 14420, mark_ll is -0.21444980658373786, time_ll is 0.7329675513067788[0m
[31;1m2026-09-29 15:40:18,060 - tpp_runner.py[pid:26644;line:140:_train_model] - CRITICAL: current best loglike on valid set is 0.4828 (updated at epoch-45)[0m
[38;20m2026-09-29 15:40:26,289 - tpp_runner.py[pid:26644;line:104:_train_model] - INFO: [ Epoch 49 (train) ]: train loglike is 0.5089533423235769, num_events is 50454, mark_ll is -0.21261117510040087, time_ll is 0.7215645029073513[0m
[38;20m2026-09-29 15:40:26,465 - tpp_runner.py[pid:26644;line:116:_train_model] - INFO: [ Epoch 49 (valid) ]:  valid loglike is 0.47475713362368127, num_events is 7204, mark_ll is -0.23152754559641345, time_ll is 0.7062847300544837[0m
[38;20m2026-09-29 15:40:26,824 - tpp_runner.py[pid:26644;line:136:_train_model] - INFO: [ Epoch 49 (test) ]: test loglike is 0.5186138772104716, num_events is 14420, mark_ll is -0.21225357373114598, time_ll is 0.7308674340109224[0m
[31;1m2026-09-29 15:40:26,824 - tpp_runner.py[pid:26644;line:140:_train_model] - CRITICAL: current best loglike on valid set is 0.4828 (updated at epoch-45)[0m
[38;20m2026-09-29 15:40:35,048 - tpp_runner.py[pid:26644;line:104:_train_model] - INFO: [ Epoch 50 (train) ]: train loglike is 0.5103590259815872, num_events is 50454, mark_ll is -0.21097415327227215, time_ll is 0.7213331901413292[0m
[38;20m2026-09-29 15:40:35,223 - tpp_runner.py[pid:26644;line:116:_train_model] - INFO: [ Epoch 50 (valid) ]:  valid loglike is 0.47798003387874793, num_events is 7204, mark_ll is -0.23053398746573084, time_ll is 0.7085139874548861[0m
[38;20m2026-09-29 15:40:35,513 - tpp_runner.py[pid:26644;line:136:_train_model] - INFO: [ Epoch 50 (test) ]: test loglike is 0.5184385767922157, num_events is 14420, mark_ll is -0.2116831616786581, time_ll is 0.7301217215401786[0m
[31;1m2026-09-29 15:40:35,515 - tpp_runner.py[pid:26644;line:140:_train_model] - CRITICAL: current best loglike on valid set is 0.4828 (updated at epoch-45)[0m
[38;20m2026-09-29 15:40:43,710 - tpp_runner.py[pid:26644;line:104:_train_model] - INFO: [ Epoch 51 (train) ]: train loglike is 0.5102251826849704, num_events is 50454, mark_ll is -0.20995635992376718, time_ll is 0.7201815135754847[0m
[38;20m2026-09-29 15:40:43,836 - tpp_runner.py[pid:26644;line:116:_train_model] - INFO: [ Epoch 51 (valid) ]:  valid loglike is 0.4765810714967379, num_events is 7204, mark_ll is -0.23072105801681358, time_ll is 0.707302095623959[0m
[38;20m2026-09-29 15:40:44,127 - tpp_runner.py[pid:26644;line:136:_train_model] - INFO: [ Epoch 51 (test) ]: test loglike is 0.5193617906715933, num_events is 14420, mark_ll is -0.21134515727938627, time_ll is 0.7307069648816747[0m
[31;1m2026-09-29 15:40:44,127 - tpp_runner.py[pid:26644;line:140:_train_model] - CRITICAL: current best loglike on valid set is 0.4828 (updated at epoch-45)[0m
[38;20m2026-09-29 15:40:52,300 - tpp_runner.py[pid:26644;line:104:_train_model] - INFO: [ Epoch 52 (train) ]: train loglike is 0.513645546678348, num_events is 50454, mark_ll is -0.20946750889617585, time_ll is 0.7231130495259296[0m
[38;20m2026-09-29 15:40:52,453 - tpp_runner.py[pid:26644;line:116:_train_model] - INFO: [ Epoch 52 (valid) ]:  valid loglike is 0.47807983872891796, num_events is 7204, mark_ll is -0.23070929832818574, time_ll is 0.7087891709466962[0m
[38;20m2026-09-29 15:40:52,808 - tpp_runner.py[pid:26644;line:136:_train_model] - INFO: [ Epoch 52 (test) ]: test loglike is 0.5216339069001387, num_events is 14420, mark_ll is -0.2107115429416609, time_ll is 0.73234548370319[0m
[31;1m2026-09-29 15:40:52,808 - tpp_runner.py[pid:26644;line:140:_train_model] - CRITICAL: current best loglike on valid set is 0.4828 (updated at epoch-45)[0m
[38;20m2026-09-29 15:41:01,147 - tpp_runner.py[pid:26644;line:104:_train_model] - INFO: [ Epoch 53 (train) ]: train loglike is 0.5121559811133657, num_events is 50454, mark_ll is -0.20906968195581, time_ll is 0.7212256751663644[0m
[38;20m2026-09-29 15:41:01,283 - tpp_runner.py[pid:26644;line:116:_train_model] - INFO: [ Epoch 53 (valid) ]:  valid loglike is 0.47339660203966544, num_events is 7204, mark_ll is -0.23245281619803235, time_ll is 0.7058494521272904[0m
[38;20m2026-09-29 15:41:01,651 - tpp_runner.py[pid:26644;line:136:_train_model] - INFO: [ Epoch 53 (test) ]: test loglike is 0.5171325937554179, num_events is 14420, mark_ll is -0.21141842486292908, time_ll is 0.7285510270836946[0m
[31;1m2026-09-29 15:41:01,651 - tpp_runner.py[pid:26644;line:140:_train_model] - CRITICAL: current best loglike on valid set is 0.4828 (updated at epoch-45)[0m
[38;20m2026-09-29 15:41:09,951 - tpp_runner.py[pid:26644;line:104:_train_model] - INFO: [ Epoch 54 (train) ]: train loglike is 0.514351553131937, num_events is 50454, mark_ll is -0.2098751720607354, time_ll is 0.7242267264023913[0m
[38;20m2026-09-29 15:41:10,086 - tpp_runner.py[pid:26644;line:116:_train_model] - INFO: [ Epoch 54 (valid) ]:  valid loglike is 0.47418982184376735, num_events is 7204, mark_ll is -0.2316697293821141, time_ll is 0.7058596190050667[0m
[38;20m2026-09-29 15:41:10,419 - tpp_runner.py[pid:26644;line:136:_train_model] - INFO: [ Epoch 54 (test) ]: test loglike is 0.5199488286667823, num_events is 14420, mark_ll is -0.21110441972412447, time_ll is 0.7310532314602115[0m
[31;1m2026-09-29 15:41:10,419 - tpp_runner.py[pid:26644;line:140:_train_model] - CRITICAL: current best loglike on valid set is 0.4828 (updated at epoch-45)[0m
[38;20m2026-09-29 15:41:18,596 - tpp_runner.py[pid:26644;line:104:_train_model] - INFO: [ Epoch 55 (train) ]: train loglike is 0.5161986825638825, num_events is 50454, mark_ll is -0.20908988668050352, time_ll is 0.725288578922137[0m
[38;20m2026-09-29 15:41:18,779 - tpp_runner.py[pid:26644;line:116:_train_model] - INFO: [ Epoch 55 (valid) ]:  valid loglike is 0.47462306639540536, num_events is 7204, mark_ll is -0.23058875304735216, time_ll is 0.7052117855531649[0m
[38;20m2026-09-29 15:41:19,125 - tpp_runner.py[pid:26644;line:136:_train_model] - INFO: [ Epoch 55 (test) ]: test loglike is 0.5196287538737431, num_events is 14420, mark_ll is -0.21148644393095528, time_ll is 0.731115248596784[0m
[31;1m2026-09-29 15:41:19,125 - tpp_runner.py[pid:26644;line:140:_train_model] - CRITICAL: current best loglike on valid set is 0.4828 (updated at epoch-45)[0m
[38;20m2026-09-29 15:41:28,448 - tpp_runner.py[pid:26644;line:104:_train_model] - INFO: [ Epoch 56 (train) ]: train loglike is 0.518004323477202, num_events is 50454, mark_ll is -0.20786053527524762, time_ll is 0.7258648599621685[0m
[38;20m2026-09-29 15:41:28,611 - tpp_runner.py[pid:26644;line:116:_train_model] - INFO: [ Epoch 56 (valid) ]:  valid loglike is 0.4764160969600222, num_events is 7204, mark_ll is -0.23013880092656858, time_ll is 0.7065548978865908[0m
[38;20m2026-09-29 15:41:28,960 - tpp_runner.py[pid:26644;line:136:_train_model] - INFO: [ Epoch 56 (test) ]: test loglike is 0.5166645108248092, num_events is 14420, mark_ll is -0.21157040324852636, time_ll is 0.7282349140733356[0m
[31;1m2026-09-29 15:41:28,960 - tpp_runner.py[pid:26644;line:140:_train_model] - CRITICAL: current best loglike on valid set is 0.4828 (updated at epoch-45)[0m
[38;20m2026-09-29 15:41:37,940 - tpp_runner.py[pid:26644;line:104:_train_model] - INFO: [ Epoch 57 (train) ]: train loglike is 0.5187821049712362, num_events is 50454, mark_ll is -0.20766942751612236, time_ll is 0.7264515252290452[0m
[38;20m2026-09-29 15:41:38,144 - tpp_runner.py[pid:26644;line:116:_train_model] - INFO: [ Epoch 57 (valid) ]:  valid loglike is 0.4778411543283245, num_events is 7204, mark_ll is -0.23054161262406303, time_ll is 0.7083828347315727[0m
[38;20m2026-09-29 15:41:38,486 - tpp_runner.py[pid:26644;line:136:_train_model] - INFO: [ Epoch 57 (test) ]: test loglike is 0.5231449714480756, num_events is 14420, mark_ll is -0.2106337887238861, time_ll is 0.7337787855680045[0m
[31;1m2026-09-29 15:41:38,487 - tpp_runner.py[pid:26644;line:140:_train_model] - CRITICAL: current best loglike on valid set is 0.4828 (updated at epoch-45)[0m
[38;20m2026-09-29 15:41:47,690 - tpp_runner.py[pid:26644;line:104:_train_model] - INFO: [ Epoch 58 (train) ]: train loglike is 0.5194982488690193, num_events is 50454, mark_ll is -0.20677850706406145, time_ll is 0.7262767982732414[0m
[38;20m2026-09-29 15:41:47,853 - tpp_runner.py[pid:26644;line:116:_train_model] - INFO: [ Epoch 58 (valid) ]:  valid loglike is 0.475045737394156, num_events is 7204, mark_ll is -0.23251154686198638, time_ll is 0.7075573520353275[0m
[38;20m2026-09-29 15:41:48,203 - tpp_runner.py[pid:26644;line:136:_train_model] - INFO: [ Epoch 58 (test) ]: test loglike is 0.5155317795921464, num_events is 14420, mark_ll is -0.21155194032539443, time_ll is 0.7270837283828884[0m
[31;1m2026-09-29 15:41:48,203 - tpp_runner.py[pid:26644;line:140:_train_model] - CRITICAL: current best loglike on valid set is 0.4828 (updated at epoch-45)[0m
[38;20m2026-09-29 15:41:56,586 - tpp_runner.py[pid:26644;line:104:_train_model] - INFO: [ Epoch 59 (train) ]: train loglike is 0.521385429673564, num_events is 50454, mark_ll is -0.20565169747946457, time_ll is 0.7270370872323056[0m
[38;20m2026-09-29 15:41:56,756 - tpp_runner.py[pid:26644;line:116:_train_model] - INFO: [ Epoch 59 (valid) ]:  valid loglike is 0.4735412428208287, num_events is 7204, mark_ll is -0.23168442052050076, time_ll is 0.7052256125069406[0m
[38;20m2026-09-29 15:41:57,092 - tpp_runner.py[pid:26644;line:136:_train_model] - INFO: [ Epoch 59 (test) ]: test loglike is 0.5215559918407594, num_events is 14420, mark_ll is -0.21111979279537968, time_ll is 0.7326758015668342[0m
[31;1m2026-09-29 15:41:57,092 - tpp_runner.py[pid:26644;line:140:_train_model] - CRITICAL: current best loglike on valid set is 0.4828 (updated at epoch-45)[0m
[38;20m2026-09-29 15:42:05,300 - tpp_runner.py[pid:26644;line:104:_train_model] - INFO: [ Epoch 60 (train) ]: train loglike is 0.5208655408887304, num_events is 50454, mark_ll is -0.20665616577453286, time_ll is 0.7275216957757933[0m
[38;20m2026-09-29 15:42:05,468 - tpp_runner.py[pid:26644;line:116:_train_model] - INFO: [ Epoch 60 (valid) ]:  valid loglike is 0.4787472942549278, num_events is 7204, mark_ll is -0.23158287035631248, time_ll is 0.7103301985008329[0m
[38;20m2026-09-29 15:42:05,783 - tpp_runner.py[pid:26644;line:136:_train_model] - INFO: [ Epoch 60 (test) ]: test loglike is 0.5197420710168169, num_events is 14420, mark_ll is -0.21109724110935332, time_ll is 0.7308392951954751[0m
[31;1m2026-09-29 15:42:05,783 - tpp_runner.py[pid:26644;line:140:_train_model] - CRITICAL: current best loglike on valid set is 0.4828 (updated at epoch-45)[0m
[38;20m2026-09-29 15:42:13,706 - tpp_runner.py[pid:26644;line:104:_train_model] - INFO: [ Epoch 61 (train) ]: train loglike is 0.5226130475516684, num_events is 50454, mark_ll is -0.20565797954959592, time_ll is 0.728271000487449[0m
[38;20m2026-09-29 15:42:13,884 - tpp_runner.py[pid:26644;line:116:_train_model] - INFO: [ Epoch 61 (valid) ]:  valid loglike is 0.47841504068920043, num_events is 7204, mark_ll is -0.23117321296111534, time_ll is 0.7095882875399084[0m
[38;20m2026-09-29 15:42:14,287 - tpp_runner.py[pid:26644;line:136:_train_model] - INFO: [ Epoch 61 (test) ]: test loglike is 0.5234680429741678, num_events is 14420, mark_ll is -0.21041578909229802, time_ll is 0.7338838236011183[0m
[31;1m2026-09-29 15:42:14,287 - tpp_runner.py[pid:26644;line:140:_train_model] - CRITICAL: current best loglike on valid set is 0.4828 (updated at epoch-45)[0m
[38;20m2026-09-29 15:42:23,497 - tpp_runner.py[pid:26644;line:104:_train_model] - INFO: [ Epoch 62 (train) ]: train loglike is 0.5231152163743831, num_events is 50454, mark_ll is -0.2055124600463727, time_ll is 0.7286276933568201[0m
[38;20m2026-09-29 15:42:23,683 - tpp_runner.py[pid:26644;line:116:_train_model] - INFO: [ Epoch 62 (valid) ]:  valid loglike is 0.4814524293144434, num_events is 7204, mark_ll is -0.2318965524253019, time_ll is 0.7133489478501527[0m
[38;20m2026-09-29 15:42:24,050 - tpp_runner.py[pid:26644;line:136:_train_model] - INFO: [ Epoch 62 (test) ]: test loglike is 0.5186648216723735, num_events is 14420, mark_ll is -0.21053595470158634, time_ll is 0.7292007763739597[0m
[31;1m2026-09-29 15:42:24,051 - tpp_runner.py[pid:26644;line:140:_train_model] - CRITICAL: current best loglike on valid set is 0.4828 (updated at epoch-45)[0m
[38;20m2026-09-29 15:42:33,372 - tpp_runner.py[pid:26644;line:104:_train_model] - INFO: [ Epoch 63 (train) ]: train loglike is 0.5215910528495016, num_events is 50454, mark_ll is -0.20635402275850898, time_ll is 0.7279450780274482[0m
[38;20m2026-09-29 15:42:33,530 - tpp_runner.py[pid:26644;line:116:_train_model] - INFO: [ Epoch 63 (valid) ]:  valid loglike is 0.47784223879528737, num_events is 7204, mark_ll is -0.2325585347821089, time_ll is 0.7104008244117851[0m
[38;20m2026-09-29 15:42:33,915 - tpp_runner.py[pid:26644;line:136:_train_model] - INFO: [ Epoch 63 (test) ]: test loglike is 0.5190908148946776, num_events is 14420, mark_ll is -0.2115631230495839, time_ll is 0.730653904082871[0m
[31;1m2026-09-29 15:42:33,915 - tpp_runner.py[pid:26644;line:140:_train_model] - CRITICAL: current best loglike on valid set is 0.4828 (updated at epoch-45)[0m
[38;20m2026-09-29 15:42:43,072 - tpp_runner.py[pid:26644;line:104:_train_model] - INFO: [ Epoch 64 (train) ]: train loglike is 0.523683726180345, num_events is 50454, mark_ll is -0.20507325830095546, time_ll is 0.728756978432706[0m
[38;20m2026-09-29 15:42:43,252 - tpp_runner.py[pid:26644;line:116:_train_model] - INFO: [ Epoch 64 (valid) ]:  valid loglike is 0.48011202814842446, num_events is 7204, mark_ll is -0.2315539286442428, time_ll is 0.7116659906822599[0m
[38;20m2026-09-29 15:42:43,640 - tpp_runner.py[pid:26644;line:136:_train_model] - INFO: [ Epoch 64 (test) ]: test loglike is 0.5167063296419903, num_events is 14420, mark_ll is -0.21178386545379682, time_ll is 0.728490195095787[0m
[31;1m2026-09-29 15:42:43,640 - tpp_runner.py[pid:26644;line:140:_train_model] - CRITICAL: current best loglike on valid set is 0.4828 (updated at epoch-45)[0m
[38;20m2026-09-29 15:42:53,009 - tpp_runner.py[pid:26644;line:104:_train_model] - INFO: [ Epoch 65 (train) ]: train loglike is 0.5227040038946367, num_events is 50454, mark_ll is -0.20459563346454815, time_ll is 0.7272996639730002[0m
[38;20m2026-09-29 15:42:53,158 - tpp_runner.py[pid:26644;line:116:_train_model] - INFO: [ Epoch 65 (valid) ]:  valid loglike is 0.4777790685947043, num_events is 7204, mark_ll is -0.23114450847619378, time_ll is 0.7089235092917129[0m
[38;20m2026-09-29 15:42:53,472 - tpp_runner.py[pid:26644;line:136:_train_model] - INFO: [ Epoch 65 (test) ]: test loglike is 0.5185300194770718, num_events is 14420, mark_ll is -0.21164858919902912, time_ll is 0.7301786425374913[0m
[31;1m2026-09-29 15:42:53,474 - tpp_runner.py[pid:26644;line:140:_train_model] - CRITICAL: current best loglike on valid set is 0.4828 (updated at epoch-45)[0m
[38;20m2026-09-29 15:43:02,972 - tpp_runner.py[pid:26644;line:104:_train_model] - INFO: [ Epoch 66 (train) ]: train loglike is 0.522731682262556, num_events is 50454, mark_ll is -0.20450344320832467, time_ll is 0.7272351327291939[0m
[38;20m2026-09-29 15:43:03,144 - tpp_runner.py[pid:26644;line:116:_train_model] - INFO: [ Epoch 66 (valid) ]:  valid loglike is 0.47839826534086966, num_events is 7204, mark_ll is -0.23125722526113965, time_ll is 0.7096555244916019[0m
[38;20m2026-09-29 15:43:03,442 - tpp_runner.py[pid:26644;line:136:_train_model] - INFO: [ Epoch 66 (test) ]: test loglike is 0.520946080476335, num_events is 14420, mark_ll is -0.21333454782853675, time_ll is 0.7342806283048717[0m
[31;1m2026-09-29 15:43:03,442 - tpp_runner.py[pid:26644;line:140:_train_model] - CRITICAL: current best loglike on valid set is 0.4828 (updated at epoch-45)[0m
[38;20m2026-09-29 15:43:13,063 - tpp_runner.py[pid:26644;line:104:_train_model] - INFO: [ Epoch 67 (train) ]: train loglike is 0.5234111281284685, num_events is 50454, mark_ll is -0.2042561427976164, time_ll is 0.7276672394733941[0m
[38;20m2026-09-29 15:43:13,220 - tpp_runner.py[pid:26644;line:116:_train_model] - INFO: [ Epoch 67 (valid) ]:  valid loglike is 0.47464482351384646, num_events is 7204, mark_ll is -0.23362649751331727, time_ll is 0.7082713379719601[0m
[38;20m2026-09-29 15:43:13,553 - tpp_runner.py[pid:26644;line:136:_train_model] - INFO: [ Epoch 67 (test) ]: test loglike is 0.5184504113481709, num_events is 14420, mark_ll is -0.2130348406618412, time_ll is 0.731485235079317[0m
[31;1m2026-09-29 15:43:13,553 - tpp_runner.py[pid:26644;line:140:_train_model] - CRITICAL: current best loglike on valid set is 0.4828 (updated at epoch-45)[0m
[38;20m2026-09-29 15:43:23,127 - tpp_runner.py[pid:26644;line:104:_train_model] - INFO: [ Epoch 68 (train) ]: train loglike is 0.5248509161810758, num_events is 50454, mark_ll is -0.20469324810021877, time_ll is 0.7295441715396078[0m
[38;20m2026-09-29 15:43:23,271 - tpp_runner.py[pid:26644;line:116:_train_model] - INFO: [ Epoch 68 (valid) ]:  valid loglike is 0.4744254900706205, num_events is 7204, mark_ll is -0.2317165309094774, time_ll is 0.7061419870905052[0m
[38;20m2026-09-29 15:43:23,569 - tpp_runner.py[pid:26644;line:136:_train_model] - INFO: [ Epoch 68 (test) ]: test loglike is 0.5184747407571949, num_events is 14420, mark_ll is -0.21235663087291956, time_ll is 0.7308313885608096[0m
[31;1m2026-09-29 15:43:23,569 - tpp_runner.py[pid:26644;line:140:_train_model] - CRITICAL: current best loglike on valid set is 0.4828 (updated at epoch-45)[0m
[38;20m2026-09-29 15:43:33,205 - tpp_runner.py[pid:26644;line:104:_train_model] - INFO: [ Epoch 69 (train) ]: train loglike is 0.5263352702771337, num_events is 50454, mark_ll is -0.20428191222914685, time_ll is 0.730617187345156[0m
[38;20m2026-09-29 15:43:33,352 - tpp_runner.py[pid:26644;line:116:_train_model] - INFO: [ Epoch 69 (valid) ]:  valid loglike is 0.47837908383146516, num_events is 7204, mark_ll is -0.2316108462149934, time_ll is 0.7099899469912548[0m
[38;20m2026-09-29 15:43:33,668 - tpp_runner.py[pid:26644;line:136:_train_model] - INFO: [ Epoch 69 (test) ]: test loglike is 0.5225166733486477, num_events is 14420, mark_ll is -0.21145251481774446, time_ll is 0.7339691712356969[0m
[31;1m2026-09-29 15:43:33,668 - tpp_runner.py[pid:26644;line:140:_train_model] - CRITICAL: current best loglike on valid set is 0.4828 (updated at epoch-45)[0m
[38;20m2026-09-29 15:43:43,057 - tpp_runner.py[pid:26644;line:104:_train_model] - INFO: [ Epoch 70 (train) ]: train loglike is 0.5311187116296527, num_events is 50454, mark_ll is -0.2037914534851672, time_ll is 0.7349101989869485[0m
[38;20m2026-09-29 15:43:43,175 - tpp_runner.py[pid:26644;line:116:_train_model] - INFO: [ Epoch 70 (valid) ]:  valid loglike is 0.4789452094756385, num_events is 7204, mark_ll is -0.23156506137540775, time_ll is 0.7105102877958426[0m
[38;20m2026-09-29 15:43:43,486 - tpp_runner.py[pid:26644;line:136:_train_model] - INFO: [ Epoch 70 (test) ]: test loglike is 0.5252084337887916, num_events is 14420, mark_ll is -0.21101716738633408, time_ll is 0.7362256096404733[0m
[31;1m2026-09-29 15:43:43,486 - tpp_runner.py[pid:26644;line:140:_train_model] - CRITICAL: current best loglike on valid set is 0.4828 (updated at epoch-45)[0m
[38;20m2026-09-29 15:43:53,094 - tpp_runner.py[pid:26644;line:104:_train_model] - INFO: [ Epoch 71 (train) ]: train loglike is 0.5284476668645574, num_events is 50454, mark_ll is -0.20230336619665315, time_ll is 0.7307510258028972[0m
[38;20m2026-09-29 15:43:53,238 - tpp_runner.py[pid:26644;line:116:_train_model] - INFO: [ Epoch 71 (valid) ]:  valid loglike is 0.4848069228575271, num_events is 7204, mark_ll is -0.233308731748421, time_ll is 0.7181156546059481[0m
[38;20m2026-09-29 15:43:53,545 - tpp_runner.py[pid:26644;line:136:_train_model] - INFO: [ Epoch 71 (test) ]: test loglike is 0.5237072059747746, num_events is 14420, mark_ll is -0.21124689152435852, time_ll is 0.7349540805684379[0m
[31;1m2026-09-29 15:43:53,545 - tpp_runner.py[pid:26644;line:140:_train_model] - CRITICAL: current best loglike on valid set is 0.4848 (updated at epoch-71), best updated at this epoch[0m
[38;20m2026-09-29 15:44:03,193 - tpp_runner.py[pid:26644;line:104:_train_model] - INFO: [ Epoch 72 (train) ]: train loglike is 0.5294329441793515, num_events is 50454, mark_ll is -0.20186228091894348, time_ll is 0.7312952009039174[0m
[38;20m2026-09-29 15:44:03,342 - tpp_runner.py[pid:26644;line:116:_train_model] - INFO: [ Epoch 72 (valid) ]:  valid loglike is 0.4787660013100361, num_events is 7204, mark_ll is -0.23282892289656787, time_ll is 0.7115948903170114[0m
[38;20m2026-09-29 15:44:03,720 - tpp_runner.py[pid:26644;line:136:_train_model] - INFO: [ Epoch 72 (test) ]: test loglike is 0.5191260984635055, num_events is 14420, mark_ll is -0.21126106251625346, time_ll is 0.730387160979759[0m
[31;1m2026-09-29 15:44:03,720 - tpp_runner.py[pid:26644;line:140:_train_model] - CRITICAL: current best loglike on valid set is 0.4848 (updated at epoch-71)[0m
[38;20m2026-09-29 15:44:13,066 - tpp_runner.py[pid:26644;line:104:_train_model] - INFO: [ Epoch 73 (train) ]: train loglike is 0.5314643089574786, num_events is 50454, mark_ll is -0.20174405509303647, time_ll is 0.7332083616310773[0m
[38;20m2026-09-29 15:44:13,226 - tpp_runner.py[pid:26644;line:116:_train_model] - INFO: [ Epoch 73 (valid) ]:  valid loglike is 0.47345604438506383, num_events is 7204, mark_ll is -0.23373884151274466, time_ll is 0.7071948689530122[0m
[38;20m2026-09-29 15:44:13,518 - tpp_runner.py[pid:26644;line:136:_train_model] - INFO: [ Epoch 73 (test) ]: test loglike is 0.5205643779527133, num_events is 14420, mark_ll is -0.21205588246846827, time_ll is 0.7326202350251387[0m
[31;1m2026-09-29 15:44:13,520 - tpp_runner.py[pid:26644;line:140:_train_model] - CRITICAL: current best loglike on valid set is 0.4848 (updated at epoch-71)[0m
[38;20m2026-09-29 15:44:22,909 - tpp_runner.py[pid:26644;line:104:_train_model] - INFO: [ Epoch 74 (train) ]: train loglike is 0.5313615505971405, num_events is 50454, mark_ll is -0.2012187540259444, time_ll is 0.7325803046230849[0m
[38;20m2026-09-29 15:44:23,076 - tpp_runner.py[pid:26644;line:116:_train_model] - INFO: [ Epoch 74 (valid) ]:  valid loglike is 0.4773151539617747, num_events is 7204, mark_ll is -0.23288836524196627, time_ll is 0.710203519203741[0m
[38;20m2026-09-29 15:44:23,385 - tpp_runner.py[pid:26644;line:136:_train_model] - INFO: [ Epoch 74 (test) ]: test loglike is 0.5194646954371099, num_events is 14420, mark_ll is -0.21166157504225902, time_ll is 0.731126270479369[0m
[31;1m2026-09-29 15:44:23,387 - tpp_runner.py[pid:26644;line:140:_train_model] - CRITICAL: current best loglike on valid set is 0.4848 (updated at epoch-71)[0m
[38;20m2026-09-29 15:44:32,809 - tpp_runner.py[pid:26644;line:104:_train_model] - INFO: [ Epoch 75 (train) ]: train loglike is 0.5328282379587099, num_events is 50454, mark_ll is -0.2006616325134962, time_ll is 0.7334898390195153[0m
[38;20m2026-09-29 15:44:32,972 - tpp_runner.py[pid:26644;line:116:_train_model] - INFO: [ Epoch 75 (valid) ]:  valid loglike is 0.4779864390117469, num_events is 7204, mark_ll is -0.23543549007604284, time_ll is 0.713421946032586[0m
[38;20m2026-09-29 15:44:33,283 - tpp_runner.py[pid:26644;line:136:_train_model] - INFO: [ Epoch 75 (test) ]: test loglike is 0.5175769398513349, num_events is 14420, mark_ll is -0.21244762489435245, time_ll is 0.7300246070724254[0m
[31;1m2026-09-29 15:44:33,285 - tpp_runner.py[pid:26644;line:140:_train_model] - CRITICAL: current best loglike on valid set is 0.4848 (updated at epoch-71)[0m
[38;20m2026-09-29 15:44:42,664 - tpp_runner.py[pid:26644;line:104:_train_model] - INFO: [ Epoch 76 (train) ]: train loglike is 0.5315650204734759, num_events is 50454, mark_ll is -0.20136880513608313, time_ll is 0.7329338280289968[0m
[38;20m2026-09-29 15:44:42,837 - tpp_runner.py[pid:26644;line:116:_train_model] - INFO: [ Epoch 76 (valid) ]:  valid loglike is 0.4672800728111119, num_events is 7204, mark_ll is -0.2357853153955268, time_ll is 0.7030653543170461[0m
[38;20m2026-09-29 15:44:43,121 - tpp_runner.py[pid:26644;line:136:_train_model] - INFO: [ Epoch 76 (test) ]: test loglike is 0.5111345394309119, num_events is 14420, mark_ll is -0.21725490109765083, time_ll is 0.728389457459258[0m
[31;1m2026-09-29 15:44:43,123 - tpp_runner.py[pid:26644;line:140:_train_model] - CRITICAL: current best loglike on valid set is 0.4848 (updated at epoch-71)[0m
[38;20m2026-09-29 15:44:52,634 - tpp_runner.py[pid:26644;line:104:_train_model] - INFO: [ Epoch 77 (train) ]: train loglike is 0.5298348611792425, num_events is 50454, mark_ll is -0.20169075004041429, time_ll is 0.731525608800219[0m
[38;20m2026-09-29 15:44:52,775 - tpp_runner.py[pid:26644;line:116:_train_model] - INFO: [ Epoch 77 (valid) ]:  valid loglike is 0.4749912429292754, num_events is 7204, mark_ll is -0.23334734893917441, time_ll is 0.7083385749236535[0m
[38;20m2026-09-29 15:44:53,073 - tpp_runner.py[pid:26644;line:136:_train_model] - INFO: [ Epoch 77 (test) ]: test loglike is 0.5187243669274445, num_events is 14420, mark_ll is -0.2113700623320475, time_ll is 0.7300944631208824[0m
[31;1m2026-09-29 15:44:53,073 - tpp_runner.py[pid:26644;line:140:_train_model] - CRITICAL: current best loglike on valid set is 0.4848 (updated at epoch-71)[0m
[38;20m2026-09-29 15:45:02,607 - tpp_runner.py[pid:26644;line:104:_train_model] - INFO: [ Epoch 78 (train) ]: train loglike is 0.5321569117259038, num_events is 50454, mark_ll is -0.2014738813177907, time_ll is 0.7336307954631323[0m
[38;20m2026-09-29 15:45:02,750 - tpp_runner.py[pid:26644;line:116:_train_model] - INFO: [ Epoch 78 (valid) ]:  valid loglike is 0.47731522174095986, num_events is 7204, mark_ll is -0.23488341166799695, time_ll is 0.7121985995193643[0m
[38;20m2026-09-29 15:45:03,057 - tpp_runner.py[pid:26644;line:136:_train_model] - INFO: [ Epoch 78 (test) ]: test loglike is 0.518580676117155, num_events is 14420, mark_ll is -0.21221022268604803, time_ll is 0.730790856476465[0m
[31;1m2026-09-29 15:45:03,057 - tpp_runner.py[pid:26644;line:140:_train_model] - CRITICAL: current best loglike on valid set is 0.4848 (updated at epoch-71)[0m
[38;20m2026-09-29 15:45:12,567 - tpp_runner.py[pid:26644;line:104:_train_model] - INFO: [ Epoch 79 (train) ]: train loglike is 0.5329205153146926, num_events is 50454, mark_ll is -0.20147891253860262, time_ll is 0.7343994363213273[0m
[38;20m2026-09-29 15:45:12,704 - tpp_runner.py[pid:26644;line:116:_train_model] - INFO: [ Epoch 79 (valid) ]:  valid loglike is 0.4799318032950444, num_events is 7204, mark_ll is -0.23380445176399395, time_ll is 0.7137362381142421[0m
[38;20m2026-09-29 15:45:13,014 - tpp_runner.py[pid:26644;line:136:_train_model] - INFO: [ Epoch 79 (test) ]: test loglike is 0.5179820236650485, num_events is 14420, mark_ll is -0.21286714212573682, time_ll is 0.7308491488600901[0m
[31;1m2026-09-29 15:45:13,014 - tpp_runner.py[pid:26644;line:140:_train_model] - CRITICAL: current best loglike on valid set is 0.4848 (updated at epoch-71)[0m
[38;20m2026-09-29 15:45:22,431 - tpp_runner.py[pid:26644;line:104:_train_model] - INFO: [ Epoch 80 (train) ]: train loglike is 0.5352881287131596, num_events is 50454, mark_ll is -0.20107505031075645, time_ll is 0.7363631826530725[0m
[38;20m2026-09-29 15:45:22,581 - tpp_runner.py[pid:26644;line:116:_train_model] - INFO: [ Epoch 80 (valid) ]:  valid loglike is 0.4797863152740665, num_events is 7204, mark_ll is -0.23405545503149291, time_ll is 0.7138418380847446[0m
[38;20m2026-09-29 15:45:22,908 - tpp_runner.py[pid:26644;line:136:_train_model] - INFO: [ Epoch 80 (test) ]: test loglike is 0.5181758970559552, num_events is 14420, mark_ll is -0.21222868560917996, time_ll is 0.7304046165265257[0m
[31;1m2026-09-29 15:45:22,910 - tpp_runner.py[pid:26644;line:140:_train_model] - CRITICAL: current best loglike on valid set is 0.4848 (updated at epoch-71)[0m
[38;20m2026-09-29 15:45:32,073 - tpp_runner.py[pid:26644;line:104:_train_model] - INFO: [ Epoch 81 (train) ]: train loglike is 0.5340089768108698, num_events is 50454, mark_ll is -0.20101282358141204, time_ll is 0.7350217979728441[0m
[38;20m2026-09-29 15:45:32,232 - tpp_runner.py[pid:26644;line:116:_train_model] - INFO: [ Epoch 81 (valid) ]:  valid loglike is 0.4676094118718767, num_events is 7204, mark_ll is -0.23573485379216408, time_ll is 0.7033442656640408[0m
[38;20m2026-09-29 15:45:32,534 - tpp_runner.py[pid:26644;line:136:_train_model] - INFO: [ Epoch 81 (test) ]: test loglike is 0.5165879332903519, num_events is 14420, mark_ll is -0.21340459011464114, time_ll is 0.7299924895436026[0m
[31;1m2026-09-29 15:45:32,574 - tpp_runner.py[pid:26644;line:140:_train_model] - CRITICAL: current best loglike on valid set is 0.4848 (updated at epoch-71)[0m
[38;20m2026-09-29 15:45:41,597 - tpp_runner.py[pid:26644;line:104:_train_model] - INFO: [ Epoch 82 (train) ]: train loglike is 0.5360486209049952, num_events is 50454, mark_ll is -0.1999485056545938, time_ll is 0.7359971313984645[0m
[38;20m2026-09-29 15:45:41,757 - tpp_runner.py[pid:26644;line:116:_train_model] - INFO: [ Epoch 82 (valid) ]:  valid loglike is 0.4755818368592969, num_events is 7204, mark_ll is -0.2353849945830875, time_ll is 0.7109669161663659[0m
[38;20m2026-09-29 15:45:42,064 - tpp_runner.py[pid:26644;line:136:_train_model] - INFO: [ Epoch 82 (test) ]: test loglike is 0.5184539667941661, num_events is 14420, mark_ll is -0.21291225396313715, time_ll is 0.7313662292226508[0m
[31;1m2026-09-29 15:45:42,064 - tpp_runner.py[pid:26644;line:140:_train_model] - CRITICAL: current best loglike on valid set is 0.4848 (updated at epoch-71)[0m
[38;20m2026-09-29 15:45:51,186 - tpp_runner.py[pid:26644;line:104:_train_model] - INFO: [ Epoch 83 (train) ]: train loglike is 0.5382232163982291, num_events is 50454, mark_ll is -0.19936120649502517, time_ll is 0.7375844132155033[0m
[38;20m2026-09-29 15:45:51,296 - tpp_runner.py[pid:26644;line:116:_train_model] - INFO: [ Epoch 83 (valid) ]:  valid loglike is 0.4727423973443573, num_events is 7204, mark_ll is -0.23468427642195308, time_ll is 0.7074266737663104[0m
[38;20m2026-09-29 15:45:51,587 - tpp_runner.py[pid:26644;line:136:_train_model] - INFO: [ Epoch 83 (test) ]: test loglike is 0.5135868829100209, num_events is 14420, mark_ll is -0.2131014121554265, time_ll is 0.7266882781347521[0m
[31;1m2026-09-29 15:45:51,587 - tpp_runner.py[pid:26644;line:140:_train_model] - CRITICAL: current best loglike on valid set is 0.4848 (updated at epoch-71)[0m
[38;20m2026-09-29 15:45:59,836 - tpp_runner.py[pid:26644;line:104:_train_model] - INFO: [ Epoch 84 (train) ]: train loglike is 0.5386461679899637, num_events is 50454, mark_ll is -0.19936092463052668, time_ll is 0.7380071470578398[0m
[38;20m2026-09-29 15:45:59,982 - tpp_runner.py[pid:26644;line:116:_train_model] - INFO: [ Epoch 84 (valid) ]:  valid loglike is 0.4731975345728068, num_events is 7204, mark_ll is -0.23503608428260342, time_ll is 0.7082335849658176[0m
[38;20m2026-09-29 15:46:00,254 - tpp_runner.py[pid:26644;line:136:_train_model] - INFO: [ Epoch 84 (test) ]: test loglike is 0.514527315306432, num_events is 14420, mark_ll is -0.2140140189542519, time_ll is 0.7285413935181172[0m
[31;1m2026-09-29 15:46:00,473 - tpp_runner.py[pid:26644;line:140:_train_model] - CRITICAL: current best loglike on valid set is 0.4848 (updated at epoch-71)[0m
[38;20m2026-09-29 15:46:08,655 - tpp_runner.py[pid:26644;line:104:_train_model] - INFO: [ Epoch 85 (train) ]: train loglike is 0.5411895148303405, num_events is 50454, mark_ll is -0.19835377075955016, time_ll is 0.7395432867996096[0m
[38;20m2026-09-29 15:46:08,790 - tpp_runner.py[pid:26644;line:116:_train_model] - INFO: [ Epoch 85 (valid) ]:  valid loglike is 0.46730152492321975, num_events is 7204, mark_ll is -0.23685700598191978, time_ll is 0.7041584970155469[0m
[38;20m2026-09-29 15:46:09,076 - tpp_runner.py[pid:26644;line:136:_train_model] - INFO: [ Epoch 85 (test) ]: test loglike is 0.5134876351746706, num_events is 14420, mark_ll is -0.21599684885900658, time_ll is 0.7294844501722868[0m
[31;1m2026-09-29 15:46:09,076 - tpp_runner.py[pid:26644;line:140:_train_model] - CRITICAL: current best loglike on valid set is 0.4848 (updated at epoch-71)[0m
[38;20m2026-09-29 15:46:17,251 - tpp_runner.py[pid:26644;line:104:_train_model] - INFO: [ Epoch 86 (train) ]: train loglike is 0.5394638944013359, num_events is 50454, mark_ll is -0.19797083061969195, time_ll is 0.7374347371182166[0m
[38;20m2026-09-29 15:46:17,400 - tpp_runner.py[pid:26644;line:116:_train_model] - INFO: [ Epoch 86 (valid) ]:  valid loglike is 0.4692063911433752, num_events is 7204, mark_ll is -0.2349064735357527, time_ll is 0.7041129494031094[0m
[38;20m2026-09-29 15:46:17,701 - tpp_runner.py[pid:26644;line:136:_train_model] - INFO: [ Epoch 86 (test) ]: test loglike is 0.5103628552737084, num_events is 14420, mark_ll is -0.21676417336219228, time_ll is 0.7271270201705531[0m
[31;1m2026-09-29 15:46:17,701 - tpp_runner.py[pid:26644;line:140:_train_model] - CRITICAL: current best loglike on valid set is 0.4848 (updated at epoch-71)[0m
[38;20m2026-09-29 15:46:27,041 - tpp_runner.py[pid:26644;line:104:_train_model] - INFO: [ Epoch 87 (train) ]: train loglike is 0.5369271623037817, num_events is 50454, mark_ll is -0.19960054937495664, time_ll is 0.7365277286148026[0m
[38;20m2026-09-29 15:46:27,155 - tpp_runner.py[pid:26644;line:116:_train_model] - INFO: [ Epoch 87 (valid) ]:  valid loglike is 0.47167087620592724, num_events is 7204, mark_ll is -0.2363862456512875, time_ll is 0.7080571557468073[0m
[38;20m2026-09-29 15:46:27,434 - tpp_runner.py[pid:26644;line:136:_train_model] - INFO: [ Epoch 87 (test) ]: test loglike is 0.5084434731492719, num_events is 14420, mark_ll is -0.21717106029494626, time_ll is 0.7256145165135229[0m
[31;1m2026-09-29 15:46:27,434 - tpp_runner.py[pid:26644;line:140:_train_model] - CRITICAL: current best loglike on valid set is 0.4848 (updated at epoch-71)[0m
[38;20m2026-09-29 15:46:35,670 - tpp_runner.py[pid:26644;line:104:_train_model] - INFO: [ Epoch 88 (train) ]: train loglike is 0.536515824013272, num_events is 50454, mark_ll is -0.20004737718817822, time_ll is 0.7365631878945426[0m
[38;20m2026-09-29 15:46:35,818 - tpp_runner.py[pid:26644;line:116:_train_model] - INFO: [ Epoch 88 (valid) ]:  valid loglike is 0.46498208731694196, num_events is 7204, mark_ll is -0.2368809320342865, time_ll is 0.7018630193512285[0m
[38;20m2026-09-29 15:46:36,099 - tpp_runner.py[pid:26644;line:136:_train_model] - INFO: [ Epoch 88 (test) ]: test loglike is 0.5140044954381935, num_events is 14420, mark_ll is -0.2153323783292519, time_ll is 0.729336882232793[0m
[31;1m2026-09-29 15:46:36,099 - tpp_runner.py[pid:26644;line:140:_train_model] - CRITICAL: current best loglike on valid set is 0.4848 (updated at epoch-71)[0m
[38;20m2026-09-29 15:46:44,204 - tpp_runner.py[pid:26644;line:104:_train_model] - INFO: [ Epoch 89 (train) ]: train loglike is 0.5373015170687656, num_events is 50454, mark_ll is -0.20024770784402623, time_ll is 0.7375492345905429[0m
[38;20m2026-09-29 15:46:44,316 - tpp_runner.py[pid:26644;line:116:_train_model] - INFO: [ Epoch 89 (valid) ]:  valid loglike is 0.4668970187460959, num_events is 7204, mark_ll is -0.23616847112932052, time_ll is 0.7030655576546017[0m
[38;20m2026-09-29 15:46:44,565 - tpp_runner.py[pid:26644;line:136:_train_model] - INFO: [ Epoch 89 (test) ]: test loglike is 0.5098695117458392, num_events is 14420, mark_ll is -0.2156730408476725, time_ll is 0.7255425271974688[0m
[31;1m2026-09-29 15:46:44,565 - tpp_runner.py[pid:26644;line:140:_train_model] - CRITICAL: current best loglike on valid set is 0.4848 (updated at epoch-71)[0m
[38;20m2026-09-29 15:46:52,923 - tpp_runner.py[pid:26644;line:104:_train_model] - INFO: [ Epoch 90 (train) ]: train loglike is 0.5404774549434881, num_events is 50454, mark_ll is -0.197480819471697, time_ll is 0.7379582792540607[0m
[38;20m2026-09-29 15:46:53,064 - tpp_runner.py[pid:26644;line:116:_train_model] - INFO: [ Epoch 90 (valid) ]:  valid loglike is 0.46589473404532206, num_events is 7204, mark_ll is -0.23776331535648598, time_ll is 0.7036580155122154[0m
[38;20m2026-09-29 15:46:53,320 - tpp_runner.py[pid:26644;line:136:_train_model] - INFO: [ Epoch 90 (test) ]: test loglike is 0.5090937134296983, num_events is 14420, mark_ll is -0.218006276885944, time_ll is 0.72709999878099[0m
[31;1m2026-09-29 15:46:53,334 - tpp_runner.py[pid:26644;line:140:_train_model] - CRITICAL: current best loglike on valid set is 0.4848 (updated at epoch-71)[0m
[38;20m2026-09-29 15:47:01,497 - tpp_runner.py[pid:26644;line:104:_train_model] - INFO: [ Epoch 91 (train) ]: train loglike is 0.5403466456218164, num_events is 50454, mark_ll is -0.19797157943567717, time_ll is 0.7383182093311482[0m
[38;20m2026-09-29 15:47:01,621 - tpp_runner.py[pid:26644;line:116:_train_model] - INFO: [ Epoch 91 (valid) ]:  valid loglike is 0.4667301125026027, num_events is 7204, mark_ll is -0.23632097429596405, time_ll is 0.7030511206881593[0m
[38;20m2026-09-29 15:47:01,863 - tpp_runner.py[pid:26644;line:136:_train_model] - INFO: [ Epoch 91 (test) ]: test loglike is 0.5047935708055219, num_events is 14420, mark_ll is -0.2157991745270241, time_ll is 0.720592787659284[0m
[31;1m2026-09-29 15:47:01,863 - tpp_runner.py[pid:26644;line:140:_train_model] - CRITICAL: current best loglike on valid set is 0.4848 (updated at epoch-71)[0m
[38;20m2026-09-29 15:47:10,172 - tpp_runner.py[pid:26644;line:104:_train_model] - INFO: [ Epoch 92 (train) ]: train loglike is 0.5408929401503102, num_events is 50454, mark_ll is -0.1978221549599171, time_ll is 0.7387151229337614[0m
[38;20m2026-09-29 15:47:10,306 - tpp_runner.py[pid:26644;line:116:_train_model] - INFO: [ Epoch 92 (valid) ]:  valid loglike is 0.4582154879233759, num_events is 7204, mark_ll is -0.24084106648650055, time_ll is 0.6990564866306913[0m
[38;20m2026-09-29 15:47:10,562 - tpp_runner.py[pid:26644;line:136:_train_model] - INFO: [ Epoch 92 (test) ]: test loglike is 0.5045838164225035, num_events is 14420, mark_ll is -0.21693458080953104, time_ll is 0.7215184056973821[0m
[31;1m2026-09-29 15:47:10,564 - tpp_runner.py[pid:26644;line:140:_train_model] - CRITICAL: current best loglike on valid set is 0.4848 (updated at epoch-71)[0m
[38;20m2026-09-29 15:47:19,411 - tpp_runner.py[pid:26644;line:104:_train_model] - INFO: [ Epoch 93 (train) ]: train loglike is 0.539135286365427, num_events is 50454, mark_ll is -0.19820440556001506, time_ll is 0.737339711280944[0m
[38;20m2026-09-29 15:47:19,562 - tpp_runner.py[pid:26644;line:116:_train_model] - INFO: [ Epoch 93 (valid) ]:  valid loglike is 0.46600294351445376, num_events is 7204, mark_ll is -0.2370126947702665, time_ll is 0.7030156721743129[0m
[38;20m2026-09-29 15:47:19,818 - tpp_runner.py[pid:26644;line:136:_train_model] - INFO: [ Epoch 93 (test) ]: test loglike is 0.5076883302812933, num_events is 14420, mark_ll is -0.21655157462237778, time_ll is 0.7242398456462379[0m
[31;1m2026-09-29 15:47:19,818 - tpp_runner.py[pid:26644;line:140:_train_model] - CRITICAL: current best loglike on valid set is 0.4848 (updated at epoch-71)[0m
[38;20m2026-09-29 15:47:28,547 - tpp_runner.py[pid:26644;line:104:_train_model] - INFO: [ Epoch 94 (train) ]: train loglike is 0.5427559556105561, num_events is 50454, mark_ll is -0.19635445143449046, time_ll is 0.7391104009964522[0m
[38;20m2026-09-29 15:47:28,663 - tpp_runner.py[pid:26644;line:116:_train_model] - INFO: [ Epoch 94 (valid) ]:  valid loglike is 0.4575750424026582, num_events is 7204, mark_ll is -0.23817666671727514, time_ll is 0.6957517091199333[0m
[38;20m2026-09-29 15:47:28,924 - tpp_runner.py[pid:26644;line:136:_train_model] - INFO: [ Epoch 94 (test) ]: test loglike is 0.5075837493769504, num_events is 14420, mark_ll is -0.21700049200600294, time_ll is 0.7245842837096914[0m
[31;1m2026-09-29 15:47:28,924 - tpp_runner.py[pid:26644;line:140:_train_model] - CRITICAL: current best loglike on valid set is 0.4848 (updated at epoch-71)[0m
[38;20m2026-09-29 15:47:37,693 - tpp_runner.py[pid:26644;line:104:_train_model] - INFO: [ Epoch 95 (train) ]: train loglike is 0.5425464903674634, num_events is 50454, mark_ll is -0.19615488169181644, time_ll is 0.738701380527312[0m
[38;20m2026-09-29 15:47:37,859 - tpp_runner.py[pid:26644;line:116:_train_model] - INFO: [ Epoch 95 (valid) ]:  valid loglike is 0.45943903777415324, num_events is 7204, mark_ll is -0.2406173273962382, time_ll is 0.7000562973912062[0m
[38;20m2026-09-29 15:47:38,129 - tpp_runner.py[pid:26644;line:136:_train_model] - INFO: [ Epoch 95 (test) ]: test loglike is 0.5063982790286928, num_events is 14420, mark_ll is -0.2184609930326803, time_ll is 0.7248592381999827[0m
[31;1m2026-09-29 15:47:38,131 - tpp_runner.py[pid:26644;line:140:_train_model] - CRITICAL: current best loglike on valid set is 0.4848 (updated at epoch-71)[0m
[38;20m2026-09-29 15:47:46,831 - tpp_runner.py[pid:26644;line:104:_train_model] - INFO: [ Epoch 96 (train) ]: train loglike is 0.5443193237048227, num_events is 50454, mark_ll is -0.1952448404231763, time_ll is 0.7395641665474367[0m
[38;20m2026-09-29 15:47:46,967 - tpp_runner.py[pid:26644;line:116:_train_model] - INFO: [ Epoch 96 (valid) ]:  valid loglike is 0.46044176303963075, num_events is 7204, mark_ll is -0.2397371468975569, time_ll is 0.7001789777163728[0m
[38;20m2026-09-29 15:47:47,279 - tpp_runner.py[pid:26644;line:136:_train_model] - INFO: [ Epoch 96 (test) ]: test loglike is 0.5055366759492025, num_events is 14420, mark_ll is -0.21914917500108355, time_ll is 0.724685850950286[0m
[31;1m2026-09-29 15:47:47,279 - tpp_runner.py[pid:26644;line:140:_train_model] - CRITICAL: current best loglike on valid set is 0.4848 (updated at epoch-71)[0m
[38;20m2026-09-29 15:47:55,954 - tpp_runner.py[pid:26644;line:104:_train_model] - INFO: [ Epoch 97 (train) ]: train loglike is 0.5465216943434862, num_events is 50454, mark_ll is -0.19646293176511959, time_ll is 0.7429846176405736[0m
[38;20m2026-09-29 15:47:56,066 - tpp_runner.py[pid:26644;line:116:_train_model] - INFO: [ Epoch 97 (valid) ]:  valid loglike is 0.46339605438384923, num_events is 7204, mark_ll is -0.23875234922655816, time_ll is 0.7021483697208148[0m
[38;20m2026-09-29 15:47:56,368 - tpp_runner.py[pid:26644;line:136:_train_model] - INFO: [ Epoch 97 (test) ]: test loglike is 0.5159868428181346, num_events is 14420, mark_ll is -0.2159961885618932, time_ll is 0.7319830313800277[0m
[31;1m2026-09-29 15:47:56,368 - tpp_runner.py[pid:26644;line:140:_train_model] - CRITICAL: current best loglike on valid set is 0.4848 (updated at epoch-71)[0m
[38;20m2026-09-29 15:48:05,159 - tpp_runner.py[pid:26644;line:104:_train_model] - INFO: [ Epoch 98 (train) ]: train loglike is 0.5466038681274031, num_events is 50454, mark_ll is -0.19571400206631598, time_ll is 0.7423178689840003[0m
[38;20m2026-09-29 15:48:05,319 - tpp_runner.py[pid:26644;line:116:_train_model] - INFO: [ Epoch 98 (valid) ]:  valid loglike is 0.4685630650072876, num_events is 7204, mark_ll is -0.2384192145314235, time_ll is 0.7069823134283038[0m
[38;20m2026-09-29 15:48:05,606 - tpp_runner.py[pid:26644;line:136:_train_model] - INFO: [ Epoch 98 (test) ]: test loglike is 0.5136059976649185, num_events is 14420, mark_ll is -0.21548522018030514, time_ll is 0.7290912009145284[0m
[31;1m2026-09-29 15:48:05,606 - tpp_runner.py[pid:26644;line:140:_train_model] - CRITICAL: current best loglike on valid set is 0.4848 (updated at epoch-71)[0m
[38;20m2026-09-29 15:48:14,138 - tpp_runner.py[pid:26644;line:104:_train_model] - INFO: [ Epoch 99 (train) ]: train loglike is 0.5461209193182156, num_events is 50454, mark_ll is -0.19590810871853878, time_ll is 0.7420290461825375[0m
[38;20m2026-09-29 15:48:14,270 - tpp_runner.py[pid:26644;line:116:_train_model] - INFO: [ Epoch 99 (valid) ]:  valid loglike is 0.4708628127602721, num_events is 7204, mark_ll is -0.23589133898593664, time_ll is 0.706754168691005[0m
[38;20m2026-09-29 15:48:14,555 - tpp_runner.py[pid:26644;line:136:_train_model] - INFO: [ Epoch 99 (test) ]: test loglike is 0.5122799856156813, num_events is 14420, mark_ll is -0.21572754075556952, time_ll is 0.7280075517672937[0m
[31;1m2026-09-29 15:48:14,557 - tpp_runner.py[pid:26644;line:140:_train_model] - CRITICAL: current best loglike on valid set is 0.4848 (updated at epoch-71)[0m
[38;20m2026-09-29 15:48:23,484 - tpp_runner.py[pid:26644;line:104:_train_model] - INFO: [ Epoch 100 (train) ]: train loglike is 0.5498971680887541, num_events is 50454, mark_ll is -0.1951053162867104, time_ll is 0.7450024771171513[0m
[38;20m2026-09-29 15:48:23,639 - tpp_runner.py[pid:26644;line:116:_train_model] - INFO: [ Epoch 100 (valid) ]:  valid loglike is 0.46533006565362994, num_events is 7204, mark_ll is -0.2398268865387285, time_ll is 0.7051569521923584[0m
[38;20m2026-09-29 15:48:23,950 - tpp_runner.py[pid:26644;line:136:_train_model] - INFO: [ Epoch 100 (test) ]: test loglike is 0.5125788801090065, num_events is 14420, mark_ll is -0.21739700042259016, time_ll is 0.7299758805315968[0m
[31;1m2026-09-29 15:48:23,952 - tpp_runner.py[pid:26644;line:140:_train_model] - CRITICAL: current best loglike on valid set is 0.4848 (updated at epoch-71)[0m
[38;20m2026-09-29 15:48:32,689 - tpp_runner.py[pid:26644;line:104:_train_model] - INFO: [ Epoch 101 (train) ]: train loglike is 0.5478632822564861, num_events is 50454, mark_ll is -0.19557643888415066, time_ll is 0.7434397429155766[0m
[38;20m2026-09-29 15:48:32,808 - tpp_runner.py[pid:26644;line:116:_train_model] - INFO: [ Epoch 101 (valid) ]:  valid loglike is 0.46827947689651583, num_events is 7204, mark_ll is -0.23947365531518947, time_ll is 0.7077530983221128[0m
[38;20m2026-09-29 15:48:33,084 - tpp_runner.py[pid:26644;line:136:_train_model] - INFO: [ Epoch 101 (test) ]: test loglike is 0.5086175376267771, num_events is 14420, mark_ll is -0.21730261179676663, time_ll is 0.7259201832849341[0m
[31;1m2026-09-29 15:48:33,084 - tpp_runner.py[pid:26644;line:140:_train_model] - CRITICAL: current best loglike on valid set is 0.4848 (updated at epoch-71)[0m
[38;20m2026-09-29 15:48:41,718 - tpp_runner.py[pid:26644;line:104:_train_model] - INFO: [ Epoch 102 (train) ]: train loglike is 0.5516273902883692, num_events is 50454, mark_ll is -0.19352614926390252, time_ll is 0.7451535371328338[0m
[38;20m2026-09-29 15:48:41,831 - tpp_runner.py[pid:26644;line:116:_train_model] - INFO: [ Epoch 102 (valid) ]:  valid loglike is 0.46676813662548583, num_events is 7204, mark_ll is -0.24147120957107163, time_ll is 0.7082393461965575[0m
[38;20m2026-09-29 15:48:42,096 - tpp_runner.py[pid:26644;line:136:_train_model] - INFO: [ Epoch 102 (test) ]: test loglike is 0.5102552268442268, num_events is 14420, mark_ll is -0.21910689905513175, time_ll is 0.7293621597607489[0m
[31;1m2026-09-29 15:48:42,096 - tpp_runner.py[pid:26644;line:140:_train_model] - CRITICAL: current best loglike on valid set is 0.4848 (updated at epoch-71)[0m
[38;20m2026-09-29 15:48:51,154 - tpp_runner.py[pid:26644;line:104:_train_model] - INFO: [ Epoch 103 (train) ]: train loglike is 0.5509185434148556, num_events is 50454, mark_ll is -0.19348229453515206, time_ll is 0.7444008355305699[0m
[38;20m2026-09-29 15:48:51,280 - tpp_runner.py[pid:26644;line:116:_train_model] - INFO: [ Epoch 103 (valid) ]:  valid loglike is 0.46529383767915394, num_events is 7204, mark_ll is -0.2406469977345485, time_ll is 0.7059408184689062[0m
[38;20m2026-09-29 15:48:51,591 - tpp_runner.py[pid:26644;line:136:_train_model] - INFO: [ Epoch 103 (test) ]: test loglike is 0.5057586712248613, num_events is 14420, mark_ll is -0.21997630718511615, time_ll is 0.7257349953406727[0m
[31;1m2026-09-29 15:48:51,591 - tpp_runner.py[pid:26644;line:140:_train_model] - CRITICAL: current best loglike on valid set is 0.4848 (updated at epoch-71)[0m
[38;20m2026-09-29 15:49:00,166 - tpp_runner.py[pid:26644;line:104:_train_model] - INFO: [ Epoch 104 (train) ]: train loglike is 0.548999411515316, num_events is 50454, mark_ll is -0.19412153055529233, time_ll is 0.7431209384414517[0m
[38;20m2026-09-29 15:49:00,325 - tpp_runner.py[pid:26644;line:116:_train_model] - INFO: [ Epoch 104 (valid) ]:  valid loglike is 0.45835789199142835, num_events is 7204, mark_ll is -0.24093751626700444, time_ll is 0.6992954082584328[0m
[38;20m2026-09-29 15:49:00,593 - tpp_runner.py[pid:26644;line:136:_train_model] - INFO: [ Epoch 104 (test) ]: test loglike is 0.5045037003727462, num_events is 14420, mark_ll is -0.22029644123558859, time_ll is 0.7248001500736824[0m
[31;1m2026-09-29 15:49:00,595 - tpp_runner.py[pid:26644;line:140:_train_model] - CRITICAL: current best loglike on valid set is 0.4848 (updated at epoch-71)[0m
[38;20m2026-09-29 15:49:09,188 - tpp_runner.py[pid:26644;line:104:_train_model] - INFO: [ Epoch 105 (train) ]: train loglike is 0.5484520282398323, num_events is 50454, mark_ll is -0.19395887296473024, time_ll is 0.7424108866879361[0m
[38;20m2026-09-29 15:49:09,316 - tpp_runner.py[pid:26644;line:116:_train_model] - INFO: [ Epoch 105 (valid) ]:  valid loglike is 0.46069054653881525, num_events is 7204, mark_ll is -0.24198324742547542, time_ll is 0.7026737939642906[0m
[38;20m2026-09-29 15:49:09,595 - tpp_runner.py[pid:26644;line:136:_train_model] - INFO: [ Epoch 105 (test) ]: test loglike is 0.5031278104954057, num_events is 14420, mark_ll is -0.2201488309693568, time_ll is 0.7232766583954577[0m
[31;1m2026-09-29 15:49:09,595 - tpp_runner.py[pid:26644;line:140:_train_model] - CRITICAL: current best loglike on valid set is 0.4848 (updated at epoch-71)[0m
[38;20m2026-09-29 15:49:18,442 - tpp_runner.py[pid:26644;line:104:_train_model] - INFO: [ Epoch 106 (train) ]: train loglike is 0.5520546823514365, num_events is 50454, mark_ll is -0.19300046108676963, time_ll is 0.7450551434382061[0m
[38;20m2026-09-29 15:49:18,564 - tpp_runner.py[pid:26644;line:116:_train_model] - INFO: [ Epoch 106 (valid) ]:  valid loglike is 0.45584609705762424, num_events is 7204, mark_ll is -0.2454860418257218, time_ll is 0.7013321049937534[0m
[38;20m2026-09-29 15:49:18,842 - tpp_runner.py[pid:26644;line:136:_train_model] - INFO: [ Epoch 106 (test) ]: test loglike is 0.4987927906390863, num_events is 14420, mark_ll is -0.22073652926165915, time_ll is 0.7195293368314407[0m
[31;1m2026-09-29 15:49:18,844 - tpp_runner.py[pid:26644;line:140:_train_model] - CRITICAL: current best loglike on valid set is 0.4848 (updated at epoch-71)[0m
[38;20m2026-09-29 15:49:27,345 - tpp_runner.py[pid:26644;line:104:_train_model] - INFO: [ Epoch 107 (train) ]: train loglike is 0.5528793477102906, num_events is 50454, mark_ll is -0.19338384277401816, time_ll is 0.746263207420373[0m
[38;20m2026-09-29 15:49:27,485 - tpp_runner.py[pid:26644;line:116:_train_model] - INFO: [ Epoch 107 (valid) ]:  valid loglike is 0.4523695670916331, num_events is 7204, mark_ll is -0.243190021927922, time_ll is 0.6955596229091477[0m
[38;20m2026-09-29 15:49:27,778 - tpp_runner.py[pid:26644;line:136:_train_model] - INFO: [ Epoch 107 (test) ]: test loglike is 0.5014227201803051, num_events is 14420, mark_ll is -0.2201891768160541, time_ll is 0.7216118969963592[0m
[31;1m2026-09-29 15:49:27,780 - tpp_runner.py[pid:26644;line:140:_train_model] - CRITICAL: current best loglike on valid set is 0.4848 (updated at epoch-71)[0m
[38;20m2026-09-29 15:49:36,577 - tpp_runner.py[pid:26644;line:104:_train_model] - INFO: [ Epoch 108 (train) ]: train loglike is 0.5518948833265821, num_events is 50454, mark_ll is -0.19380025583521934, time_ll is 0.7456951524687091[0m
[38;20m2026-09-29 15:49:36,693 - tpp_runner.py[pid:26644;line:116:_train_model] - INFO: [ Epoch 108 (valid) ]:  valid loglike is 0.4601855916092622, num_events is 7204, mark_ll is -0.2425971573951971, time_ll is 0.7027827151148668[0m
[38;20m2026-09-29 15:49:36,978 - tpp_runner.py[pid:26644;line:136:_train_model] - INFO: [ Epoch 108 (test) ]: test loglike is 0.5052530360122659, num_events is 14420, mark_ll is -0.21773260066314146, time_ll is 0.7229856197447122[0m
[31;1m2026-09-29 15:49:36,980 - tpp_runner.py[pid:26644;line:140:_train_model] - CRITICAL: current best loglike on valid set is 0.4848 (updated at epoch-71)[0m
[38;20m2026-09-29 15:49:45,859 - tpp_runner.py[pid:26644;line:104:_train_model] - INFO: [ Epoch 109 (train) ]: train loglike is 0.5523099475512347, num_events is 50454, mark_ll is -0.1940535975820023, time_ll is 0.746363575376209[0m
[38;20m2026-09-29 15:49:46,005 - tpp_runner.py[pid:26644;line:116:_train_model] - INFO: [ Epoch 109 (valid) ]:  valid loglike is 0.4503028780668726, num_events is 7204, mark_ll is -0.24405274928642073, time_ll is 0.6943555934637007[0m
[38;20m2026-09-29 15:49:46,280 - tpp_runner.py[pid:26644;line:136:_train_model] - INFO: [ Epoch 109 (test) ]: test loglike is 0.5033349067592753, num_events is 14420, mark_ll is -0.21852739521931344, time_ll is 0.7218623019785888[0m
[31;1m2026-09-29 15:49:46,280 - tpp_runner.py[pid:26644;line:140:_train_model] - CRITICAL: current best loglike on valid set is 0.4848 (updated at epoch-71)[0m
[38;20m2026-09-29 15:49:54,965 - tpp_runner.py[pid:26644;line:104:_train_model] - INFO: [ Epoch 110 (train) ]: train loglike is 0.5520384527629747, num_events is 50454, mark_ll is -0.19263162505930526, time_ll is 0.7446700608862157[0m
[38;20m2026-09-29 15:49:55,092 - tpp_runner.py[pid:26644;line:116:_train_model] - INFO: [ Epoch 110 (valid) ]:  valid loglike is 0.45520551597853626, num_events is 7204, mark_ll is -0.2447277621915776, time_ll is 0.6999332781701139[0m
[38;20m2026-09-29 15:49:55,333 - tpp_runner.py[pid:26644;line:136:_train_model] - INFO: [ Epoch 110 (test) ]: test loglike is 0.5008243894114077, num_events is 14420, mark_ll is -0.22164933076347954, time_ll is 0.7224736693828017[0m
[31;1m2026-09-29 15:49:55,333 - tpp_runner.py[pid:26644;line:140:_train_model] - CRITICAL: current best loglike on valid set is 0.4848 (updated at epoch-71)[0m
[38;20m2026-09-29 15:50:03,278 - tpp_runner.py[pid:26644;line:104:_train_model] - INFO: [ Epoch 111 (train) ]: train loglike is 0.5548601075283303, num_events is 50454, mark_ll is -0.191241407657145, time_ll is 0.7461015115563187[0m
[38;20m2026-09-29 15:50:03,412 - tpp_runner.py[pid:26644;line:116:_train_model] - INFO: [ Epoch 111 (valid) ]:  valid loglike is 0.45601673115630204, num_events is 7204, mark_ll is -0.24968479289934412, time_ll is 0.7057015579452388[0m
[38;20m2026-09-29 15:50:03,708 - tpp_runner.py[pid:26644;line:136:_train_model] - INFO: [ Epoch 111 (test) ]: test loglike is 0.49944150715694346, num_events is 14420, mark_ll is -0.2261299461333001, time_ll is 0.7255714786862864[0m
[31;1m2026-09-29 15:50:03,710 - tpp_runner.py[pid:26644;line:140:_train_model] - CRITICAL: current best loglike on valid set is 0.4848 (updated at epoch-71)[0m
[38;20m2026-09-29 15:50:11,869 - tpp_runner.py[pid:26644;line:104:_train_model] - INFO: [ Epoch 112 (train) ]: train loglike is 0.5554674009215077, num_events is 50454, mark_ll is -0.19261231310714338, time_ll is 0.7480797212869643[0m
[38;20m2026-09-29 15:50:12,001 - tpp_runner.py[pid:26644;line:116:_train_model] - INFO: [ Epoch 112 (valid) ]:  valid loglike is 0.45882577170669075, num_events is 7204, mark_ll is -0.2445483676332159, time_ll is 0.7033741562847029[0m
[38;20m2026-09-29 15:50:12,259 - tpp_runner.py[pid:26644;line:136:_train_model] - INFO: [ Epoch 112 (test) ]: test loglike is 0.5064917703276699, num_events is 14420, mark_ll is -0.22026148781531726, time_ll is 0.7267532242815967[0m
[31;1m2026-09-29 15:50:12,259 - tpp_runner.py[pid:26644;line:140:_train_model] - CRITICAL: current best loglike on valid set is 0.4848 (updated at epoch-71)[0m
[38;20m2026-09-29 15:50:20,053 - tpp_runner.py[pid:26644;line:104:_train_model] - INFO: [ Epoch 113 (train) ]: train loglike is 0.5565113883128692, num_events is 50454, mark_ll is -0.19229187793197144, time_ll is 0.7488032541476518[0m
[38;20m2026-09-29 15:50:20,172 - tpp_runner.py[pid:26644;line:116:_train_model] - INFO: [ Epoch 113 (valid) ]:  valid loglike is 0.45840981084727234, num_events is 7204, mark_ll is -0.24532855688896793, time_ll is 0.7037383338466477[0m
[38;20m2026-09-29 15:50:20,441 - tpp_runner.py[pid:26644;line:136:_train_model] - INFO: [ Epoch 113 (test) ]: test loglike is 0.5021876489901179, num_events is 14420, mark_ll is -0.22156986654548805, time_ll is 0.7237575240009535[0m
[31;1m2026-09-29 15:50:20,441 - tpp_runner.py[pid:26644;line:140:_train_model] - CRITICAL: current best loglike on valid set is 0.4848 (updated at epoch-71)[0m
[38;20m2026-09-29 15:50:28,615 - tpp_runner.py[pid:26644;line:104:_train_model] - INFO: [ Epoch 114 (train) ]: train loglike is 0.5577059227991091, num_events is 50454, mark_ll is -0.19119971227659105, time_ll is 0.7489056544312022[0m
[38;20m2026-09-29 15:50:28,768 - tpp_runner.py[pid:26644;line:116:_train_model] - INFO: [ Epoch 114 (valid) ]:  valid loglike is 0.45420424796554, num_events is 7204, mark_ll is -0.24586225019303512, time_ll is 0.7000665320481677[0m
[38;20m2026-09-29 15:50:29,046 - tpp_runner.py[pid:26644;line:136:_train_model] - INFO: [ Epoch 114 (test) ]: test loglike is 0.5051810974882975, num_events is 14420, mark_ll is -0.22029875227548543, time_ll is 0.725479849763783[0m
[31;1m2026-09-29 15:50:29,046 - tpp_runner.py[pid:26644;line:140:_train_model] - CRITICAL: current best loglike on valid set is 0.4848 (updated at epoch-71)[0m
[38;20m2026-09-29 15:50:36,976 - tpp_runner.py[pid:26644;line:104:_train_model] - INFO: [ Epoch 115 (train) ]: train loglike is 0.559521086619433, num_events is 50454, mark_ll is -0.18985915020519928, time_ll is 0.7493802077913793[0m
[38;20m2026-09-29 15:50:37,114 - tpp_runner.py[pid:26644;line:116:_train_model] - INFO: [ Epoch 115 (valid) ]:  valid loglike is 0.44856861205580234, num_events is 7204, mark_ll is -0.24929014859366325, time_ll is 0.6978586928702804[0m
[38;20m2026-09-29 15:50:37,392 - tpp_runner.py[pid:26644;line:136:_train_model] - INFO: [ Epoch 115 (test) ]: test loglike is 0.5030762226670856, num_events is 14420, mark_ll is -0.22249964953460905, time_ll is 0.7255758806670423[0m
[31;1m2026-09-29 15:50:37,392 - tpp_runner.py[pid:26644;line:140:_train_model] - CRITICAL: current best loglike on valid set is 0.4848 (updated at epoch-71)[0m
[38;20m2026-09-29 15:50:44,828 - tpp_runner.py[pid:26644;line:104:_train_model] - INFO: [ Epoch 116 (train) ]: train loglike is 0.560988243351927, num_events is 50454, mark_ll is -0.19038504403454137, time_ll is 0.7513732873864684[0m
[38;20m2026-09-29 15:50:44,940 - tpp_runner.py[pid:26644;line:116:_train_model] - INFO: [ Epoch 116 (valid) ]:  valid loglike is 0.45822484145093006, num_events is 7204, mark_ll is -0.24578254187126944, time_ll is 0.7040073494326069[0m
[38;20m2026-09-29 15:50:45,190 - tpp_runner.py[pid:26644;line:136:_train_model] - INFO: [ Epoch 116 (test) ]: test loglike is 0.5040938421029819, num_events is 14420, mark_ll is -0.22199812848095093, time_ll is 0.7260919621185853[0m
[31;1m2026-09-29 15:50:45,190 - tpp_runner.py[pid:26644;line:140:_train_model] - CRITICAL: current best loglike on valid set is 0.4848 (updated at epoch-71)[0m
[38;20m2026-09-29 15:50:52,311 - tpp_runner.py[pid:26644;line:104:_train_model] - INFO: [ Epoch 117 (train) ]: train loglike is 0.5596591252211173, num_events is 50454, mark_ll is -0.19089202995782667, time_ll is 0.7505511672761327[0m
[38;20m2026-09-29 15:50:52,436 - tpp_runner.py[pid:26644;line:116:_train_model] - INFO: [ Epoch 117 (valid) ]:  valid loglike is 0.44892885842500696, num_events is 7204, mark_ll is -0.24729969420742817, time_ll is 0.6962285356876388[0m
[38;20m2026-09-29 15:50:52,766 - tpp_runner.py[pid:26644;line:136:_train_model] - INFO: [ Epoch 117 (test) ]: test loglike is 0.5000746643658981, num_events is 14420, mark_ll is -0.22047794675364077, time_ll is 0.7205526111195388[0m
[31;1m2026-09-29 15:50:52,766 - tpp_runner.py[pid:26644;line:140:_train_model] - CRITICAL: current best loglike on valid set is 0.4848 (updated at epoch-71)[0m
[38;20m2026-09-29 15:50:59,915 - tpp_runner.py[pid:26644;line:104:_train_model] - INFO: [ Epoch 118 (train) ]: train loglike is 0.5619633493503984, num_events is 50454, mark_ll is -0.18996374249935585, time_ll is 0.7519271015275053[0m
[38;20m2026-09-29 15:51:00,059 - tpp_runner.py[pid:26644;line:116:_train_model] - INFO: [ Epoch 118 (valid) ]:  valid loglike is 0.4421556166712937, num_events is 7204, mark_ll is -0.2538626002047474, time_ll is 0.696018216876041[0m
[38;20m2026-09-29 15:51:00,312 - tpp_runner.py[pid:26644;line:136:_train_model] - INFO: [ Epoch 118 (test) ]: test loglike is 0.49951388587898754, num_events is 14420, mark_ll is -0.22479457987495666, time_ll is 0.7243084826846394[0m
[31;1m2026-09-29 15:51:00,312 - tpp_runner.py[pid:26644;line:140:_train_model] - CRITICAL: current best loglike on valid set is 0.4848 (updated at epoch-71)[0m
[38;20m2026-09-29 15:51:07,474 - tpp_runner.py[pid:26644;line:104:_train_model] - INFO: [ Epoch 119 (train) ]: train loglike is 0.562947634695713, num_events is 50454, mark_ll is -0.18923105690564054, time_ll is 0.7521787230540443[0m
[38;20m2026-09-29 15:51:07,585 - tpp_runner.py[pid:26644;line:116:_train_model] - INFO: [ Epoch 119 (valid) ]:  valid loglike is 0.4505871778590887, num_events is 7204, mark_ll is -0.24862008356902415, time_ll is 0.6992072953177054[0m
[38;20m2026-09-29 15:51:07,847 - tpp_runner.py[pid:26644;line:136:_train_model] - INFO: [ Epoch 119 (test) ]: test loglike is 0.49588858383538487, num_events is 14420, mark_ll is -0.2242420551019634, time_ll is 0.7201306643333911[0m
[31;1m2026-09-29 15:51:07,849 - tpp_runner.py[pid:26644;line:140:_train_model] - CRITICAL: current best loglike on valid set is 0.4848 (updated at epoch-71)[0m
[38;20m2026-09-29 15:51:15,102 - tpp_runner.py[pid:26644;line:104:_train_model] - INFO: [ Epoch 120 (train) ]: train loglike is 0.5627655671657599, num_events is 50454, mark_ll is -0.18903306221694513, time_ll is 0.751798619704954[0m
[38;20m2026-09-29 15:51:15,219 - tpp_runner.py[pid:26644;line:116:_train_model] - INFO: [ Epoch 120 (valid) ]:  valid loglike is 0.44649043445915465, num_events is 7204, mark_ll is -0.2514086039711011, time_ll is 0.6978990892646446[0m
[38;20m2026-09-29 15:51:15,455 - tpp_runner.py[pid:26644;line:136:_train_model] - INFO: [ Epoch 120 (test) ]: test loglike is 0.4961154212898752, num_events is 14420, mark_ll is -0.22807510524120145, time_ll is 0.7241905096003814[0m
[31;1m2026-09-29 15:51:15,455 - tpp_runner.py[pid:26644;line:140:_train_model] - CRITICAL: current best loglike on valid set is 0.4848 (updated at epoch-71)[0m
[38;20m2026-09-29 15:51:22,778 - tpp_runner.py[pid:26644;line:104:_train_model] - INFO: [ Epoch 121 (train) ]: train loglike is 0.5635396565977797, num_events is 50454, mark_ll is -0.18855725800744863, time_ll is 0.7520969170246661[0m
[38;20m2026-09-29 15:51:22,892 - tpp_runner.py[pid:26644;line:116:_train_model] - INFO: [ Epoch 121 (valid) ]:  valid loglike is 0.4453495074351055, num_events is 7204, mark_ll is -0.25255176770826104, time_ll is 0.6979012581985702[0m
[38;20m2026-09-29 15:51:23,166 - tpp_runner.py[pid:26644;line:136:_train_model] - INFO: [ Epoch 121 (test) ]: test loglike is 0.4933188767770458, num_events is 14420, mark_ll is -0.22627500832990205, time_ll is 0.7195938935722954[0m
[31;1m2026-09-29 15:51:23,166 - tpp_runner.py[pid:26644;line:140:_train_model] - CRITICAL: current best loglike on valid set is 0.4848 (updated at epoch-71)[0m
[38;20m2026-09-29 15:51:30,220 - tpp_runner.py[pid:26644;line:104:_train_model] - INFO: [ Epoch 122 (train) ]: train loglike is 0.5649948177578834, num_events is 50454, mark_ll is -0.18806779607182408, time_ll is 0.7530626210880208[0m
[38;20m2026-09-29 15:51:30,328 - tpp_runner.py[pid:26644;line:116:_train_model] - INFO: [ Epoch 122 (valid) ]:  valid loglike is 0.4496524351163416, num_events is 7204, mark_ll is -0.25029424638764053, time_ll is 0.6999466984487784[0m
[38;20m2026-09-29 15:51:30,603 - tpp_runner.py[pid:26644;line:136:_train_model] - INFO: [ Epoch 122 (test) ]: test loglike is 0.49562346607901353, num_events is 14420, mark_ll is -0.22412769672113383, time_ll is 0.7197511628001474[0m
[31;1m2026-09-29 15:51:30,603 - tpp_runner.py[pid:26644;line:140:_train_model] - CRITICAL: current best loglike on valid set is 0.4848 (updated at epoch-71)[0m
[38;20m2026-09-29 15:51:37,636 - tpp_runner.py[pid:26644;line:104:_train_model] - INFO: [ Epoch 123 (train) ]: train loglike is 0.5642777157627492, num_events is 50454, mark_ll is -0.18892468350270172, time_ll is 0.7532024065237642[0m
[38;20m2026-09-29 15:51:37,757 - tpp_runner.py[pid:26644;line:116:_train_model] - INFO: [ Epoch 123 (valid) ]:  valid loglike is 0.43940506955771097, num_events is 7204, mark_ll is -0.25354369913849945, time_ll is 0.6929487686962105[0m
[38;20m2026-09-29 15:51:38,004 - tpp_runner.py[pid:26644;line:136:_train_model] - INFO: [ Epoch 123 (test) ]: test loglike is 0.4964463825199376, num_events is 14420, mark_ll is -0.2257599935121576, time_ll is 0.722206401428138[0m
[31;1m2026-09-29 15:51:38,004 - tpp_runner.py[pid:26644;line:140:_train_model] - CRITICAL: current best loglike on valid set is 0.4848 (updated at epoch-71)[0m
[38;20m2026-09-29 15:51:45,026 - tpp_runner.py[pid:26644;line:104:_train_model] - INFO: [ Epoch 124 (train) ]: train loglike is 0.5635609524889008, num_events is 50454, mark_ll is -0.18832341934841018, time_ll is 0.7518843790956242[0m
[38;20m2026-09-29 15:51:45,129 - tpp_runner.py[pid:26644;line:116:_train_model] - INFO: [ Epoch 124 (valid) ]:  valid loglike is 0.4460360089121495, num_events is 7204, mark_ll is -0.2513420278664631, time_ll is 0.6973780706682051[0m
[38;20m2026-09-29 15:51:45,383 - tpp_runner.py[pid:26644;line:136:_train_model] - INFO: [ Epoch 124 (test) ]: test loglike is 0.49348469600598127, num_events is 14420, mark_ll is -0.2254297095099038, time_ll is 0.718914447842623[0m
[31;1m2026-09-29 15:51:45,383 - tpp_runner.py[pid:26644;line:140:_train_model] - CRITICAL: current best loglike on valid set is 0.4848 (updated at epoch-71)[0m
[38;20m2026-09-29 15:51:52,047 - tpp_runner.py[pid:26644;line:104:_train_model] - INFO: [ Epoch 125 (train) ]: train loglike is 0.5667312869457823, num_events is 50454, mark_ll is -0.1877036682702313, time_ll is 0.7544349794103912[0m
[38;20m2026-09-29 15:51:52,158 - tpp_runner.py[pid:26644;line:116:_train_model] - INFO: [ Epoch 125 (valid) ]:  valid loglike is 0.4430798536403387, num_events is 7204, mark_ll is -0.25028657039491947, time_ll is 0.6933664918144433[0m
[38;20m2026-09-29 15:51:52,394 - tpp_runner.py[pid:26644;line:136:_train_model] - INFO: [ Epoch 125 (test) ]: test loglike is 0.49429442343533286, num_events is 14420, mark_ll is -0.22286076433284935, time_ll is 0.7171551454414442[0m
[31;1m2026-09-29 15:51:52,394 - tpp_runner.py[pid:26644;line:140:_train_model] - CRITICAL: current best loglike on valid set is 0.4848 (updated at epoch-71)[0m
[38;20m2026-09-29 15:52:00,390 - tpp_runner.py[pid:26644;line:104:_train_model] - INFO: [ Epoch 126 (train) ]: train loglike is 0.5682121764069746, num_events is 50454, mark_ll is -0.1870995298238866, time_ll is 0.7553117110697368[0m
[38;20m2026-09-29 15:52:00,502 - tpp_runner.py[pid:26644;line:116:_train_model] - INFO: [ Epoch 126 (valid) ]:  valid loglike is 0.4401159376518254, num_events is 7204, mark_ll is -0.2556290274391831, time_ll is 0.6957449312014159[0m
[38;20m2026-09-29 15:52:00,746 - tpp_runner.py[pid:26644;line:136:_train_model] - INFO: [ Epoch 126 (test) ]: test loglike is 0.4933245824213332, num_events is 14420, mark_ll is -0.22625209263392856, time_ll is 0.7195767089166523[0m
[31;1m2026-09-29 15:52:00,746 - tpp_runner.py[pid:26644;line:140:_train_model] - CRITICAL: current best loglike on valid set is 0.4848 (updated at epoch-71)[0m
[38;20m2026-09-29 15:52:08,631 - tpp_runner.py[pid:26644;line:104:_train_model] - INFO: [ Epoch 127 (train) ]: train loglike is 0.5664669294989, num_events is 50454, mark_ll is -0.1869584354723176, time_ll is 0.7534253625517798[0m
[38;20m2026-09-29 15:52:08,747 - tpp_runner.py[pid:26644;line:116:_train_model] - INFO: [ Epoch 127 (valid) ]:  valid loglike is 0.43868193343108, num_events is 7204, mark_ll is -0.25464602591659147, time_ll is 0.6933279254580789[0m
[38;20m2026-09-29 15:52:08,964 - tpp_runner.py[pid:26644;line:136:_train_model] - INFO: [ Epoch 127 (test) ]: test loglike is 0.4923971697295423, num_events is 14420, mark_ll is -0.22633876932808167, time_ll is 0.7187359305922764[0m
[31;1m2026-09-29 15:52:08,964 - tpp_runner.py[pid:26644;line:140:_train_model] - CRITICAL: current best loglike on valid set is 0.4848 (updated at epoch-71)[0m
[38;20m2026-09-29 15:52:16,874 - tpp_runner.py[pid:26644;line:104:_train_model] - INFO: [ Epoch 128 (train) ]: train loglike is 0.5660833373205667, num_events is 50454, mark_ll is -0.18723920154605556, time_ll is 0.7533225461249355[0m
[38;20m2026-09-29 15:52:16,985 - tpp_runner.py[pid:26644;line:116:_train_model] - INFO: [ Epoch 128 (valid) ]:  valid loglike is 0.4316570275628123, num_events is 7204, mark_ll is -0.2581186246898424, time_ll is 0.6897756861422474[0m
[38;20m2026-09-29 15:52:17,253 - tpp_runner.py[pid:26644;line:136:_train_model] - INFO: [ Epoch 128 (test) ]: test loglike is 0.487775326965586, num_events is 14420, mark_ll is -0.22983738744473822, time_ll is 0.717612697479629[0m
[31;1m2026-09-29 15:52:17,253 - tpp_runner.py[pid:26644;line:140:_train_model] - CRITICAL: current best loglike on valid set is 0.4848 (updated at epoch-71)[0m
[38;20m2026-09-29 15:52:25,081 - tpp_runner.py[pid:26644;line:104:_train_model] - INFO: [ Epoch 129 (train) ]: train loglike is 0.5663533998016758, num_events is 50454, mark_ll is -0.18632276328399075, time_ll is 0.7526761739731365[0m
[38;20m2026-09-29 15:52:25,222 - tpp_runner.py[pid:26644;line:116:_train_model] - INFO: [ Epoch 129 (valid) ]:  valid loglike is 0.4398332306704609, num_events is 7204, mark_ll is -0.25456614814686285, time_ll is 0.6943993788173237[0m
[38;20m2026-09-29 15:52:25,496 - tpp_runner.py[pid:26644;line:136:_train_model] - INFO: [ Epoch 129 (test) ]: test loglike is 0.4869875078558426, num_events is 14420, mark_ll is -0.23192831137309292, time_ll is 0.7189157515061546[0m
[31;1m2026-09-29 15:52:25,498 - tpp_runner.py[pid:26644;line:140:_train_model] - CRITICAL: current best loglike on valid set is 0.4848 (updated at epoch-71)[0m
[38;20m2026-09-29 15:52:33,540 - tpp_runner.py[pid:26644;line:104:_train_model] - INFO: [ Epoch 130 (train) ]: train loglike is 0.5692909359577536, num_events is 50454, mark_ll is -0.1870806739357416, time_ll is 0.7563716280392784[0m
[38;20m2026-09-29 15:52:33,656 - tpp_runner.py[pid:26644;line:116:_train_model] - INFO: [ Epoch 130 (valid) ]:  valid loglike is 0.44124862950487576, num_events is 7204, mark_ll is -0.2533857736370419, time_ll is 0.6946344370315103[0m
[38;20m2026-09-29 15:52:33,918 - tpp_runner.py[pid:26644;line:136:_train_model] - INFO: [ Epoch 130 (test) ]: test loglike is 0.48634454777435854, num_events is 14420, mark_ll is -0.22989156566942615, time_ll is 0.7162360965130895[0m
[31;1m2026-09-29 15:52:33,920 - tpp_runner.py[pid:26644;line:140:_train_model] - CRITICAL: current best loglike on valid set is 0.4848 (updated at epoch-71)[0m
[38;20m2026-09-29 15:52:41,893 - tpp_runner.py[pid:26644;line:104:_train_model] - INFO: [ Epoch 131 (train) ]: train loglike is 0.5684863519322675, num_events is 50454, mark_ll is -0.1873364254425287, time_ll is 0.7558227931011416[0m
[38;20m2026-09-29 15:52:42,009 - tpp_runner.py[pid:26644;line:116:_train_model] - INFO: [ Epoch 131 (valid) ]:  valid loglike is 0.4386802389514506, num_events is 7204, mark_ll is -0.2548786949145006, time_ll is 0.6935589169211549[0m
[38;20m2026-09-29 15:52:42,276 - tpp_runner.py[pid:26644;line:136:_train_model] - INFO: [ Epoch 131 (test) ]: test loglike is 0.48829374485306865, num_events is 14420, mark_ll is -0.22724170869993932, time_ll is 0.7155354366223128[0m
[31;1m2026-09-29 15:52:42,276 - tpp_runner.py[pid:26644;line:140:_train_model] - CRITICAL: current best loglike on valid set is 0.4848 (updated at epoch-71)[0m
[38;20m2026-09-29 15:52:50,286 - tpp_runner.py[pid:26644;line:104:_train_model] - INFO: [ Epoch 132 (train) ]: train loglike is 0.5684264127813206, num_events is 50454, mark_ll is -0.18750828899374924, time_ll is 0.7559347211305719[0m
[38;20m2026-09-29 15:52:50,398 - tpp_runner.py[pid:26644;line:116:_train_model] - INFO: [ Epoch 132 (valid) ]:  valid loglike is 0.44801580502151583, num_events is 7204, mark_ll is -0.2518359178440363, time_ll is 0.6998516720311633[0m
[38;20m2026-09-29 15:52:50,642 - tpp_runner.py[pid:26644;line:136:_train_model] - INFO: [ Epoch 132 (test) ]: test loglike is 0.4886111615269591, num_events is 14420, mark_ll is -0.22740673218619972, time_ll is 0.7160178937131588[0m
[31;1m2026-09-29 15:52:50,642 - tpp_runner.py[pid:26644;line:140:_train_model] - CRITICAL: current best loglike on valid set is 0.4848 (updated at epoch-71)[0m
[38;20m2026-09-29 15:52:58,578 - tpp_runner.py[pid:26644;line:104:_train_model] - INFO: [ Epoch 133 (train) ]: train loglike is 0.5719351588358951, num_events is 50454, mark_ll is -0.1860966232758893, time_ll is 0.7580317784826277[0m
[38;20m2026-09-29 15:52:58,701 - tpp_runner.py[pid:26644;line:116:_train_model] - INFO: [ Epoch 133 (valid) ]:  valid loglike is 0.43160253309793173, num_events is 7204, mark_ll is -0.25483497734006283, time_ll is 0.6864374934931983[0m
[38;20m2026-09-29 15:52:58,969 - tpp_runner.py[pid:26644;line:136:_train_model] - INFO: [ Epoch 133 (test) ]: test loglike is 0.49044604255157764, num_events is 14420, mark_ll is -0.22775673198303137, time_ll is 0.7182027660692615[0m
[31;1m2026-09-29 15:52:58,969 - tpp_runner.py[pid:26644;line:140:_train_model] - CRITICAL: current best loglike on valid set is 0.4848 (updated at epoch-71)[0m
[38;20m2026-09-29 15:53:06,917 - tpp_runner.py[pid:26644;line:104:_train_model] - INFO: [ Epoch 134 (train) ]: train loglike is 0.5721875932935199, num_events is 50454, mark_ll is -0.1849886357073089, time_ll is 0.7571762120647645[0m
[38;20m2026-09-29 15:53:07,043 - tpp_runner.py[pid:26644;line:116:_train_model] - INFO: [ Epoch 134 (valid) ]:  valid loglike is 0.4365361799868129, num_events is 7204, mark_ll is -0.25748056838540223, time_ll is 0.6940166975378262[0m
[38;20m2026-09-29 15:53:07,281 - tpp_runner.py[pid:26644;line:136:_train_model] - INFO: [ Epoch 134 (test) ]: test loglike is 0.48699140191574203, num_events is 14420, mark_ll is -0.22896858881978155, time_ll is 0.7159599907355236[0m
[31;1m2026-09-29 15:53:07,283 - tpp_runner.py[pid:26644;line:140:_train_model] - CRITICAL: current best loglike on valid set is 0.4848 (updated at epoch-71)[0m
[38;20m2026-09-29 15:53:15,119 - tpp_runner.py[pid:26644;line:104:_train_model] - INFO: [ Epoch 135 (train) ]: train loglike is 0.5729043081786132, num_events is 50454, mark_ll is -0.18406954695118324, time_ll is 0.75697384061317[0m
[38;20m2026-09-29 15:53:15,230 - tpp_runner.py[pid:26644;line:116:_train_model] - INFO: [ Epoch 135 (valid) ]:  valid loglike is 0.4361283865192081, num_events is 7204, mark_ll is -0.25861175215158244, time_ll is 0.6947401725603831[0m
[38;20m2026-09-29 15:53:15,516 - tpp_runner.py[pid:26644;line:136:_train_model] - INFO: [ Epoch 135 (test) ]: test loglike is 0.48356830316509186, num_events is 14420, mark_ll is -0.23010970074657594, time_ll is 0.7136780039116678[0m
[31;1m2026-09-29 15:53:15,516 - tpp_runner.py[pid:26644;line:140:_train_model] - CRITICAL: current best loglike on valid set is 0.4848 (updated at epoch-71)[0m
[38;20m2026-09-29 15:53:23,445 - tpp_runner.py[pid:26644;line:104:_train_model] - INFO: [ Epoch 136 (train) ]: train loglike is 0.5756933005342738, num_events is 50454, mark_ll is -0.1855266049504871, time_ll is 0.7612199248402629[0m
[38;20m2026-09-29 15:53:23,574 - tpp_runner.py[pid:26644;line:116:_train_model] - INFO: [ Epoch 136 (valid) ]:  valid loglike is 0.43753843079799415, num_events is 7204, mark_ll is -0.25823144314356605, time_ll is 0.6957698739415602[0m
[38;20m2026-09-29 15:53:23,828 - tpp_runner.py[pid:26644;line:136:_train_model] - INFO: [ Epoch 136 (test) ]: test loglike is 0.48562231817787793, num_events is 14420, mark_ll is -0.22986408715109224, time_ll is 0.7154863883982749[0m
[31;1m2026-09-29 15:53:23,828 - tpp_runner.py[pid:26644;line:140:_train_model] - CRITICAL: current best loglike on valid set is 0.4848 (updated at epoch-71)[0m
[38;20m2026-09-29 15:53:32,101 - tpp_runner.py[pid:26644;line:104:_train_model] - INFO: [ Epoch 137 (train) ]: train loglike is 0.5735756392502949, num_events is 50454, mark_ll is -0.18466167046963572, time_ll is 0.758237314558806[0m
[38;20m2026-09-29 15:53:32,244 - tpp_runner.py[pid:26644;line:116:_train_model] - INFO: [ Epoch 137 (valid) ]:  valid loglike is 0.438613747570794, num_events is 7204, mark_ll is -0.25627301442232614, time_ll is 0.6948867111587312[0m
[38;20m2026-09-29 15:53:32,484 - tpp_runner.py[pid:26644;line:136:_train_model] - INFO: [ Epoch 137 (test) ]: test loglike is 0.48816749265885057, num_events is 14420, mark_ll is -0.22972462901460644, time_ll is 0.7178921047427618[0m
[31;1m2026-09-29 15:53:32,484 - tpp_runner.py[pid:26644;line:140:_train_model] - CRITICAL: current best loglike on valid set is 0.4848 (updated at epoch-71)[0m
[38;20m2026-09-29 15:53:40,222 - tpp_runner.py[pid:26644;line:104:_train_model] - INFO: [ Epoch 138 (train) ]: train loglike is 0.5743722488089398, num_events is 50454, mark_ll is -0.18431454768630523, time_ll is 0.7586867977049639[0m
[38;20m2026-09-29 15:53:40,328 - tpp_runner.py[pid:26644;line:116:_train_model] - INFO: [ Epoch 138 (valid) ]:  valid loglike is 0.41980024525220366, num_events is 7204, mark_ll is -0.2673955448199351, time_ll is 0.6871958070169351[0m
[38;20m2026-09-29 15:53:40,614 - tpp_runner.py[pid:26644;line:136:_train_model] - INFO: [ Epoch 138 (test) ]: test loglike is 0.47330791245882453, num_events is 14420, mark_ll is -0.23798249095223648, time_ll is 0.7112904372724514[0m
[31;1m2026-09-29 15:53:40,616 - tpp_runner.py[pid:26644;line:140:_train_model] - CRITICAL: current best loglike on valid set is 0.4848 (updated at epoch-71)[0m
[38;20m2026-09-29 15:53:48,502 - tpp_runner.py[pid:26644;line:104:_train_model] - INFO: [ Epoch 139 (train) ]: train loglike is 0.5702506301377245, num_events is 50454, mark_ll is -0.18651050076632303, time_ll is 0.7567611381623608[0m
[38;20m2026-09-29 15:53:48,613 - tpp_runner.py[pid:26644;line:116:_train_model] - INFO: [ Epoch 139 (valid) ]:  valid loglike is 0.4365971812534703, num_events is 7204, mark_ll is -0.25749539508215924, time_ll is 0.6940925424460369[0m
[38;20m2026-09-29 15:53:48,882 - tpp_runner.py[pid:26644;line:136:_train_model] - INFO: [ Epoch 139 (test) ]: test loglike is 0.48171787976226593, num_events is 14420, mark_ll is -0.23219303125812674, time_ll is 0.7139109364164355[0m
[31;1m2026-09-29 15:53:48,882 - tpp_runner.py[pid:26644;line:140:_train_model] - CRITICAL: current best loglike on valid set is 0.4848 (updated at epoch-71)[0m
[38;20m2026-09-29 15:53:56,801 - tpp_runner.py[pid:26644;line:104:_train_model] - INFO: [ Epoch 140 (train) ]: train loglike is 0.5742513446654378, num_events is 50454, mark_ll is -0.18556261344259747, time_ll is 0.7598139653663486[0m
[38;20m2026-09-29 15:53:56,928 - tpp_runner.py[pid:26644;line:116:_train_model] - INFO: [ Epoch 140 (valid) ]:  valid loglike is 0.42481505771533173, num_events is 7204, mark_ll is -0.26230954726757705, time_ll is 0.6871246388725014[0m
[38;20m2026-09-29 15:53:57,172 - tpp_runner.py[pid:26644;line:136:_train_model] - INFO: [ Epoch 140 (test) ]: test loglike is 0.4754299380742892, num_events is 14420, mark_ll is -0.236002395354759, time_ll is 0.7114323334290482[0m
[31;1m2026-09-29 15:53:57,174 - tpp_runner.py[pid:26644;line:140:_train_model] - CRITICAL: current best loglike on valid set is 0.4848 (updated at epoch-71)[0m
[38;20m2026-09-29 15:54:05,121 - tpp_runner.py[pid:26644;line:104:_train_model] - INFO: [ Epoch 141 (train) ]: train loglike is 0.571927639223352, num_events is 50454, mark_ll is -0.18419591176569872, time_ll is 0.7561235437307374[0m
[38;20m2026-09-29 15:54:05,231 - tpp_runner.py[pid:26644;line:116:_train_model] - INFO: [ Epoch 141 (valid) ]:  valid loglike is 0.41398170721127153, num_events is 7204, mark_ll is -0.26555776304830647, time_ll is 0.6795394702595781[0m
[38;20m2026-09-29 15:54:05,450 - tpp_runner.py[pid:26644;line:136:_train_model] - INFO: [ Epoch 141 (test) ]: test loglike is 0.47152219817311025, num_events is 14420, mark_ll is -0.23587519504160886, time_ll is 0.7073973593533287[0m
[31;1m2026-09-29 15:54:05,450 - tpp_runner.py[pid:26644;line:140:_train_model] - CRITICAL: current best loglike on valid set is 0.4848 (updated at epoch-71)[0m
[38;20m2026-09-29 15:54:13,401 - tpp_runner.py[pid:26644;line:104:_train_model] - INFO: [ Epoch 142 (train) ]: train loglike is 0.5742311375213065, num_events is 50454, mark_ll is -0.18543536795273913, time_ll is 0.7596665103129212[0m
[38;20m2026-09-29 15:54:13,514 - tpp_runner.py[pid:26644;line:116:_train_model] - INFO: [ Epoch 142 (valid) ]:  valid loglike is 0.43154034569553373, num_events is 7204, mark_ll is -0.2632089092756628, time_ll is 0.6947492549711966[0m
[38;20m2026-09-29 15:54:13,764 - tpp_runner.py[pid:26644;line:136:_train_model] - INFO: [ Epoch 142 (test) ]: test loglike is 0.4813897798196949, num_events is 14420, mark_ll is -0.23408275080454663, time_ll is 0.7154725560202844[0m
[31;1m2026-09-29 15:54:13,764 - tpp_runner.py[pid:26644;line:140:_train_model] - CRITICAL: current best loglike on valid set is 0.4848 (updated at epoch-71)[0m
[38;20m2026-09-29 15:54:21,734 - tpp_runner.py[pid:26644;line:104:_train_model] - INFO: [ Epoch 143 (train) ]: train loglike is 0.5727182147042356, num_events is 50454, mark_ll is -0.18645967926655654, time_ll is 0.7591778951805109[0m
[38;20m2026-09-29 15:54:21,848 - tpp_runner.py[pid:26644;line:116:_train_model] - INFO: [ Epoch 143 (valid) ]:  valid loglike is 0.4181863889635966, num_events is 7204, mark_ll is -0.267187971065337, time_ll is 0.6853744447529151[0m
[38;20m2026-09-29 15:54:22,113 - tpp_runner.py[pid:26644;line:136:_train_model] - INFO: [ Epoch 143 (test) ]: test loglike is 0.48139533308772536, num_events is 14420, mark_ll is -0.2361443423034414, time_ll is 0.7175396753911668[0m
[31;1m2026-09-29 15:54:22,113 - tpp_runner.py[pid:26644;line:140:_train_model] - CRITICAL: current best loglike on valid set is 0.4848 (updated at epoch-71)[0m
[38;20m2026-09-29 15:54:30,084 - tpp_runner.py[pid:26644;line:104:_train_model] - INFO: [ Epoch 144 (train) ]: train loglike is 0.5693113463346563, num_events is 50454, mark_ll is -0.18866979815463095, time_ll is 0.7579811638447893[0m
[38;20m2026-09-29 15:54:30,215 - tpp_runner.py[pid:26644;line:116:_train_model] - INFO: [ Epoch 144 (valid) ]:  valid loglike is 0.4249775922013812, num_events is 7204, mark_ll is -0.2607548113732388, time_ll is 0.6857323866298237[0m
[38;20m2026-09-29 15:54:30,460 - tpp_runner.py[pid:26644;line:136:_train_model] - INFO: [ Epoch 144 (test) ]: test loglike is 0.47922742528822815, num_events is 14420, mark_ll is -0.23344543710991678, time_ll is 0.7126728454674497[0m
[31;1m2026-09-29 15:54:30,460 - tpp_runner.py[pid:26644;line:140:_train_model] - CRITICAL: current best loglike on valid set is 0.4848 (updated at epoch-71)[0m
[38;20m2026-09-29 15:54:38,423 - tpp_runner.py[pid:26644;line:104:_train_model] - INFO: [ Epoch 145 (train) ]: train loglike is 0.5642643556274651, num_events is 50454, mark_ll is -0.19184027293890227, time_ll is 0.7561046188886164[0m
[38;20m2026-09-29 15:54:38,578 - tpp_runner.py[pid:26644;line:116:_train_model] - INFO: [ Epoch 145 (valid) ]:  valid loglike is 0.4357001915168656, num_events is 7204, mark_ll is -0.25568667363617437, time_ll is 0.6913868651530399[0m
[38;20m2026-09-29 15:54:38,853 - tpp_runner.py[pid:26644;line:136:_train_model] - INFO: [ Epoch 145 (test) ]: test loglike is 0.4889289168147538, num_events is 14420, mark_ll is -0.22779226104694, time_ll is 0.7167212286537795[0m
[31;1m2026-09-29 15:54:38,853 - tpp_runner.py[pid:26644;line:140:_train_model] - CRITICAL: current best loglike on valid set is 0.4848 (updated at epoch-71)[0m
[38;20m2026-09-29 15:54:46,845 - tpp_runner.py[pid:26644;line:104:_train_model] - INFO: [ Epoch 146 (train) ]: train loglike is 0.5691918261095503, num_events is 50454, mark_ll is -0.1875513513566349, time_ll is 0.7567431569009643[0m
[38;20m2026-09-29 15:54:46,963 - tpp_runner.py[pid:26644;line:116:_train_model] - INFO: [ Epoch 146 (valid) ]:  valid loglike is 0.4342844198969323, num_events is 7204, mark_ll is -0.2561589251088805, time_ll is 0.690443243337035[0m
[38;20m2026-09-29 15:54:47,204 - tpp_runner.py[pid:26644;line:136:_train_model] - INFO: [ Epoch 146 (test) ]: test loglike is 0.4813423061503121, num_events is 14420, mark_ll is -0.2321886885348041, time_ll is 0.713530977754421[0m
[31;1m2026-09-29 15:54:47,204 - tpp_runner.py[pid:26644;line:140:_train_model] - CRITICAL: current best loglike on valid set is 0.4848 (updated at epoch-71)[0m
[38;20m2026-09-29 15:54:55,199 - tpp_runner.py[pid:26644;line:104:_train_model] - INFO: [ Epoch 147 (train) ]: train loglike is 0.5762238445229814, num_events is 50454, mark_ll is -0.18444658729207544, time_ll is 0.7606704269761813[0m
[38;20m2026-09-29 15:54:55,311 - tpp_runner.py[pid:26644;line:116:_train_model] - INFO: [ Epoch 147 (valid) ]:  valid loglike is 0.432628032169628, num_events is 7204, mark_ll is -0.2553049582100656, time_ll is 0.6879330412140825[0m
[38;20m2026-09-29 15:54:55,559 - tpp_runner.py[pid:26644;line:136:_train_model] - INFO: [ Epoch 147 (test) ]: test loglike is 0.4846666481557732, num_events is 14420, mark_ll is -0.22772180395880287, time_ll is 0.7123884605799237[0m
[31;1m2026-09-29 15:54:55,559 - tpp_runner.py[pid:26644;line:140:_train_model] - CRITICAL: current best loglike on valid set is 0.4848 (updated at epoch-71)[0m
[38;20m2026-09-29 15:55:03,491 - tpp_runner.py[pid:26644;line:104:_train_model] - INFO: [ Epoch 148 (train) ]: train loglike is 0.5802022373179654, num_events is 50454, mark_ll is -0.18334642297547643, time_ll is 0.7635486627128796[0m
[38;20m2026-09-29 15:55:03,629 - tpp_runner.py[pid:26644;line:116:_train_model] - INFO: [ Epoch 148 (valid) ]:  valid loglike is 0.4312644166326867, num_events is 7204, mark_ll is -0.2542891685066456, time_ll is 0.6855535851393323[0m
[38;20m2026-09-29 15:55:03,868 - tpp_runner.py[pid:26644;line:136:_train_model] - INFO: [ Epoch 148 (test) ]: test loglike is 0.48539788488210817, num_events is 14420, mark_ll is -0.22898778822815535, time_ll is 0.7143857069716539[0m
[31;1m2026-09-29 15:55:03,868 - tpp_runner.py[pid:26644;line:140:_train_model] - CRITICAL: current best loglike on valid set is 0.4848 (updated at epoch-71)[0m
[38;20m2026-09-29 15:55:11,791 - tpp_runner.py[pid:26644;line:104:_train_model] - INFO: [ Epoch 149 (train) ]: train loglike is 0.579613670373013, num_events is 50454, mark_ll is -0.18329971331017486, time_ll is 0.7629133957803766[0m
[38;20m2026-09-29 15:55:11,905 - tpp_runner.py[pid:26644;line:116:_train_model] - INFO: [ Epoch 149 (valid) ]:  valid loglike is 0.4264864585321523, num_events is 7204, mark_ll is -0.26097653403274224, time_ll is 0.6874629925648945[0m
[38;20m2026-09-29 15:55:12,154 - tpp_runner.py[pid:26644;line:136:_train_model] - INFO: [ Epoch 149 (test) ]: test loglike is 0.47854996044989595, num_events is 14420, mark_ll is -0.23217619368173545, time_ll is 0.7107261541316314[0m
[31;1m2026-09-29 15:55:12,154 - tpp_runner.py[pid:26644;line:140:_train_model] - CRITICAL: current best loglike on valid set is 0.4848 (updated at epoch-71)[0m
[38;20m2026-09-29 15:55:20,075 - tpp_runner.py[pid:26644;line:104:_train_model] - INFO: [ Epoch 150 (train) ]: train loglike is 0.5816126485573493, num_events is 50454, mark_ll is -0.18279433631299674, time_ll is 0.7644069679342818[0m
[38;20m2026-09-29 15:55:20,208 - tpp_runner.py[pid:26644;line:116:_train_model] - INFO: [ Epoch 150 (valid) ]:  valid loglike is 0.4307805071401305, num_events is 7204, mark_ll is -0.25753145360867225, time_ll is 0.6883119268592102[0m
[38;20m2026-09-29 15:55:20,449 - tpp_runner.py[pid:26644;line:136:_train_model] - INFO: [ Epoch 150 (test) ]: test loglike is 0.48216523952193135, num_events is 14420, mark_ll is -0.23164456138663747, time_ll is 0.7138098093739165[0m
[31;1m2026-09-29 15:55:20,449 - tpp_runner.py[pid:26644;line:140:_train_model] - CRITICAL: current best loglike on valid set is 0.4848 (updated at epoch-71)[0m
[38;20m2026-09-29 15:55:28,378 - tpp_runner.py[pid:26644;line:104:_train_model] - INFO: [ Epoch 151 (train) ]: train loglike is 0.5827462664397892, num_events is 50454, mark_ll is -0.1822331561937142, time_ll is 0.764979406907158[0m
[38;20m2026-09-29 15:55:28,504 - tpp_runner.py[pid:26644;line:116:_train_model] - INFO: [ Epoch 151 (valid) ]:  valid loglike is 0.4277009259721162, num_events is 7204, mark_ll is -0.255271695574941, time_ll is 0.6829726215470572[0m
[38;20m2026-09-29 15:55:28,753 - tpp_runner.py[pid:26644;line:136:_train_model] - INFO: [ Epoch 151 (test) ]: test loglike is 0.47953293968338245, num_events is 14420, mark_ll is -0.23237436746922677, time_ll is 0.7119073240833045[0m
[31;1m2026-09-29 15:55:28,753 - tpp_runner.py[pid:26644;line:140:_train_model] - CRITICAL: current best loglike on valid set is 0.4848 (updated at epoch-71)[0m
[38;20m2026-09-29 15:55:36,696 - tpp_runner.py[pid:26644;line:104:_train_model] - INFO: [ Epoch 152 (train) ]: train loglike is 0.5845380972024022, num_events is 50454, mark_ll is -0.18146909654090854, time_ll is 0.7660072324543148[0m
[38;20m2026-09-29 15:55:36,805 - tpp_runner.py[pid:26644;line:116:_train_model] - INFO: [ Epoch 152 (valid) ]:  valid loglike is 0.423586695542407, num_events is 7204, mark_ll is -0.2592100729087139, time_ll is 0.6827968023407135[0m
[38;20m2026-09-29 15:55:37,040 - tpp_runner.py[pid:26644;line:136:_train_model] - INFO: [ Epoch 152 (test) ]: test loglike is 0.4758580645641904, num_events is 14420, mark_ll is -0.23510059880482836, time_ll is 0.7109586464383235[0m
[31;1m2026-09-29 15:55:37,040 - tpp_runner.py[pid:26644;line:140:_train_model] - CRITICAL: current best loglike on valid set is 0.4848 (updated at epoch-71)[0m
[38;20m2026-09-29 15:55:44,933 - tpp_runner.py[pid:26644;line:104:_train_model] - INFO: [ Epoch 153 (train) ]: train loglike is 0.5817682377605096, num_events is 50454, mark_ll is -0.18192411778008805, time_ll is 0.7636923627989108[0m
[38;20m2026-09-29 15:55:45,053 - tpp_runner.py[pid:26644;line:116:_train_model] - INFO: [ Epoch 153 (valid) ]:  valid loglike is 0.4221170394702596, num_events is 7204, mark_ll is -0.2609644015585959, time_ll is 0.6830814749184481[0m
[38;20m2026-09-29 15:55:45,295 - tpp_runner.py[pid:26644;line:136:_train_model] - INFO: [ Epoch 153 (test) ]: test loglike is 0.4771808597813367, num_events is 14420, mark_ll is -0.23279472277002428, time_ll is 0.7099755994820561[0m
[31;1m2026-09-29 15:55:45,295 - tpp_runner.py[pid:26644;line:140:_train_model] - CRITICAL: current best loglike on valid set is 0.4848 (updated at epoch-71)[0m
[38;20m2026-09-29 15:55:53,261 - tpp_runner.py[pid:26644;line:104:_train_model] - INFO: [ Epoch 154 (train) ]: train loglike is 0.5856589452923703, num_events is 50454, mark_ll is -0.18117527276160586, time_ll is 0.7668342059567874[0m
[38;20m2026-09-29 15:55:53,372 - tpp_runner.py[pid:26644;line:116:_train_model] - INFO: [ Epoch 154 (valid) ]:  valid loglike is 0.42215269132166156, num_events is 7204, mark_ll is -0.2581422796254685, time_ll is 0.6802949370575375[0m
[38;20m2026-09-29 15:55:53,595 - tpp_runner.py[pid:26644;line:136:_train_model] - INFO: [ Epoch 154 (test) ]: test loglike is 0.47846425727071773, num_events is 14420, mark_ll is -0.23186166369137917, time_ll is 0.7103259294274445[0m
[31;1m2026-09-29 15:55:53,595 - tpp_runner.py[pid:26644;line:140:_train_model] - CRITICAL: current best loglike on valid set is 0.4848 (updated at epoch-71)[0m
[38;20m2026-09-29 15:56:00,689 - tpp_runner.py[pid:26644;line:104:_train_model] - INFO: [ Epoch 155 (train) ]: train loglike is 0.5850539987538154, num_events is 50454, mark_ll is -0.18220447738828313, time_ll is 0.7672585124336648[0m
[38;20m2026-09-29 15:56:00,803 - tpp_runner.py[pid:26644;line:116:_train_model] - INFO: [ Epoch 155 (valid) ]:  valid loglike is 0.4169475887961549, num_events is 7204, mark_ll is -0.2615894781490752, time_ll is 0.6785370838900264[0m
[38;20m2026-09-29 15:56:01,026 - tpp_runner.py[pid:26644;line:136:_train_model] - INFO: [ Epoch 155 (test) ]: test loglike is 0.4768132097347434, num_events is 14420, mark_ll is -0.2338015912144591, time_ll is 0.710614834810593[0m
[31;1m2026-09-29 15:56:01,026 - tpp_runner.py[pid:26644;line:140:_train_model] - CRITICAL: current best loglike on valid set is 0.4848 (updated at epoch-71)[0m
[38;20m2026-09-29 15:56:08,077 - tpp_runner.py[pid:26644;line:104:_train_model] - INFO: [ Epoch 156 (train) ]: train loglike is 0.5855653614399998, num_events is 50454, mark_ll is -0.17991172381339934, time_ll is 0.7654771046089012[0m
[38;20m2026-09-29 15:56:08,188 - tpp_runner.py[pid:26644;line:116:_train_model] - INFO: [ Epoch 156 (valid) ]:  valid loglike is 0.4203577968294524, num_events is 7204, mark_ll is -0.26095765752967104, time_ll is 0.681315488248716[0m
[38;20m2026-09-29 15:56:08,432 - tpp_runner.py[pid:26644;line:136:_train_model] - INFO: [ Epoch 156 (test) ]: test loglike is 0.4784866057884015, num_events is 14420, mark_ll is -0.23341958393832352, time_ll is 0.7119062066574202[0m
[31;1m2026-09-29 15:56:08,432 - tpp_runner.py[pid:26644;line:140:_train_model] - CRITICAL: current best loglike on valid set is 0.4848 (updated at epoch-71)[0m
[38;20m2026-09-29 15:56:15,034 - tpp_runner.py[pid:26644;line:104:_train_model] - INFO: [ Epoch 157 (train) ]: train loglike is 0.5842503099202987, num_events is 50454, mark_ll is -0.18142312480412232, time_ll is 0.7656734371438587[0m
[38;20m2026-09-29 15:56:15,136 - tpp_runner.py[pid:26644;line:116:_train_model] - INFO: [ Epoch 157 (valid) ]:  valid loglike is 0.4258792587017629, num_events is 7204, mark_ll is -0.2584555211297543, time_ll is 0.684334712052332[0m
[38;20m2026-09-29 15:56:15,366 - tpp_runner.py[pid:26644;line:136:_train_model] - INFO: [ Epoch 157 (test) ]: test loglike is 0.4759914953731796, num_events is 14420, mark_ll is -0.23323766361823856, time_ll is 0.7092291589914181[0m
[31;1m2026-09-29 15:56:15,366 - tpp_runner.py[pid:26644;line:140:_train_model] - CRITICAL: current best loglike on valid set is 0.4848 (updated at epoch-71)[0m
[38;20m2026-09-29 15:56:21,660 - tpp_runner.py[pid:26644;line:104:_train_model] - INFO: [ Epoch 158 (train) ]: train loglike is 0.5886684645605403, num_events is 50454, mark_ll is -0.17907031836471712, time_ll is 0.7677387805058197[0m
[38;20m2026-09-29 15:56:21,771 - tpp_runner.py[pid:26644;line:116:_train_model] - INFO: [ Epoch 158 (valid) ]:  valid loglike is 0.42324197060660745, num_events is 7204, mark_ll is -0.26036153959605773, time_ll is 0.6836035102026652[0m
[38;20m2026-09-29 15:56:21,994 - tpp_runner.py[pid:26644;line:136:_train_model] - INFO: [ Epoch 158 (test) ]: test loglike is 0.47273330159392335, num_events is 14420, mark_ll is -0.23411106739229368, time_ll is 0.7068444028476075[0m
[31;1m2026-09-29 15:56:21,994 - tpp_runner.py[pid:26644;line:140:_train_model] - CRITICAL: current best loglike on valid set is 0.4848 (updated at epoch-71)[0m
[38;20m2026-09-29 15:56:28,650 - tpp_runner.py[pid:26644;line:104:_train_model] - INFO: [ Epoch 159 (train) ]: train loglike is 0.5895286569433915, num_events is 50454, mark_ll is -0.17909878304990684, time_ll is 0.7686274351544229[0m
[38;20m2026-09-29 15:56:28,760 - tpp_runner.py[pid:26644;line:116:_train_model] - INFO: [ Epoch 159 (valid) ]:  valid loglike is 0.4218021034863444, num_events is 7204, mark_ll is -0.2607881756771412, time_ll is 0.6825903469426707[0m
[38;20m2026-09-29 15:56:28,981 - tpp_runner.py[pid:26644;line:136:_train_model] - INFO: [ Epoch 159 (test) ]: test loglike is 0.47714444185592925, num_events is 14420, mark_ll is -0.23426927627373006, time_ll is 0.7114137265950069[0m
[31;1m2026-09-29 15:56:28,981 - tpp_runner.py[pid:26644;line:140:_train_model] - CRITICAL: current best loglike on valid set is 0.4848 (updated at epoch-71)[0m
[38;20m2026-09-29 15:56:35,301 - tpp_runner.py[pid:26644;line:104:_train_model] - INFO: [ Epoch 160 (train) ]: train loglike is 0.5916225690263656, num_events is 50454, mark_ll is -0.1781541970489982, time_ll is 0.769776764865645[0m
[38;20m2026-09-29 15:56:35,415 - tpp_runner.py[pid:26644;line:116:_train_model] - INFO: [ Epoch 160 (valid) ]:  valid loglike is 0.42120161379528737, num_events is 7204, mark_ll is -0.2622156053169246, time_ll is 0.6834172530018046[0m
[38;20m2026-09-29 15:56:35,617 - tpp_runner.py[pid:26644;line:136:_train_model] - INFO: [ Epoch 160 (test) ]: test loglike is 0.46907391806085297, num_events is 14420, mark_ll is -0.2351985344112994, time_ll is 0.7042724609375[0m
[31;1m2026-09-29 15:56:35,617 - tpp_runner.py[pid:26644;line:140:_train_model] - CRITICAL: current best loglike on valid set is 0.4848 (updated at epoch-71)[0m
[38;20m2026-09-29 15:56:41,965 - tpp_runner.py[pid:26644;line:104:_train_model] - INFO: [ Epoch 161 (train) ]: train loglike is 0.5902580932322016, num_events is 50454, mark_ll is -0.17980980983683775, time_ll is 0.7700678958107261[0m
[38;20m2026-09-29 15:56:42,071 - tpp_runner.py[pid:26644;line:116:_train_model] - INFO: [ Epoch 161 (valid) ]:  valid loglike is 0.4217834303208287, num_events is 7204, mark_ll is -0.26129358811619413, time_ll is 0.6830770014922265[0m
[38;20m2026-09-29 15:56:42,283 - tpp_runner.py[pid:26644;line:136:_train_model] - INFO: [ Epoch 161 (test) ]: test loglike is 0.47222378925212377, num_events is 14420, mark_ll is -0.23432102494365464, time_ll is 0.7065448649878641[0m
[31;1m2026-09-29 15:56:42,283 - tpp_runner.py[pid:26644;line:140:_train_model] - CRITICAL: current best loglike on valid set is 0.4848 (updated at epoch-71)[0m
[38;20m2026-09-29 15:56:48,503 - tpp_runner.py[pid:26644;line:104:_train_model] - INFO: [ Epoch 162 (train) ]: train loglike is 0.5910114964714146, num_events is 50454, mark_ll is -0.17853319471503437, time_ll is 0.7695446923961679[0m
[38;20m2026-09-29 15:56:48,613 - tpp_runner.py[pid:26644;line:116:_train_model] - INFO: [ Epoch 162 (valid) ]:  valid loglike is 0.41784146069024153, num_events is 7204, mark_ll is -0.25898153844110045, time_ll is 0.6768230160761383[0m
[38;20m2026-09-29 15:56:48,832 - tpp_runner.py[pid:26644;line:136:_train_model] - INFO: [ Epoch 162 (test) ]: test loglike is 0.4751830885380548, num_events is 14420, mark_ll is -0.23300300418255895, time_ll is 0.7081860927206137[0m
[31;1m2026-09-29 15:56:48,834 - tpp_runner.py[pid:26644;line:140:_train_model] - CRITICAL: current best loglike on valid set is 0.4848 (updated at epoch-71)[0m
[38;20m2026-09-29 15:56:55,159 - tpp_runner.py[pid:26644;line:104:_train_model] - INFO: [ Epoch 163 (train) ]: train loglike is 0.5912270490198993, num_events is 50454, mark_ll is -0.1783710766590917, time_ll is 0.7695981426150553[0m
[38;20m2026-09-29 15:56:55,263 - tpp_runner.py[pid:26644;line:116:_train_model] - INFO: [ Epoch 163 (valid) ]:  valid loglike is 0.42034522379060246, num_events is 7204, mark_ll is -0.2644253084224042, time_ll is 0.6847705322130067[0m
[38;20m2026-09-29 15:56:55,509 - tpp_runner.py[pid:26644;line:136:_train_model] - INFO: [ Epoch 163 (test) ]: test loglike is 0.46926181491634883, num_events is 14420, mark_ll is -0.23652551997551144, time_ll is 0.705787317961165[0m
[31;1m2026-09-29 15:56:55,509 - tpp_runner.py[pid:26644;line:140:_train_model] - CRITICAL: current best loglike on valid set is 0.4848 (updated at epoch-71)[0m
[38;20m2026-09-29 15:57:01,775 - tpp_runner.py[pid:26644;line:104:_train_model] - INFO: [ Epoch 164 (train) ]: train loglike is 0.5912481658726265, num_events is 50454, mark_ll is -0.1790820393309221, time_ll is 0.7703302160910186[0m
[38;20m2026-09-29 15:57:01,871 - tpp_runner.py[pid:26644;line:116:_train_model] - INFO: [ Epoch 164 (valid) ]:  valid loglike is 0.4159976296263361, num_events is 7204, mark_ll is -0.2639735601532135, time_ll is 0.6799712236691421[0m
[38;20m2026-09-29 15:57:02,122 - tpp_runner.py[pid:26644;line:136:_train_model] - INFO: [ Epoch 164 (test) ]: test loglike is 0.4692119370882455, num_events is 14420, mark_ll is -0.23497543017510403, time_ll is 0.704187333401959[0m
[31;1m2026-09-29 15:57:02,122 - tpp_runner.py[pid:26644;line:140:_train_model] - CRITICAL: current best loglike on valid set is 0.4848 (updated at epoch-71)[0m
[38;20m2026-09-29 15:57:08,417 - tpp_runner.py[pid:26644;line:104:_train_model] - INFO: [ Epoch 165 (train) ]: train loglike is 0.5941105300976508, num_events is 50454, mark_ll is -0.17729201104943673, time_ll is 0.7714025496151197[0m
[38;20m2026-09-29 15:57:08,529 - tpp_runner.py[pid:26644;line:116:_train_model] - INFO: [ Epoch 165 (valid) ]:  valid loglike is 0.4169486732631177, num_events is 7204, mark_ll is -0.26264383420885967, time_ll is 0.67959254136157[0m
[38;20m2026-09-29 15:57:08,753 - tpp_runner.py[pid:26644;line:136:_train_model] - INFO: [ Epoch 165 (test) ]: test loglike is 0.47319061660237516, num_events is 14420, mark_ll is -0.23463061963635576, time_ll is 0.7078212362387309[0m
[31;1m2026-09-29 15:57:08,753 - tpp_runner.py[pid:26644;line:140:_train_model] - CRITICAL: current best loglike on valid set is 0.4848 (updated at epoch-71)[0m
[38;20m2026-09-29 15:57:14,839 - tpp_runner.py[pid:26644;line:104:_train_model] - INFO: [ Epoch 166 (train) ]: train loglike is 0.5958918701781574, num_events is 50454, mark_ll is -0.1769667660320075, time_ll is 0.772858644678197[0m
[38;20m2026-09-29 15:57:14,951 - tpp_runner.py[pid:26644;line:116:_train_model] - INFO: [ Epoch 166 (valid) ]:  valid loglike is 0.4082827316529879, num_events is 7204, mark_ll is -0.26672898736812883, time_ll is 0.6750117529107094[0m
[38;20m2026-09-29 15:57:15,169 - tpp_runner.py[pid:26644;line:136:_train_model] - INFO: [ Epoch 166 (test) ]: test loglike is 0.4681645026980756, num_events is 14420, mark_ll is -0.23743810984364164, time_ll is 0.7056026210070648[0m
[31;1m2026-09-29 15:57:15,169 - tpp_runner.py[pid:26644;line:140:_train_model] - CRITICAL: current best loglike on valid set is 0.4848 (updated at epoch-71)[0m
[38;20m2026-09-29 15:57:21,992 - tpp_runner.py[pid:26644;line:104:_train_model] - INFO: [ Epoch 167 (train) ]: train loglike is 0.593394294261233, num_events is 50454, mark_ll is -0.1776422331325316, time_ll is 0.7710365322326401[0m
[38;20m2026-09-29 15:57:22,107 - tpp_runner.py[pid:26644;line:116:_train_model] - INFO: [ Epoch 167 (valid) ]:  valid loglike is 0.41472683768349183, num_events is 7204, mark_ll is -0.26349270072399017, time_ll is 0.678219538407482[0m
[38;20m2026-09-29 15:57:22,325 - tpp_runner.py[pid:26644;line:136:_train_model] - INFO: [ Epoch 167 (test) ]: test loglike is 0.4723582189721307, num_events is 14420, mark_ll is -0.23623123063128468, time_ll is 0.7085894834648059[0m
[31;1m2026-09-29 15:57:22,325 - tpp_runner.py[pid:26644;line:140:_train_model] - CRITICAL: current best loglike on valid set is 0.4848 (updated at epoch-71)[0m
[38;20m2026-09-29 15:57:28,113 - tpp_runner.py[pid:26644;line:104:_train_model] - INFO: [ Epoch 168 (train) ]: train loglike is 0.5935608386785488, num_events is 50454, mark_ll is -0.17770485785938678, time_ll is 0.7712656675046825[0m
[38;20m2026-09-29 15:57:28,219 - tpp_runner.py[pid:26644;line:116:_train_model] - INFO: [ Epoch 168 (valid) ]:  valid loglike is 0.4166018132829851, num_events is 7204, mark_ll is -0.2630320903263378, time_ll is 0.6796338866645266[0m
[38;20m2026-09-29 15:57:28,437 - tpp_runner.py[pid:26644;line:136:_train_model] - INFO: [ Epoch 168 (test) ]: test loglike is 0.4740164112614858, num_events is 14420, mark_ll is -0.2368903256653086, time_ll is 0.7109067030654039[0m
[31;1m2026-09-29 15:57:28,437 - tpp_runner.py[pid:26644;line:140:_train_model] - CRITICAL: current best loglike on valid set is 0.4848 (updated at epoch-71)[0m
[38;20m2026-09-29 15:57:35,532 - tpp_runner.py[pid:26644;line:104:_train_model] - INFO: [ Epoch 169 (train) ]: train loglike is 0.5940344581357524, num_events is 50454, mark_ll is -0.17733590086003465, time_ll is 0.7713703372208472[0m
[38;20m2026-09-29 15:57:35,632 - tpp_runner.py[pid:26644;line:116:_train_model] - INFO: [ Epoch 169 (valid) ]:  valid loglike is 0.4101287994300042, num_events is 7204, mark_ll is -0.26392496247744307, time_ll is 0.6740538296866324[0m
[38;20m2026-09-29 15:57:35,850 - tpp_runner.py[pid:26644;line:136:_train_model] - INFO: [ Epoch 169 (test) ]: test loglike is 0.4686885923684553, num_events is 14420, mark_ll is -0.2385255091398665, time_ll is 0.7072141523004074[0m
[31;1m2026-09-29 15:57:35,850 - tpp_runner.py[pid:26644;line:140:_train_model] - CRITICAL: current best loglike on valid set is 0.4848 (updated at epoch-71)[0m
[38;20m2026-09-29 15:57:42,911 - tpp_runner.py[pid:26644;line:104:_train_model] - INFO: [ Epoch 170 (train) ]: train loglike is 0.5940281385643358, num_events is 50454, mark_ll is -0.17733885378381484, time_ll is 0.7713670080744961[0m
[38;20m2026-09-29 15:57:43,022 - tpp_runner.py[pid:26644;line:116:_train_model] - INFO: [ Epoch 170 (valid) ]:  valid loglike is 0.41223615596586966, num_events is 7204, mark_ll is -0.26644977101480083, time_ll is 0.6786859269806704[0m
[38;20m2026-09-29 15:57:43,231 - tpp_runner.py[pid:26644;line:136:_train_model] - INFO: [ Epoch 170 (test) ]: test loglike is 0.46827724419751215, num_events is 14420, mark_ll is -0.23805973724915483, time_ll is 0.706337023773405[0m
[31;1m2026-09-29 15:57:43,231 - tpp_runner.py[pid:26644;line:140:_train_model] - CRITICAL: current best loglike on valid set is 0.4848 (updated at epoch-71)[0m
[38;20m2026-09-29 15:57:50,228 - tpp_runner.py[pid:26644;line:104:_train_model] - INFO: [ Epoch 171 (train) ]: train loglike is 0.5945168843463848, num_events is 50454, mark_ll is -0.17654409388533368, time_ll is 0.7710609879094695[0m
[38;20m2026-09-29 15:57:50,340 - tpp_runner.py[pid:26644;line:116:_train_model] - INFO: [ Epoch 171 (valid) ]:  valid loglike is 0.4101495398606677, num_events is 7204, mark_ll is -0.2693109676481816, time_ll is 0.6794605075088492[0m
[38;20m2026-09-29 15:57:50,571 - tpp_runner.py[pid:26644;line:136:_train_model] - INFO: [ Epoch 171 (test) ]: test loglike is 0.4660901200589459, num_events is 14420, mark_ll is -0.23983913638555393, time_ll is 0.705929231048457[0m
[31;1m2026-09-29 15:57:50,571 - tpp_runner.py[pid:26644;line:140:_train_model] - CRITICAL: current best loglike on valid set is 0.4848 (updated at epoch-71)[0m
[38;20m2026-09-29 15:57:57,544 - tpp_runner.py[pid:26644;line:104:_train_model] - INFO: [ Epoch 172 (train) ]: train loglike is 0.5936414930555556, num_events is 50454, mark_ll is -0.17694736939952418, time_ll is 0.7705888636647986[0m
[38;20m2026-09-29 15:57:57,654 - tpp_runner.py[pid:26644;line:116:_train_model] - INFO: [ Epoch 172 (valid) ]:  valid loglike is 0.4034102893683197, num_events is 7204, mark_ll is -0.27028936018618127, time_ll is 0.6736996156649084[0m
[38;20m2026-09-29 15:57:57,869 - tpp_runner.py[pid:26644;line:136:_train_model] - INFO: [ Epoch 172 (test) ]: test loglike is 0.460826062164095, num_events is 14420, mark_ll is -0.2420463318632975, time_ll is 0.7028723940273925[0m
[31;1m2026-09-29 15:57:57,869 - tpp_runner.py[pid:26644;line:140:_train_model] - CRITICAL: current best loglike on valid set is 0.4848 (updated at epoch-71)[0m
[38;20m2026-09-29 15:58:04,920 - tpp_runner.py[pid:26644;line:104:_train_model] - INFO: [ Epoch 173 (train) ]: train loglike is 0.5926475154425938, num_events is 50454, mark_ll is -0.1780657702282029, time_ll is 0.7707133195429252[0m
[38;20m2026-09-29 15:58:05,036 - tpp_runner.py[pid:26644;line:116:_train_model] - INFO: [ Epoch 173 (valid) ]:  valid loglike is 0.40669849486830234, num_events is 7204, mark_ll is -0.26443391637892144, time_ll is 0.6711324112472238[0m
[38;20m2026-09-29 15:58:05,256 - tpp_runner.py[pid:26644;line:136:_train_model] - INFO: [ Epoch 173 (test) ]: test loglike is 0.4688017063431865, num_events is 14420, mark_ll is -0.23722854169827062, time_ll is 0.7060302057147192[0m
[31;1m2026-09-29 15:58:05,256 - tpp_runner.py[pid:26644;line:140:_train_model] - CRITICAL: current best loglike on valid set is 0.4848 (updated at epoch-71)[0m
[38;20m2026-09-29 15:58:12,222 - tpp_runner.py[pid:26644;line:104:_train_model] - INFO: [ Epoch 174 (train) ]: train loglike is 0.5962624022314881, num_events is 50454, mark_ll is -0.17559486256393508, time_ll is 0.7718572393913268[0m
[38;20m2026-09-29 15:58:12,329 - tpp_runner.py[pid:26644;line:116:_train_model] - INFO: [ Epoch 174 (valid) ]:  valid loglike is 0.4140687695746287, num_events is 7204, mark_ll is -0.26613093772773805, time_ll is 0.6801997750815519[0m
[38;20m2026-09-29 15:58:12,557 - tpp_runner.py[pid:26644;line:136:_train_model] - INFO: [ Epoch 174 (test) ]: test loglike is 0.4638821034424844, num_events is 14420, mark_ll is -0.23807114007238211, time_ll is 0.7019532604455617[0m
[31;1m2026-09-29 15:58:12,557 - tpp_runner.py[pid:26644;line:140:_train_model] - CRITICAL: current best loglike on valid set is 0.4848 (updated at epoch-71)[0m
[38;20m2026-09-29 15:58:19,556 - tpp_runner.py[pid:26644;line:104:_train_model] - INFO: [ Epoch 175 (train) ]: train loglike is 0.5983624064587297, num_events is 50454, mark_ll is -0.17658691188500603, time_ll is 0.7749493292312056[0m
[38;20m2026-09-29 15:58:19,651 - tpp_runner.py[pid:26644;line:116:_train_model] - INFO: [ Epoch 175 (valid) ]:  valid loglike is 0.4080119199186216, num_events is 7204, mark_ll is -0.2698258522283627, time_ll is 0.677837806036577[0m
[38;20m2026-09-29 15:58:19,896 - tpp_runner.py[pid:26644;line:136:_train_model] - INFO: [ Epoch 175 (test) ]: test loglike is 0.46727294921875, num_events is 14420, mark_ll is -0.23944592945453363, time_ll is 0.7067188786732836[0m
[31;1m2026-09-29 15:58:19,898 - tpp_runner.py[pid:26644;line:140:_train_model] - CRITICAL: current best loglike on valid set is 0.4848 (updated at epoch-71)[0m
[38;20m2026-09-29 15:58:26,873 - tpp_runner.py[pid:26644;line:104:_train_model] - INFO: [ Epoch 176 (train) ]: train loglike is 0.5988767498922286, num_events is 50454, mark_ll is -0.17569395426635526, time_ll is 0.774570711416897[0m
[38;20m2026-09-29 15:58:26,969 - tpp_runner.py[pid:26644;line:116:_train_model] - INFO: [ Epoch 176 (valid) ]:  valid loglike is 0.405175191571089, num_events is 7204, mark_ll is -0.26871307051095744, time_ll is 0.6738882451372501[0m
[38;20m2026-09-29 15:58:27,191 - tpp_runner.py[pid:26644;line:136:_train_model] - INFO: [ Epoch 176 (test) ]: test loglike is 0.46398404315837377, num_events is 14420, mark_ll is -0.23865179519547502, time_ll is 0.7026358214231536[0m
[31;1m2026-09-29 15:58:27,191 - tpp_runner.py[pid:26644;line:140:_train_model] - CRITICAL: current best loglike on valid set is 0.4848 (updated at epoch-71)[0m
[38;20m2026-09-29 15:58:34,187 - tpp_runner.py[pid:26644;line:104:_train_model] - INFO: [ Epoch 177 (train) ]: train loglike is 0.5981807260388176, num_events is 50454, mark_ll is -0.17565992729376634, time_ll is 0.7738406605908972[0m
[38;20m2026-09-29 15:58:34,279 - tpp_runner.py[pid:26644;line:116:_train_model] - INFO: [ Epoch 177 (valid) ]:  valid loglike is 0.40557803715817603, num_events is 7204, mark_ll is -0.2704415752912878, time_ll is 0.6760195616150749[0m
[38;20m2026-09-29 15:58:34,512 - tpp_runner.py[pid:26644;line:136:_train_model] - INFO: [ Epoch 177 (test) ]: test loglike is 0.4604547212259449, num_events is 14420, mark_ll is -0.23934341409500692, time_ll is 0.699798152251647[0m
[31;1m2026-09-29 15:58:34,512 - tpp_runner.py[pid:26644;line:140:_train_model] - CRITICAL: current best loglike on valid set is 0.4848 (updated at epoch-71)[0m
[38;20m2026-09-29 15:58:41,496 - tpp_runner.py[pid:26644;line:104:_train_model] - INFO: [ Epoch 178 (train) ]: train loglike is 0.5991447461734947, num_events is 50454, mark_ll is -0.1755723460664665, time_ll is 0.7747171019177121[0m
[38;20m2026-09-29 15:58:41,608 - tpp_runner.py[pid:26644;line:116:_train_model] - INFO: [ Epoch 178 (valid) ]:  valid loglike is 0.40291475574550595, num_events is 7204, mark_ll is -0.27129835502628746, time_ll is 0.6742131107717935[0m
[38;20m2026-09-29 15:58:41,814 - tpp_runner.py[pid:26644;line:136:_train_model] - INFO: [ Epoch 178 (test) ]: test loglike is 0.46139852283070387, num_events is 14420, mark_ll is -0.23966577453190013, time_ll is 0.701064297362604[0m
[31;1m2026-09-29 15:58:41,814 - tpp_runner.py[pid:26644;line:140:_train_model] - CRITICAL: current best loglike on valid set is 0.4848 (updated at epoch-71)[0m
[38;20m2026-09-29 15:58:48,838 - tpp_runner.py[pid:26644;line:104:_train_model] - INFO: [ Epoch 179 (train) ]: train loglike is 0.6020894825763319, num_events is 50454, mark_ll is -0.174272764431772, time_ll is 0.7763622615247304[0m
[38;20m2026-09-29 15:58:48,941 - tpp_runner.py[pid:26644;line:116:_train_model] - INFO: [ Epoch 179 (valid) ]:  valid loglike is 0.39896963438280814, num_events is 7204, mark_ll is -0.27092314640195553, time_ll is 0.6698927299503747[0m
[38;20m2026-09-29 15:58:49,174 - tpp_runner.py[pid:26644;line:136:_train_model] - INFO: [ Epoch 179 (test) ]: test loglike is 0.45959829893919035, num_events is 14420, mark_ll is -0.24166751602320996, time_ll is 0.7012658064970527[0m
[31;1m2026-09-29 15:58:49,174 - tpp_runner.py[pid:26644;line:140:_train_model] - CRITICAL: current best loglike on valid set is 0.4848 (updated at epoch-71)[0m
[38;20m2026-09-29 15:58:56,171 - tpp_runner.py[pid:26644;line:104:_train_model] - INFO: [ Epoch 180 (train) ]: train loglike is 0.6012430084055526, num_events is 50454, mark_ll is -0.17507751176930658, time_ll is 0.7763205262234535[0m
[38;20m2026-09-29 15:58:56,269 - tpp_runner.py[pid:26644;line:116:_train_model] - INFO: [ Epoch 180 (valid) ]:  valid loglike is 0.39899881332202597, num_events is 7204, mark_ll is -0.2708299839119326, time_ll is 0.6698287463995697[0m
[38;20m2026-09-29 15:58:56,490 - tpp_runner.py[pid:26644;line:136:_train_model] - INFO: [ Epoch 180 (test) ]: test loglike is 0.45545501920618064, num_events is 14420, mark_ll is -0.2406609438659414, time_ll is 0.6961159969335124[0m
[31;1m2026-09-29 15:58:56,490 - tpp_runner.py[pid:26644;line:140:_train_model] - CRITICAL: current best loglike on valid set is 0.4848 (updated at epoch-71)[0m
[38;20m2026-09-29 15:59:03,496 - tpp_runner.py[pid:26644;line:104:_train_model] - INFO: [ Epoch 181 (train) ]: train loglike is 0.6014242242934158, num_events is 50454, mark_ll is -0.17513095352016192, time_ll is 0.7765551874913287[0m
[38;20m2026-09-29 15:59:03,608 - tpp_runner.py[pid:26644;line:116:_train_model] - INFO: [ Epoch 181 (valid) ]:  valid loglike is 0.40483768511851054, num_events is 7204, mark_ll is -0.27006826448414073, time_ll is 0.6749059496026513[0m
[38;20m2026-09-29 15:59:03,839 - tpp_runner.py[pid:26644;line:136:_train_model] - INFO: [ Epoch 181 (test) ]: test loglike is 0.459846350554785, num_events is 14420, mark_ll is -0.2410137118314407, time_ll is 0.7008600285248353[0m
[31;1m2026-09-29 15:59:03,839 - tpp_runner.py[pid:26644;line:140:_train_model] - CRITICAL: current best loglike on valid set is 0.4848 (updated at epoch-71)[0m
[38;20m2026-09-29 15:59:10,837 - tpp_runner.py[pid:26644;line:104:_train_model] - INFO: [ Epoch 182 (train) ]: train loglike is 0.6001103728148413, num_events is 50454, mark_ll is -0.17541523261752043, time_ll is 0.7755255909157351[0m
[38;20m2026-09-29 15:59:10,949 - tpp_runner.py[pid:26644;line:116:_train_model] - INFO: [ Epoch 182 (valid) ]:  valid loglike is 0.40128480190041993, num_events is 7204, mark_ll is -0.27050489799503746, time_ll is 0.6717896660058648[0m
[38;20m2026-09-29 15:59:11,155 - tpp_runner.py[pid:26644;line:136:_train_model] - INFO: [ Epoch 182 (test) ]: test loglike is 0.4590458672850208, num_events is 14420, mark_ll is -0.24060926291879767, time_ll is 0.6996550878770804[0m
[31;1m2026-09-29 15:59:11,155 - tpp_runner.py[pid:26644;line:140:_train_model] - CRITICAL: current best loglike on valid set is 0.4848 (updated at epoch-71)[0m
[38;20m2026-09-29 15:59:18,074 - tpp_runner.py[pid:26644;line:104:_train_model] - INFO: [ Epoch 183 (train) ]: train loglike is 0.6030305277300858, num_events is 50454, mark_ll is -0.1737929850860437, time_ll is 0.7768235128161295[0m
[38;20m2026-09-29 15:59:18,184 - tpp_runner.py[pid:26644;line:116:_train_model] - INFO: [ Epoch 183 (valid) ]:  valid loglike is 0.3964165280356399, num_events is 7204, mark_ll is -0.2718873561454574, time_ll is 0.6683039180706899[0m
[38;20m2026-09-29 15:59:18,393 - tpp_runner.py[pid:26644;line:136:_train_model] - INFO: [ Epoch 183 (test) ]: test loglike is 0.4601307015809206, num_events is 14420, mark_ll is -0.24100866648426664, time_ll is 0.7011394019265776[0m
[31;1m2026-09-29 15:59:18,393 - tpp_runner.py[pid:26644;line:140:_train_model] - CRITICAL: current best loglike on valid set is 0.4848 (updated at epoch-71)[0m
[38;20m2026-09-29 15:59:24,933 - tpp_runner.py[pid:26644;line:104:_train_model] - INFO: [ Epoch 184 (train) ]: train loglike is 0.6017280282534586, num_events is 50454, mark_ll is -0.17529611401908174, time_ll is 0.7770241519502914[0m
[38;20m2026-09-29 15:59:25,044 - tpp_runner.py[pid:26644;line:116:_train_model] - INFO: [ Epoch 184 (valid) ]:  valid loglike is 0.4022635672239381, num_events is 7204, mark_ll is -0.27216281075400817, time_ll is 0.6744263440883537[0m
[38;20m2026-09-29 15:59:25,266 - tpp_runner.py[pid:26644;line:136:_train_model] - INFO: [ Epoch 184 (test) ]: test loglike is 0.45765101502903954, num_events is 14420, mark_ll is -0.24284146503337378, time_ll is 0.7004924800624133[0m
[31;1m2026-09-29 15:59:25,266 - tpp_runner.py[pid:26644;line:140:_train_model] - CRITICAL: current best loglike on valid set is 0.4848 (updated at epoch-71)[0m
[38;20m2026-09-29 15:59:31,784 - tpp_runner.py[pid:26644;line:104:_train_model] - INFO: [ Epoch 185 (train) ]: train loglike is 0.6028009569592475, num_events is 50454, mark_ll is -0.17378760425647619, time_ll is 0.7765885563768482[0m
[38;20m2026-09-29 15:59:31,889 - tpp_runner.py[pid:26644;line:116:_train_model] - INFO: [ Epoch 185 (valid) ]:  valid loglike is 0.4002078584271759, num_events is 7204, mark_ll is -0.27280251070368894, time_ll is 0.6730103691308648[0m
[38;20m2026-09-29 15:59:32,112 - tpp_runner.py[pid:26644;line:136:_train_model] - INFO: [ Epoch 185 (test) ]: test loglike is 0.4538072900864685, num_events is 14420, mark_ll is -0.24363783414420076, time_ll is 0.697445107299974[0m
[31;1m2026-09-29 15:59:32,112 - tpp_runner.py[pid:26644;line:140:_train_model] - CRITICAL: current best loglike on valid set is 0.4848 (updated at epoch-71)[0m
[38;20m2026-09-29 15:59:38,626 - tpp_runner.py[pid:26644;line:104:_train_model] - INFO: [ Epoch 186 (train) ]: train loglike is 0.6046159514189287, num_events is 50454, mark_ll is -0.1740836454504815, time_ll is 0.7786995932402535[0m
[38;20m2026-09-29 15:59:38,737 - tpp_runner.py[pid:26644;line:116:_train_model] - INFO: [ Epoch 186 (valid) ]:  valid loglike is 0.39789618153760065, num_events is 7204, mark_ll is -0.2731298502784911, time_ll is 0.6710260657056843[0m
[38;20m2026-09-29 15:59:38,962 - tpp_runner.py[pid:26644;line:136:_train_model] - INFO: [ Epoch 186 (test) ]: test loglike is 0.45789864337725383, num_events is 14420, mark_ll is -0.24211773707036668, time_ll is 0.7000163550515777[0m
[31;1m2026-09-29 15:59:38,962 - tpp_runner.py[pid:26644;line:140:_train_model] - CRITICAL: current best loglike on valid set is 0.4848 (updated at epoch-71)[0m
[38;20m2026-09-29 15:59:45,229 - tpp_runner.py[pid:26644;line:104:_train_model] - INFO: [ Epoch 187 (train) ]: train loglike is 0.6046786971176715, num_events is 50454, mark_ll is -0.1747457729809424, time_ll is 0.7794244713083328[0m
[38;20m2026-09-29 15:59:45,340 - tpp_runner.py[pid:26644;line:116:_train_model] - INFO: [ Epoch 187 (valid) ]:  valid loglike is 0.39567400706204886, num_events is 7204, mark_ll is -0.27187268195186703, time_ll is 0.667546756793101[0m
[38;20m2026-09-29 15:59:45,565 - tpp_runner.py[pid:26644;line:136:_train_model] - INFO: [ Epoch 187 (test) ]: test loglike is 0.45688507037751386, num_events is 14420, mark_ll is -0.2422539529787188, time_ll is 0.6991389894948422[0m
[31;1m2026-09-29 15:59:45,565 - tpp_runner.py[pid:26644;line:140:_train_model] - CRITICAL: current best loglike on valid set is 0.4848 (updated at epoch-71)[0m
[38;20m2026-09-29 15:59:52,777 - tpp_runner.py[pid:26644;line:104:_train_model] - INFO: [ Epoch 188 (train) ]: train loglike is 0.6058584488392273, num_events is 50454, mark_ll is -0.17376638457764437, time_ll is 0.779624839465466[0m
[38;20m2026-09-29 15:59:52,890 - tpp_runner.py[pid:26644;line:116:_train_model] - INFO: [ Epoch 188 (valid) ]:  valid loglike is 0.3939811541331205, num_events is 7204, mark_ll is -0.27187095358264507, time_ll is 0.665852073826173[0m
[38;20m2026-09-29 15:59:53,103 - tpp_runner.py[pid:26644;line:136:_train_model] - INFO: [ Epoch 188 (test) ]: test loglike is 0.45610358334778084, num_events is 14420, mark_ll is -0.24220675020045943, time_ll is 0.6983102996868499[0m
[31;1m2026-09-29 15:59:53,103 - tpp_runner.py[pid:26644;line:140:_train_model] - CRITICAL: current best loglike on valid set is 0.4848 (updated at epoch-71)[0m
[38;20m2026-09-29 16:00:00,266 - tpp_runner.py[pid:26644;line:104:_train_model] - INFO: [ Epoch 189 (train) ]: train loglike is 0.6053191513247216, num_events is 50454, mark_ll is -0.1734822070966716, time_ll is 0.7788013547922364[0m
[38;20m2026-09-29 16:00:00,377 - tpp_runner.py[pid:26644;line:116:_train_model] - INFO: [ Epoch 189 (valid) ]:  valid loglike is 0.3935197134404497, num_events is 7204, mark_ll is -0.2725734848369829, time_ll is 0.66609316438784[0m
[38;20m2026-09-29 16:00:00,602 - tpp_runner.py[pid:26644;line:136:_train_model] - INFO: [ Epoch 189 (test) ]: test loglike is 0.45316041901438975, num_events is 14420, mark_ll is -0.24335143450394417, time_ll is 0.6965118873797244[0m
[31;1m2026-09-29 16:00:00,602 - tpp_runner.py[pid:26644;line:140:_train_model] - CRITICAL: current best loglike on valid set is 0.4848 (updated at epoch-71)[0m
[38;20m2026-09-29 16:00:07,440 - tpp_runner.py[pid:26644;line:104:_train_model] - INFO: [ Epoch 190 (train) ]: train loglike is 0.6068699238260346, num_events is 50454, mark_ll is -0.1728807143055122, time_ll is 0.77975064538986[0m
[38;20m2026-09-29 16:00:07,544 - tpp_runner.py[pid:26644;line:116:_train_model] - INFO: [ Epoch 190 (valid) ]:  valid loglike is 0.3929086163069128, num_events is 7204, mark_ll is -0.2731364418042494, time_ll is 0.6660450411663659[0m
[38;20m2026-09-29 16:00:07,792 - tpp_runner.py[pid:26644;line:136:_train_model] - INFO: [ Epoch 190 (test) ]: test loglike is 0.4501234755602028, num_events is 14420, mark_ll is -0.24368947276460645, time_ll is 0.6938129144634189[0m
[31;1m2026-09-29 16:00:07,792 - tpp_runner.py[pid:26644;line:140:_train_model] - CRITICAL: current best loglike on valid set is 0.4848 (updated at epoch-71)[0m
[38;20m2026-09-29 16:00:14,201 - tpp_runner.py[pid:26644;line:104:_train_model] - INFO: [ Epoch 191 (train) ]: train loglike is 0.6066369706812146, num_events is 50454, mark_ll is -0.1728954462620035, time_ll is 0.7795324266209691[0m
[38;20m2026-09-29 16:00:14,305 - tpp_runner.py[pid:26644;line:116:_train_model] - INFO: [ Epoch 191 (valid) ]:  valid loglike is 0.39263743178702804, num_events is 7204, mark_ll is -0.27765095915680527, time_ll is 0.6702884248334259[0m
[38;20m2026-09-29 16:00:14,517 - tpp_runner.py[pid:26644;line:136:_train_model] - INFO: [ Epoch 191 (test) ]: test loglike is 0.4548078772429785, num_events is 14420, mark_ll is -0.2435085682862344, time_ll is 0.6983164455292129[0m
[31;1m2026-09-29 16:00:14,517 - tpp_runner.py[pid:26644;line:140:_train_model] - CRITICAL: current best loglike on valid set is 0.4848 (updated at epoch-71)[0m
[38;20m2026-09-29 16:00:20,990 - tpp_runner.py[pid:26644;line:104:_train_model] - INFO: [ Epoch 192 (train) ]: train loglike is 0.6066190378085732, num_events is 50454, mark_ll is -0.1730959668437153, time_ll is 0.7797150119106018[0m
[38;20m2026-09-29 16:00:21,111 - tpp_runner.py[pid:26644;line:116:_train_model] - INFO: [ Epoch 192 (valid) ]:  valid loglike is 0.39271924126353414, num_events is 7204, mark_ll is -0.27575378587416716, time_ll is 0.6684730271377013[0m
[38;20m2026-09-29 16:00:21,324 - tpp_runner.py[pid:26644;line:136:_train_model] - INFO: [ Epoch 192 (test) ]: test loglike is 0.449321129913965, num_events is 14420, mark_ll is -0.2448348596919426, time_ll is 0.6941559980712552[0m
[31;1m2026-09-29 16:00:21,338 - tpp_runner.py[pid:26644;line:140:_train_model] - CRITICAL: current best loglike on valid set is 0.4848 (updated at epoch-71)[0m
[38;20m2026-09-29 16:00:27,575 - tpp_runner.py[pid:26644;line:104:_train_model] - INFO: [ Epoch 193 (train) ]: train loglike is 0.6094365698519939, num_events is 50454, mark_ll is -0.17202316273897078, time_ll is 0.7814597555756233[0m
[38;20m2026-09-29 16:00:27,687 - tpp_runner.py[pid:26644;line:116:_train_model] - INFO: [ Epoch 193 (valid) ]:  valid loglike is 0.39654768075895336, num_events is 7204, mark_ll is -0.27381030246325827, time_ll is 0.6703579662774153[0m
[38;20m2026-09-29 16:00:27,897 - tpp_runner.py[pid:26644;line:136:_train_model] - INFO: [ Epoch 193 (test) ]: test loglike is 0.45179502616808254, num_events is 14420, mark_ll is -0.2441121475706484, time_ll is 0.6959071737387309[0m
[31;1m2026-09-29 16:00:27,897 - tpp_runner.py[pid:26644;line:140:_train_model] - CRITICAL: current best loglike on valid set is 0.4848 (updated at epoch-71)[0m
[38;20m2026-09-29 16:00:33,211 - tpp_runner.py[pid:26644;line:104:_train_model] - INFO: [ Epoch 194 (train) ]: train loglike is 0.6077098074483688, num_events is 50454, mark_ll is -0.17255425110117323, time_ll is 0.7802640500815099[0m
[38;20m2026-09-29 16:00:33,307 - tpp_runner.py[pid:26644;line:116:_train_model] - INFO: [ Epoch 194 (valid) ]:  valid loglike is 0.388679432379147, num_events is 7204, mark_ll is -0.27500804538928025, time_ll is 0.6636874777684273[0m
[38;20m2026-09-29 16:00:33,526 - tpp_runner.py[pid:26644;line:136:_train_model] - INFO: [ Epoch 194 (test) ]: test loglike is 0.4525432443817181, num_events is 14420, mark_ll is -0.245216655334388, time_ll is 0.6977598997161061[0m
[31;1m2026-09-29 16:00:33,526 - tpp_runner.py[pid:26644;line:140:_train_model] - CRITICAL: current best loglike on valid set is 0.4848 (updated at epoch-71)[0m
[38;20m2026-09-29 16:00:38,797 - tpp_runner.py[pid:26644;line:104:_train_model] - INFO: [ Epoch 195 (train) ]: train loglike is 0.6085894230775186, num_events is 50454, mark_ll is -0.17230421551608271, time_ll is 0.7808936555296656[0m
[38;20m2026-09-29 16:00:38,893 - tpp_runner.py[pid:26644;line:116:_train_model] - INFO: [ Epoch 195 (valid) ]:  valid loglike is 0.39367689337087036, num_events is 7204, mark_ll is -0.27621636186818954, time_ll is 0.6698932721838562[0m
[38;20m2026-09-29 16:00:39,100 - tpp_runner.py[pid:26644;line:136:_train_model] - INFO: [ Epoch 195 (test) ]: test loglike is 0.45167705308382455, num_events is 14420, mark_ll is -0.24396671289875174, time_ll is 0.6956437998439667[0m
[31;1m2026-09-29 16:00:39,100 - tpp_runner.py[pid:26644;line:140:_train_model] - CRITICAL: current best loglike on valid set is 0.4848 (updated at epoch-71)[0m
[38;20m2026-09-29 16:00:44,337 - tpp_runner.py[pid:26644;line:104:_train_model] - INFO: [ Epoch 196 (train) ]: train loglike is 0.6135950413990962, num_events is 50454, mark_ll is -0.17088948316086808, time_ll is 0.784484536657153[0m
[38;20m2026-09-29 16:00:44,443 - tpp_runner.py[pid:26644;line:116:_train_model] - INFO: [ Epoch 196 (valid) ]:  valid loglike is 0.3861770587520822, num_events is 7204, mark_ll is -0.2785509650671502, time_ll is 0.6647280915984175[0m
[38;20m2026-09-29 16:00:44,655 - tpp_runner.py[pid:26644;line:136:_train_model] - INFO: [ Epoch 196 (test) ]: test loglike is 0.449989367523405, num_events is 14420, mark_ll is -0.24628504992523406, time_ll is 0.6962744682407247[0m
[31;1m2026-09-29 16:00:44,655 - tpp_runner.py[pid:26644;line:140:_train_model] - CRITICAL: current best loglike on valid set is 0.4848 (updated at epoch-71)[0m
[38;20m2026-09-29 16:00:49,894 - tpp_runner.py[pid:26644;line:104:_train_model] - INFO: [ Epoch 197 (train) ]: train loglike is 0.6093650222386976, num_events is 50454, mark_ll is -0.17204386707756075, time_ll is 0.7814088893162584[0m
[38;20m2026-09-29 16:00:50,006 - tpp_runner.py[pid:26644;line:116:_train_model] - INFO: [ Epoch 197 (valid) ]:  valid loglike is 0.39025594233672267, num_events is 7204, mark_ll is -0.276485682460482, time_ll is 0.6667416078524084[0m
[38;20m2026-09-29 16:00:50,212 - tpp_runner.py[pid:26644;line:136:_train_model] - INFO: [ Epoch 197 (test) ]: test loglike is 0.44756055771064496, num_events is 14420, mark_ll is -0.24497075391708564, time_ll is 0.6925312946970353[0m
[31;1m2026-09-29 16:00:50,212 - tpp_runner.py[pid:26644;line:140:_train_model] - CRITICAL: current best loglike on valid set is 0.4848 (updated at epoch-71)[0m
[38;20m2026-09-29 16:00:55,459 - tpp_runner.py[pid:26644;line:104:_train_model] - INFO: [ Epoch 198 (train) ]: train loglike is 0.6117607591816308, num_events is 50454, mark_ll is -0.17127627262619477, time_ll is 0.7830370451147333[0m
[38;20m2026-09-29 16:00:55,566 - tpp_runner.py[pid:26644;line:116:_train_model] - INFO: [ Epoch 198 (valid) ]:  valid loglike is 0.3886632670434828, num_events is 7204, mark_ll is -0.27655029296875, time_ll is 0.6652135939018253[0m
[38;20m2026-09-29 16:00:55,783 - tpp_runner.py[pid:26644;line:136:_train_model] - INFO: [ Epoch 198 (test) ]: test loglike is 0.44467531328558424, num_events is 14420, mark_ll is -0.24772788377145458, time_ll is 0.6924031970570388[0m
[31;1m2026-09-29 16:00:55,783 - tpp_runner.py[pid:26644;line:140:_train_model] - CRITICAL: current best loglike on valid set is 0.4848 (updated at epoch-71)[0m
[38;20m2026-09-29 16:01:01,094 - tpp_runner.py[pid:26644;line:104:_train_model] - INFO: [ Epoch 199 (train) ]: train loglike is 0.6097837978808668, num_events is 50454, mark_ll is -0.17179369600395594, time_ll is 0.781577470900164[0m
[38;20m2026-09-29 16:01:01,189 - tpp_runner.py[pid:26644;line:116:_train_model] - INFO: [ Epoch 199 (valid) ]:  valid loglike is 0.38625032805125625, num_events is 7204, mark_ll is -0.2792822685855948, time_ll is 0.6655326305264436[0m
[38;20m2026-09-29 16:01:01,411 - tpp_runner.py[pid:26644;line:136:_train_model] - INFO: [ Epoch 199 (test) ]: test loglike is 0.4442520797666002, num_events is 14420, mark_ll is -0.2463341489413575, time_ll is 0.6905862287079577[0m
[31;1m2026-09-29 16:01:01,411 - tpp_runner.py[pid:26644;line:140:_train_model] - CRITICAL: current best loglike on valid set is 0.4848 (updated at epoch-71)[0m
[38;20m2026-09-29 16:01:06,613 - tpp_runner.py[pid:26644;line:104:_train_model] - INFO: [ Epoch 200 (train) ]: train loglike is 0.6112467641471687, num_events is 50454, mark_ll is -0.17134753353611706, time_ll is 0.7825942976832858[0m
[38;20m2026-09-29 16:01:06,724 - tpp_runner.py[pid:26644;line:116:_train_model] - INFO: [ Epoch 200 (valid) ]:  valid loglike is 0.3884668090752533, num_events is 7204, mark_ll is -0.27789376114289804, time_ll is 0.6663605532733551[0m
[38;20m2026-09-29 16:01:06,931 - tpp_runner.py[pid:26644;line:136:_train_model] - INFO: [ Epoch 200 (test) ]: test loglike is 0.4462190710059813, num_events is 14420, mark_ll is -0.24660908650095353, time_ll is 0.6928281575069348[0m
[31;1m2026-09-29 16:01:06,931 - tpp_runner.py[pid:26644;line:140:_train_model] - CRITICAL: current best loglike on valid set is 0.4848 (updated at epoch-71)[0m
[38;20m2026-09-29 16:01:12,160 - tpp_runner.py[pid:26644;line:104:_train_model] - INFO: [ Epoch 201 (train) ]: train loglike is 0.6103908154581401, num_events is 50454, mark_ll is -0.1717718835628741, time_ll is 0.7821626941821387[0m
[38;20m2026-09-29 16:01:12,271 - tpp_runner.py[pid:26644;line:116:_train_model] - INFO: [ Epoch 201 (valid) ]:  valid loglike is 0.3830280039192636, num_events is 7204, mark_ll is -0.2783091628240387, time_ll is 0.6613371667433023[0m
[38;20m2026-09-29 16:01:12,478 - tpp_runner.py[pid:26644;line:136:_train_model] - INFO: [ Epoch 201 (test) ]: test loglike is 0.4428792543450936, num_events is 14420, mark_ll is -0.24636724845050278, time_ll is 0.6892465027955964[0m
[31;1m2026-09-29 16:01:12,478 - tpp_runner.py[pid:26644;line:140:_train_model] - CRITICAL: current best loglike on valid set is 0.4848 (updated at epoch-71)[0m
[38;20m2026-09-29 16:01:17,692 - tpp_runner.py[pid:26644;line:104:_train_model] - INFO: [ Epoch 202 (train) ]: train loglike is 0.6094658160155786, num_events is 50454, mark_ll is -0.17323159568539537, time_ll is 0.7826974092815362[0m
[38;20m2026-09-29 16:01:17,804 - tpp_runner.py[pid:26644;line:116:_train_model] - INFO: [ Epoch 202 (valid) ]:  valid loglike is 0.39063448908592446, num_events is 7204, mark_ll is -0.28064549439222136, time_ll is 0.6712799665333495[0m
[38;20m2026-09-29 16:01:18,020 - tpp_runner.py[pid:26644;line:136:_train_model] - INFO: [ Epoch 202 (test) ]: test loglike is 0.4511784271790482, num_events is 14420, mark_ll is -0.24444933083120232, time_ll is 0.6956277495449029[0m
[31;1m2026-09-29 16:01:18,020 - tpp_runner.py[pid:26644;line:140:_train_model] - CRITICAL: current best loglike on valid set is 0.4848 (updated at epoch-71)[0m
[38;20m2026-09-29 16:01:23,239 - tpp_runner.py[pid:26644;line:104:_train_model] - INFO: [ Epoch 203 (train) ]: train loglike is 0.6122847948827769, num_events is 50454, mark_ll is -0.17175532614059652, time_ll is 0.784040105297028[0m
[38;20m2026-09-29 16:01:23,343 - tpp_runner.py[pid:26644;line:116:_train_model] - INFO: [ Epoch 203 (valid) ]:  valid loglike is 0.38898121920113826, num_events is 7204, mark_ll is -0.2802990580319961, time_ll is 0.6692802772331343[0m
[38;20m2026-09-29 16:01:23,557 - tpp_runner.py[pid:26644;line:136:_train_model] - INFO: [ Epoch 203 (test) ]: test loglike is 0.4475026208716193, num_events is 14420, mark_ll is -0.24470411239814494, time_ll is 0.6922067332697642[0m
[31;1m2026-09-29 16:01:23,557 - tpp_runner.py[pid:26644;line:140:_train_model] - CRITICAL: current best loglike on valid set is 0.4848 (updated at epoch-71)[0m
[38;20m2026-09-29 16:01:28,785 - tpp_runner.py[pid:26644;line:104:_train_model] - INFO: [ Epoch 204 (train) ]: train loglike is 0.6135422928171577, num_events is 50454, mark_ll is -0.17072452347528194, time_ll is 0.7842668259701907[0m
[38;20m2026-09-29 16:01:28,880 - tpp_runner.py[pid:26644;line:116:_train_model] - INFO: [ Epoch 204 (valid) ]:  valid loglike is 0.3760051992057364, num_events is 7204, mark_ll is -0.28383165832892315, time_ll is 0.6598368744794558[0m
[38;20m2026-09-29 16:01:29,103 - tpp_runner.py[pid:26644;line:136:_train_model] - INFO: [ Epoch 204 (test) ]: test loglike is 0.44262901866981624, num_events is 14420, mark_ll is -0.2476312772245579, time_ll is 0.6902603128250694[0m
[31;1m2026-09-29 16:01:29,103 - tpp_runner.py[pid:26644;line:140:_train_model] - CRITICAL: current best loglike on valid set is 0.4848 (updated at epoch-71)[0m
[38;20m2026-09-29 16:01:34,346 - tpp_runner.py[pid:26644;line:104:_train_model] - INFO: [ Epoch 205 (train) ]: train loglike is 0.6158957718602589, num_events is 50454, mark_ll is -0.1708409927893787, time_ll is 0.7867367622301998[0m
[38;20m2026-09-29 16:01:34,451 - tpp_runner.py[pid:26644;line:116:_train_model] - INFO: [ Epoch 205 (valid) ]:  valid loglike is 0.38002013312916433, num_events is 7204, mark_ll is -0.28477566987524294, time_ll is 0.6647958030044073[0m
[38;20m2026-09-29 16:01:34,679 - tpp_runner.py[pid:26644;line:136:_train_model] - INFO: [ Epoch 205 (test) ]: test loglike is 0.4444655250411754, num_events is 14420, mark_ll is -0.24677243384838765, time_ll is 0.6912379927509535[0m
[31;1m2026-09-29 16:01:34,679 - tpp_runner.py[pid:26644;line:140:_train_model] - CRITICAL: current best loglike on valid set is 0.4848 (updated at epoch-71)[0m
[38;20m2026-09-29 16:01:39,894 - tpp_runner.py[pid:26644;line:104:_train_model] - INFO: [ Epoch 206 (train) ]: train loglike is 0.6147132958517907, num_events is 50454, mark_ll is -0.17000866144199728, time_ll is 0.7847219609229447[0m
[38;20m2026-09-29 16:01:40,007 - tpp_runner.py[pid:26644;line:116:_train_model] - INFO: [ Epoch 206 (valid) ]:  valid loglike is 0.3792042072980289, num_events is 7204, mark_ll is -0.28271616544411093, time_ll is 0.6619203388525472[0m
[38;20m2026-09-29 16:01:40,211 - tpp_runner.py[pid:26644;line:136:_train_model] - INFO: [ Epoch 206 (test) ]: test loglike is 0.4449304927238644, num_events is 14420, mark_ll is -0.24594123829750347, time_ll is 0.6908717140906727[0m
[31;1m2026-09-29 16:01:40,211 - tpp_runner.py[pid:26644;line:140:_train_model] - CRITICAL: current best loglike on valid set is 0.4848 (updated at epoch-71)[0m
[38;20m2026-09-29 16:01:45,444 - tpp_runner.py[pid:26644;line:104:_train_model] - INFO: [ Epoch 207 (train) ]: train loglike is 0.6160788023264384, num_events is 50454, mark_ll is -0.1700354966358589, time_ll is 0.7861142602512933[0m
[38;20m2026-09-29 16:01:45,544 - tpp_runner.py[pid:26644;line:116:_train_model] - INFO: [ Epoch 207 (valid) ]:  valid loglike is 0.3809761585360564, num_events is 7204, mark_ll is -0.2830256960380084, time_ll is 0.6640019054084536[0m
[38;20m2026-09-29 16:01:45,756 - tpp_runner.py[pid:26644;line:136:_train_model] - INFO: [ Epoch 207 (test) ]: test loglike is 0.43996957892683775, num_events is 14420, mark_ll is -0.24686337707773492, time_ll is 0.6868329475392251[0m
[31;1m2026-09-29 16:01:45,756 - tpp_runner.py[pid:26644;line:140:_train_model] - CRITICAL: current best loglike on valid set is 0.4848 (updated at epoch-71)[0m
[38;20m2026-09-29 16:01:50,989 - tpp_runner.py[pid:26644;line:104:_train_model] - INFO: [ Epoch 208 (train) ]: train loglike is 0.61813230012115, num_events is 50454, mark_ll is -0.16987321042899226, time_ll is 0.7880055008723912[0m
[38;20m2026-09-29 16:01:51,087 - tpp_runner.py[pid:26644;line:116:_train_model] - INFO: [ Epoch 208 (valid) ]:  valid loglike is 0.387908647485338, num_events is 7204, mark_ll is -0.2815706294354699, time_ll is 0.6694792769208079[0m
[38;20m2026-09-29 16:01:51,293 - tpp_runner.py[pid:26644;line:136:_train_model] - INFO: [ Epoch 208 (test) ]: test loglike is 0.4458928503705791, num_events is 14420, mark_ll is -0.2467433299833131, time_ll is 0.6926361803538922[0m
[31;1m2026-09-29 16:01:51,293 - tpp_runner.py[pid:26644;line:140:_train_model] - CRITICAL: current best loglike on valid set is 0.4848 (updated at epoch-71)[0m
[38;20m2026-09-29 16:01:56,536 - tpp_runner.py[pid:26644;line:104:_train_model] - INFO: [ Epoch 209 (train) ]: train loglike is 0.6163917227279427, num_events is 50454, mark_ll is -0.16929546562911885, time_ll is 0.7856872101320014[0m
[38;20m2026-09-29 16:01:56,649 - tpp_runner.py[pid:26644;line:116:_train_model] - INFO: [ Epoch 209 (valid) ]:  valid loglike is 0.383030274521967, num_events is 7204, mark_ll is -0.28268258085785675, time_ll is 0.6657129231590089[0m
[38;20m2026-09-29 16:01:56,854 - tpp_runner.py[pid:26644;line:136:_train_model] - INFO: [ Epoch 209 (test) ]: test loglike is 0.4476857432710645, num_events is 14420, mark_ll is -0.24712665785367546, time_ll is 0.69481240112474[0m
[31;1m2026-09-29 16:01:56,854 - tpp_runner.py[pid:26644;line:140:_train_model] - CRITICAL: current best loglike on valid set is 0.4848 (updated at epoch-71)[0m
[38;20m2026-09-29 16:02:02,094 - tpp_runner.py[pid:26644;line:104:_train_model] - INFO: [ Epoch 210 (train) ]: train loglike is 0.6142464992090567, num_events is 50454, mark_ll is -0.17015674433952213, time_ll is 0.784403272581832[0m
[38;20m2026-09-29 16:02:02,200 - tpp_runner.py[pid:26644;line:116:_train_model] - INFO: [ Epoch 210 (valid) ]:  valid loglike is 0.3876853489597793, num_events is 7204, mark_ll is -0.27957732832345744, time_ll is 0.6672626942280331[0m
[38;20m2026-09-29 16:02:02,410 - tpp_runner.py[pid:26644;line:136:_train_model] - INFO: [ Epoch 210 (test) ]: test loglike is 0.4424737811253901, num_events is 14420, mark_ll is -0.24766161703038314, time_ll is 0.6901353981557732[0m
[31;1m2026-09-29 16:02:02,410 - tpp_runner.py[pid:26644;line:140:_train_model] - CRITICAL: current best loglike on valid set is 0.4848 (updated at epoch-71)[0m
[38;20m2026-09-29 16:02:07,632 - tpp_runner.py[pid:26644;line:104:_train_model] - INFO: [ Epoch 211 (train) ]: train loglike is 0.6175342538190728, num_events is 50454, mark_ll is -0.16965374323021962, time_ll is 0.7871879970492924[0m
[38;20m2026-09-29 16:02:07,741 - tpp_runner.py[pid:26644;line:116:_train_model] - INFO: [ Epoch 211 (valid) ]:  valid loglike is 0.377729738903734, num_events is 7204, mark_ll is -0.28217013632834187, time_ll is 0.6598999091216685[0m
[38;20m2026-09-29 16:02:07,943 - tpp_runner.py[pid:26644;line:136:_train_model] - INFO: [ Epoch 211 (test) ]: test loglike is 0.4431028072447122, num_events is 14420, mark_ll is -0.24801142212421984, time_ll is 0.6911142293689321[0m
[31;1m2026-09-29 16:02:07,943 - tpp_runner.py[pid:26644;line:140:_train_model] - CRITICAL: current best loglike on valid set is 0.4848 (updated at epoch-71)[0m
[38;20m2026-09-29 16:02:13,169 - tpp_runner.py[pid:26644;line:104:_train_model] - INFO: [ Epoch 212 (train) ]: train loglike is 0.6157882810796715, num_events is 50454, mark_ll is -0.16993136887375135, time_ll is 0.7857196499534229[0m
[38;20m2026-09-29 16:02:13,281 - tpp_runner.py[pid:26644;line:116:_train_model] - INFO: [ Epoch 212 (valid) ]:  valid loglike is 0.37812492544289633, num_events is 7204, mark_ll is -0.28451119549469045, time_ll is 0.6626361548271793[0m
[38;20m2026-09-29 16:02:13,486 - tpp_runner.py[pid:26644;line:136:_train_model] - INFO: [ Epoch 212 (test) ]: test loglike is 0.4402078276699029, num_events is 14420, mark_ll is -0.25081230089502426, time_ll is 0.6910200947035368[0m
[31;1m2026-09-29 16:02:13,486 - tpp_runner.py[pid:26644;line:140:_train_model] - CRITICAL: current best loglike on valid set is 0.4848 (updated at epoch-71)[0m
[38;20m2026-09-29 16:02:18,699 - tpp_runner.py[pid:26644;line:104:_train_model] - INFO: [ Epoch 213 (train) ]: train loglike is 0.6187950083166721, num_events is 50454, mark_ll is -0.16905737601794457, time_ll is 0.7878523843346167[0m
[38;20m2026-09-29 16:02:18,817 - tpp_runner.py[pid:26644;line:116:_train_model] - INFO: [ Epoch 213 (valid) ]:  valid loglike is 0.38706699945342865, num_events is 7204, mark_ll is -0.2818546750557416, time_ll is 0.6689216575643739[0m
[38;20m2026-09-29 16:02:19,026 - tpp_runner.py[pid:26644;line:136:_train_model] - INFO: [ Epoch 213 (test) ]: test loglike is 0.43970288661581136, num_events is 14420, mark_ll is -0.24978685947793863, time_ll is 0.6894897630244452[0m
[31;1m2026-09-29 16:02:19,026 - tpp_runner.py[pid:26644;line:140:_train_model] - CRITICAL: current best loglike on valid set is 0.4848 (updated at epoch-71)[0m
[38;20m2026-09-29 16:02:24,242 - tpp_runner.py[pid:26644;line:104:_train_model] - INFO: [ Epoch 214 (train) ]: train loglike is 0.6157671448714424, num_events is 50454, mark_ll is -0.17080224307429168, time_ll is 0.7865694048817983[0m
[38;20m2026-09-29 16:02:24,350 - tpp_runner.py[pid:26644;line:116:_train_model] - INFO: [ Epoch 214 (valid) ]:  valid loglike is 0.3807011106026166, num_events is 7204, mark_ll is -0.28120180899934066, time_ll is 0.6619029196019572[0m
[38;20m2026-09-29 16:02:24,556 - tpp_runner.py[pid:26644;line:136:_train_model] - INFO: [ Epoch 214 (test) ]: test loglike is 0.4430586181302011, num_events is 14420, mark_ll is -0.2474620633912318, time_ll is 0.6905206391946949[0m
[31;1m2026-09-29 16:02:24,556 - tpp_runner.py[pid:26644;line:140:_train_model] - CRITICAL: current best loglike on valid set is 0.4848 (updated at epoch-71)[0m
[38;20m2026-09-29 16:02:29,783 - tpp_runner.py[pid:26644;line:104:_train_model] - INFO: [ Epoch 215 (train) ]: train loglike is 0.6190234177573879, num_events is 50454, mark_ll is -0.16830555751046125, time_ll is 0.7873289776872869[0m
[38;20m2026-09-29 16:02:29,878 - tpp_runner.py[pid:26644;line:116:_train_model] - INFO: [ Epoch 215 (valid) ]:  valid loglike is 0.3826477288008398, num_events is 7204, mark_ll is -0.28097569763759717, time_ll is 0.663623426438437[0m
[38;20m2026-09-29 16:02:30,215 - tpp_runner.py[pid:26644;line:136:_train_model] - INFO: [ Epoch 215 (test) ]: test loglike is 0.44369030236867196, num_events is 14420, mark_ll is -0.24855826664896843, time_ll is 0.6922485859483356[0m
[31;1m2026-09-29 16:02:30,217 - tpp_runner.py[pid:26644;line:140:_train_model] - CRITICAL: current best loglike on valid set is 0.4848 (updated at epoch-71)[0m
[38;20m2026-09-29 16:02:35,471 - tpp_runner.py[pid:26644;line:104:_train_model] - INFO: [ Epoch 216 (train) ]: train loglike is 0.6194073438181313, num_events is 50454, mark_ll is -0.16881630324001815, time_ll is 0.788223642219274[0m
[38;20m2026-09-29 16:02:35,567 - tpp_runner.py[pid:26644;line:116:_train_model] - INFO: [ Epoch 216 (valid) ]:  valid loglike is 0.3770986469105705, num_events is 7204, mark_ll is -0.2839683858902172, time_ll is 0.6610669989111951[0m
[38;20m2026-09-29 16:02:35,782 - tpp_runner.py[pid:26644;line:136:_train_model] - INFO: [ Epoch 216 (test) ]: test loglike is 0.4393094680511009, num_events is 14420, mark_ll is -0.25008230010944, time_ll is 0.6893918020219314[0m
[31;1m2026-09-29 16:02:35,782 - tpp_runner.py[pid:26644;line:140:_train_model] - CRITICAL: current best loglike on valid set is 0.4848 (updated at epoch-71)[0m
[38;20m2026-09-29 16:02:40,992 - tpp_runner.py[pid:26644;line:104:_train_model] - INFO: [ Epoch 217 (train) ]: train loglike is 0.615520260604028, num_events is 50454, mark_ll is -0.16981496004559846, time_ll is 0.7853352109718754[0m
[38;20m2026-09-29 16:02:41,098 - tpp_runner.py[pid:26644;line:116:_train_model] - INFO: [ Epoch 217 (valid) ]:  valid loglike is 0.3736421456937986, num_events is 7204, mark_ll is -0.2829324996583929, time_ll is 0.6565746622969878[0m
[38;20m2026-09-29 16:02:41,317 - tpp_runner.py[pid:26644;line:136:_train_model] - INFO: [ Epoch 217 (test) ]: test loglike is 0.4403510274900312, num_events is 14420, mark_ll is -0.24918266222314928, time_ll is 0.6895336643171377[0m
[31;1m2026-09-29 16:02:41,321 - tpp_runner.py[pid:26644;line:140:_train_model] - CRITICAL: current best loglike on valid set is 0.4848 (updated at epoch-71)[0m
[38;20m2026-09-29 16:02:46,572 - tpp_runner.py[pid:26644;line:104:_train_model] - INFO: [ Epoch 218 (train) ]: train loglike is 0.6197543105477267, num_events is 50454, mark_ll is -0.16905335370267657, time_ll is 0.788807665460122[0m
[38;20m2026-09-29 16:02:46,674 - tpp_runner.py[pid:26644;line:116:_train_model] - INFO: [ Epoch 218 (valid) ]:  valid loglike is 0.37190625298228414, num_events is 7204, mark_ll is -0.28553554232023876, time_ll is 0.6574418291921155[0m
[38;20m2026-09-29 16:02:46,893 - tpp_runner.py[pid:26644;line:136:_train_model] - INFO: [ Epoch 218 (test) ]: test loglike is 0.4386903971805652, num_events is 14420, mark_ll is -0.24976352051458478, time_ll is 0.6884539092298023[0m
[31;1m2026-09-29 16:02:46,893 - tpp_runner.py[pid:26644;line:140:_train_model] - CRITICAL: current best loglike on valid set is 0.4848 (updated at epoch-71)[0m
[38;20m2026-09-29 16:02:52,104 - tpp_runner.py[pid:26644;line:104:_train_model] - INFO: [ Epoch 219 (train) ]: train loglike is 0.6175496704764488, num_events is 50454, mark_ll is -0.17013574845868265, time_ll is 0.787685404418505[0m
[38;20m2026-09-29 16:02:52,220 - tpp_runner.py[pid:26644;line:116:_train_model] - INFO: [ Epoch 219 (valid) ]:  valid loglike is 0.37939141340748195, num_events is 7204, mark_ll is -0.2810307343359592, time_ll is 0.660422079964256[0m
[38;20m2026-09-29 16:02:52,422 - tpp_runner.py[pid:26644;line:136:_train_model] - INFO: [ Epoch 219 (test) ]: test loglike is 0.4389620163238991, num_events is 14420, mark_ll is -0.2479524863741765, time_ll is 0.6869145026980756[0m
[31;1m2026-09-29 16:02:52,422 - tpp_runner.py[pid:26644;line:140:_train_model] - CRITICAL: current best loglike on valid set is 0.4848 (updated at epoch-71)[0m
[38;20m2026-09-29 16:02:57,651 - tpp_runner.py[pid:26644;line:104:_train_model] - INFO: [ Epoch 220 (train) ]: train loglike is 0.618637154519773, num_events is 50454, mark_ll is -0.16902748749363591, time_ll is 0.7876646553203165[0m
[38;20m2026-09-29 16:02:57,754 - tpp_runner.py[pid:26644;line:116:_train_model] - INFO: [ Epoch 220 (valid) ]:  valid loglike is 0.3700566606876388, num_events is 7204, mark_ll is -0.28636573566985357, time_ll is 0.6564223624678998[0m
[38;20m2026-09-29 16:02:57,979 - tpp_runner.py[pid:26644;line:136:_train_model] - INFO: [ Epoch 220 (test) ]: test loglike is 0.43551233638176146, num_events is 14420, mark_ll is -0.25098027032225206, time_ll is 0.6864925897733183[0m
[31;1m2026-09-29 16:02:57,981 - tpp_runner.py[pid:26644;line:140:_train_model] - CRITICAL: current best loglike on valid set is 0.4848 (updated at epoch-71)[0m
[38;20m2026-09-29 16:03:03,193 - tpp_runner.py[pid:26644;line:104:_train_model] - INFO: [ Epoch 221 (train) ]: train loglike is 0.6257774814837526, num_events is 50454, mark_ll is -0.16674181682278041, time_ll is 0.7925192862093442[0m
[38;20m2026-09-29 16:03:03,304 - tpp_runner.py[pid:26644;line:116:_train_model] - INFO: [ Epoch 221 (valid) ]:  valid loglike is 0.3704600823977998, num_events is 7204, mark_ll is -0.28716264943954745, time_ll is 0.6576226640581622[0m
[38;20m2026-09-29 16:03:03,511 - tpp_runner.py[pid:26644;line:136:_train_model] - INFO: [ Epoch 221 (test) ]: test loglike is 0.4359093950459431, num_events is 14420, mark_ll is -0.2509669881918559, time_ll is 0.6868764086338419[0m
[31;1m2026-09-29 16:03:03,511 - tpp_runner.py[pid:26644;line:140:_train_model] - CRITICAL: current best loglike on valid set is 0.4848 (updated at epoch-71)[0m
[38;20m2026-09-29 16:03:08,728 - tpp_runner.py[pid:26644;line:104:_train_model] - INFO: [ Epoch 222 (train) ]: train loglike is 0.6200856864204275, num_events is 50454, mark_ll is -0.1697047425586611, time_ll is 0.7897904604317795[0m
[38;20m2026-09-29 16:03:08,836 - tpp_runner.py[pid:26644;line:116:_train_model] - INFO: [ Epoch 222 (valid) ]:  valid loglike is 0.3761736982600812, num_events is 7204, mark_ll is -0.28291048836800736, time_ll is 0.6590841866280885[0m
[38;20m2026-09-29 16:03:09,064 - tpp_runner.py[pid:26644;line:136:_train_model] - INFO: [ Epoch 222 (test) ]: test loglike is 0.4347999943112864, num_events is 14420, mark_ll is -0.24913309761290742, time_ll is 0.6839330749934986[0m
[31;1m2026-09-29 16:03:09,064 - tpp_runner.py[pid:26644;line:140:_train_model] - CRITICAL: current best loglike on valid set is 0.4848 (updated at epoch-71)[0m
[38;20m2026-09-29 16:03:14,285 - tpp_runner.py[pid:26644;line:104:_train_model] - INFO: [ Epoch 223 (train) ]: train loglike is 0.6212505392442869, num_events is 50454, mark_ll is -0.16894686335960107, time_ll is 0.7901974195399523[0m
[38;20m2026-09-29 16:03:14,388 - tpp_runner.py[pid:26644;line:116:_train_model] - INFO: [ Epoch 223 (valid) ]:  valid loglike is 0.377653012866116, num_events is 7204, mark_ll is -0.28370880855579367, time_ll is 0.661361838366706[0m
[38;20m2026-09-29 16:03:14,595 - tpp_runner.py[pid:26644;line:136:_train_model] - INFO: [ Epoch 223 (test) ]: test loglike is 0.4361000346740638, num_events is 14420, mark_ll is -0.25015441640570824, time_ll is 0.686254408753034[0m
[31;1m2026-09-29 16:03:14,595 - tpp_runner.py[pid:26644;line:140:_train_model] - CRITICAL: current best loglike on valid set is 0.4848 (updated at epoch-71)[0m
[38;20m2026-09-29 16:03:19,838 - tpp_runner.py[pid:26644;line:104:_train_model] - INFO: [ Epoch 224 (train) ]: train loglike is 0.6216315668185997, num_events is 50454, mark_ll is -0.168889999314041, time_ll is 0.7905215661326406[0m
[38;20m2026-09-29 16:03:19,932 - tpp_runner.py[pid:26644;line:116:_train_model] - INFO: [ Epoch 224 (valid) ]:  valid loglike is 0.370219296842466, num_events is 7204, mark_ll is -0.28285458748503434, time_ll is 0.653073867382704[0m
[38;20m2026-09-29 16:03:20,154 - tpp_runner.py[pid:26644;line:136:_train_model] - INFO: [ Epoch 224 (test) ]: test loglike is 0.43524356159522365, num_events is 14420, mark_ll is -0.2514864134557039, time_ll is 0.6867299919816228[0m
[31;1m2026-09-29 16:03:20,154 - tpp_runner.py[pid:26644;line:140:_train_model] - CRITICAL: current best loglike on valid set is 0.4848 (updated at epoch-71)[0m
[38;20m2026-09-29 16:03:25,367 - tpp_runner.py[pid:26644;line:104:_train_model] - INFO: [ Epoch 225 (train) ]: train loglike is 0.6220803483278085, num_events is 50454, mark_ll is -0.1688166238155207, time_ll is 0.7908969902891123[0m
[38;20m2026-09-29 16:03:25,479 - tpp_runner.py[pid:26644;line:116:_train_model] - INFO: [ Epoch 225 (valid) ]:  valid loglike is 0.36909616185452526, num_events is 7204, mark_ll is -0.28458175362645755, time_ll is 0.6536778477017976[0m
[38;20m2026-09-29 16:03:25,687 - tpp_runner.py[pid:26644;line:136:_train_model] - INFO: [ Epoch 225 (test) ]: test loglike is 0.4365041195767597, num_events is 14420, mark_ll is -0.2518953743986217, time_ll is 0.6883994770446862[0m
[31;1m2026-09-29 16:03:25,687 - tpp_runner.py[pid:26644;line:140:_train_model] - CRITICAL: current best loglike on valid set is 0.4848 (updated at epoch-71)[0m
[38;20m2026-09-29 16:03:30,924 - tpp_runner.py[pid:26644;line:104:_train_model] - INFO: [ Epoch 226 (train) ]: train loglike is 0.619113556330395, num_events is 50454, mark_ll is -0.16928838393480944, time_ll is 0.7884019305874534[0m
[38;20m2026-09-29 16:03:31,016 - tpp_runner.py[pid:26644;line:116:_train_model] - INFO: [ Epoch 226 (valid) ]:  valid loglike is 0.3672026825374792, num_events is 7204, mark_ll is -0.28573108526946833, time_ll is 0.6529337000277624[0m
[38;20m2026-09-29 16:03:31,237 - tpp_runner.py[pid:26644;line:136:_train_model] - INFO: [ Epoch 226 (test) ]: test loglike is 0.43090305619365465, num_events is 14420, mark_ll is -0.25073699316270803, time_ll is 0.6816400493563627[0m
[31;1m2026-09-29 16:03:31,237 - tpp_runner.py[pid:26644;line:140:_train_model] - CRITICAL: current best loglike on valid set is 0.4848 (updated at epoch-71)[0m
[38;20m2026-09-29 16:03:36,442 - tpp_runner.py[pid:26644;line:104:_train_model] - INFO: [ Epoch 227 (train) ]: train loglike is 0.6225632632648676, num_events is 50454, mark_ll is -0.16748264866341742, time_ll is 0.7900459191865982[0m
[38;20m2026-09-29 16:03:36,556 - tpp_runner.py[pid:26644;line:116:_train_model] - INFO: [ Epoch 227 (valid) ]:  valid loglike is 0.36889600992070376, num_events is 7204, mark_ll is -0.2865568729720468, time_ll is 0.6554529167823432[0m
[38;20m2026-09-29 16:03:36,776 - tpp_runner.py[pid:26644;line:136:_train_model] - INFO: [ Epoch 227 (test) ]: test loglike is 0.43428955078125, num_events is 14420, mark_ll is -0.25186772657333567, time_ll is 0.6861572773545856[0m
[31;1m2026-09-29 16:03:36,776 - tpp_runner.py[pid:26644;line:140:_train_model] - CRITICAL: current best loglike on valid set is 0.4848 (updated at epoch-71)[0m
[38;20m2026-09-29 16:03:42,028 - tpp_runner.py[pid:26644;line:104:_train_model] - INFO: [ Epoch 228 (train) ]: train loglike is 0.6208859202968298, num_events is 50454, mark_ll is -0.16842278047941875, time_ll is 0.7893086777915899[0m
[38;20m2026-09-29 16:03:42,139 - tpp_runner.py[pid:26644;line:116:_train_model] - INFO: [ Epoch 228 (valid) ]:  valid loglike is 0.3766362911988999, num_events is 7204, mark_ll is -0.2848946223452249, time_ll is 0.661530811875347[0m
[38;20m2026-09-29 16:03:42,346 - tpp_runner.py[pid:26644;line:136:_train_model] - INFO: [ Epoch 228 (test) ]: test loglike is 0.43030015413704925, num_events is 14420, mark_ll is -0.2514597645414355, time_ll is 0.6817599186784847[0m
[31;1m2026-09-29 16:03:42,346 - tpp_runner.py[pid:26644;line:140:_train_model] - CRITICAL: current best loglike on valid set is 0.4848 (updated at epoch-71)[0m
[38;20m2026-09-29 16:03:47,568 - tpp_runner.py[pid:26644;line:104:_train_model] - INFO: [ Epoch 229 (train) ]: train loglike is 0.6253493861673505, num_events is 50454, mark_ll is -0.1664243599754851, time_ll is 0.7917737558205866[0m
[38;20m2026-09-29 16:03:47,670 - tpp_runner.py[pid:26644;line:116:_train_model] - INFO: [ Epoch 229 (valid) ]:  valid loglike is 0.37221542773545946, num_events is 7204, mark_ll is -0.28487876201589396, time_ll is 0.6570941897513534[0m
[38;20m2026-09-29 16:03:47,875 - tpp_runner.py[pid:26644;line:136:_train_model] - INFO: [ Epoch 229 (test) ]: test loglike is 0.4326337626506155, num_events is 14420, mark_ll is -0.2536815542784544, time_ll is 0.6863153423251127[0m
[31;1m2026-09-29 16:03:47,875 - tpp_runner.py[pid:26644;line:140:_train_model] - CRITICAL: current best loglike on valid set is 0.4848 (updated at epoch-71)[0m
[38;20m2026-09-29 16:03:53,113 - tpp_runner.py[pid:26644;line:104:_train_model] - INFO: [ Epoch 230 (train) ]: train loglike is 0.6241568888477004, num_events is 50454, mark_ll is -0.1674234813131144, time_ll is 0.7915803798385658[0m
[38;20m2026-09-29 16:03:53,225 - tpp_runner.py[pid:26644;line:116:_train_model] - INFO: [ Epoch 230 (valid) ]:  valid loglike is 0.3699184928186598, num_events is 7204, mark_ll is -0.28768319358169075, time_ll is 0.6576017202899431[0m
[38;20m2026-09-29 16:03:53,435 - tpp_runner.py[pid:26644;line:136:_train_model] - INFO: [ Epoch 230 (test) ]: test loglike is 0.4347891417356536, num_events is 14420, mark_ll is -0.25308358751950416, time_ll is 0.6878727292551577[0m
[31;1m2026-09-29 16:03:53,437 - tpp_runner.py[pid:26644;line:140:_train_model] - CRITICAL: current best loglike on valid set is 0.4848 (updated at epoch-71)[0m
[38;20m2026-09-29 16:03:58,664 - tpp_runner.py[pid:26644;line:104:_train_model] - INFO: [ Epoch 231 (train) ]: train loglike is 0.6227725833416949, num_events is 50454, mark_ll is -0.16785083386212565, time_ll is 0.7906234438176358[0m
[38;20m2026-09-29 16:03:58,759 - tpp_runner.py[pid:26644;line:116:_train_model] - INFO: [ Epoch 231 (valid) ]:  valid loglike is 0.36743075949559273, num_events is 7204, mark_ll is -0.2889849945017525, time_ll is 0.6564157878869378[0m
[38;20m2026-09-29 16:03:58,967 - tpp_runner.py[pid:26644;line:136:_train_model] - INFO: [ Epoch 231 (test) ]: test loglike is 0.4325559322447122, num_events is 14420, mark_ll is -0.25344033419837897, time_ll is 0.6859962325817007[0m
[31;1m2026-09-29 16:03:58,967 - tpp_runner.py[pid:26644;line:140:_train_model] - CRITICAL: current best loglike on valid set is 0.4848 (updated at epoch-71)[0m
[38;20m2026-09-29 16:04:04,189 - tpp_runner.py[pid:26644;line:104:_train_model] - INFO: [ Epoch 232 (train) ]: train loglike is 0.6226170860771693, num_events is 50454, mark_ll is -0.16739067131771637, time_ll is 0.7900077259421948[0m
[38;20m2026-09-29 16:04:04,301 - tpp_runner.py[pid:26644;line:116:_train_model] - INFO: [ Epoch 232 (valid) ]:  valid loglike is 0.3685325101506108, num_events is 7204, mark_ll is -0.2896037845728068, time_ll is 0.6581362947234175[0m
[38;20m2026-09-29 16:04:04,525 - tpp_runner.py[pid:26644;line:136:_train_model] - INFO: [ Epoch 232 (test) ]: test loglike is 0.4277728246088332, num_events is 14420, mark_ll is -0.2541196444824896, time_ll is 0.6818924352299324[0m
[31;1m2026-09-29 16:04:04,525 - tpp_runner.py[pid:26644;line:140:_train_model] - CRITICAL: current best loglike on valid set is 0.4848 (updated at epoch-71)[0m
[38;20m2026-09-29 16:04:09,778 - tpp_runner.py[pid:26644;line:104:_train_model] - INFO: [ Epoch 233 (train) ]: train loglike is 0.624394559896143, num_events is 50454, mark_ll is -0.16753180679972723, time_ll is 0.791926359437557[0m
[38;20m2026-09-29 16:04:09,873 - tpp_runner.py[pid:26644;line:116:_train_model] - INFO: [ Epoch 233 (valid) ]:  valid loglike is 0.3649842698067046, num_events is 7204, mark_ll is -0.2888804451086202, time_ll is 0.6538647149153248[0m
[38;20m2026-09-29 16:04:10,095 - tpp_runner.py[pid:26644;line:136:_train_model] - INFO: [ Epoch 233 (test) ]: test loglike is 0.4347481186611477, num_events is 14420, mark_ll is -0.25327471813778607, time_ll is 0.6880228198682385[0m
[31;1m2026-09-29 16:04:10,095 - tpp_runner.py[pid:26644;line:140:_train_model] - CRITICAL: current best loglike on valid set is 0.4848 (updated at epoch-71)[0m
[38;20m2026-09-29 16:04:15,330 - tpp_runner.py[pid:26644;line:104:_train_model] - INFO: [ Epoch 234 (train) ]: train loglike is 0.6251171201428529, num_events is 50454, mark_ll is -0.16684177589363577, time_ll is 0.7919589008753642[0m
[38;20m2026-09-29 16:04:15,433 - tpp_runner.py[pid:26644;line:116:_train_model] - INFO: [ Epoch 234 (valid) ]:  valid loglike is 0.3718890709588423, num_events is 7204, mark_ll is -0.2869984204738687, time_ll is 0.6588874236535258[0m
[38;20m2026-09-29 16:04:15,640 - tpp_runner.py[pid:26644;line:136:_train_model] - INFO: [ Epoch 234 (test) ]: test loglike is 0.4347208602418516, num_events is 14420, mark_ll is -0.2526510759795423, time_ll is 0.6873718854293083[0m
[31;1m2026-09-29 16:04:15,640 - tpp_runner.py[pid:26644;line:140:_train_model] - CRITICAL: current best loglike on valid set is 0.4848 (updated at epoch-71)[0m
[38;20m2026-09-29 16:04:20,887 - tpp_runner.py[pid:26644;line:104:_train_model] - INFO: [ Epoch 235 (train) ]: train loglike is 0.6253108154906574, num_events is 50454, mark_ll is -0.16708558263622558, time_ll is 0.7923963787713809[0m
[38;20m2026-09-29 16:04:20,982 - tpp_runner.py[pid:26644;line:116:_train_model] - INFO: [ Epoch 235 (valid) ]:  valid loglike is 0.37344812777623543, num_events is 7204, mark_ll is -0.28609051828845083, time_ll is 0.6595386460646863[0m
[38;20m2026-09-29 16:04:21,204 - tpp_runner.py[pid:26644;line:136:_train_model] - INFO: [ Epoch 235 (test) ]: test loglike is 0.43389222122594484, num_events is 14420, mark_ll is -0.25212060343706655, time_ll is 0.686012790801621[0m
[31;1m2026-09-29 16:04:21,204 - tpp_runner.py[pid:26644;line:140:_train_model] - CRITICAL: current best loglike on valid set is 0.4848 (updated at epoch-71)[0m
[38;20m2026-09-29 16:04:26,470 - tpp_runner.py[pid:26644;line:104:_train_model] - INFO: [ Epoch 236 (train) ]: train loglike is 0.6255851265044645, num_events is 50454, mark_ll is -0.16703430991131774, time_ll is 0.7926194412546577[0m
[38;20m2026-09-29 16:04:26,579 - tpp_runner.py[pid:26644;line:116:_train_model] - INFO: [ Epoch 236 (valid) ]:  valid loglike is 0.3623415593767351, num_events is 7204, mark_ll is -0.2875551587008953, time_ll is 0.6498966502984453[0m
[38;20m2026-09-29 16:04:26,785 - tpp_runner.py[pid:26644;line:136:_train_model] - INFO: [ Epoch 236 (test) ]: test loglike is 0.43183871413401526, num_events is 14420, mark_ll is -0.25239770812565016, time_ll is 0.6842364391903606[0m
[31;1m2026-09-29 16:04:26,785 - tpp_runner.py[pid:26644;line:140:_train_model] - CRITICAL: current best loglike on valid set is 0.4848 (updated at epoch-71)[0m
[38;20m2026-09-29 16:04:32,048 - tpp_runner.py[pid:26644;line:104:_train_model] - INFO: [ Epoch 237 (train) ]: train loglike is 0.624492556802979, num_events is 50454, mark_ll is -0.16838211577934853, time_ll is 0.7928746629045764[0m
[38;20m2026-09-29 16:04:32,143 - tpp_runner.py[pid:26644;line:116:_train_model] - INFO: [ Epoch 237 (valid) ]:  valid loglike is 0.36981184227078706, num_events is 7204, mark_ll is -0.28865860383554276, time_ll is 0.6584704461063298[0m
[38;20m2026-09-29 16:04:32,363 - tpp_runner.py[pid:26644;line:136:_train_model] - INFO: [ Epoch 237 (test) ]: test loglike is 0.4277993719389303, num_events is 14420, mark_ll is -0.2528557596193438, time_ll is 0.6806551230929265[0m
[31;1m2026-09-29 16:04:32,363 - tpp_runner.py[pid:26644;line:140:_train_model] - CRITICAL: current best loglike on valid set is 0.4848 (updated at epoch-71)[0m
[38;20m2026-09-29 16:04:37,582 - tpp_runner.py[pid:26644;line:104:_train_model] - INFO: [ Epoch 238 (train) ]: train loglike is 0.6266008403462189, num_events is 50454, mark_ll is -0.16739348996270118, time_ll is 0.79399433030892[0m
[38;20m2026-09-29 16:04:37,684 - tpp_runner.py[pid:26644;line:116:_train_model] - INFO: [ Epoch 238 (valid) ]:  valid loglike is 0.36825610663346753, num_events is 7204, mark_ll is -0.2881324679106226, time_ll is 0.6563885406544975[0m
[38;20m2026-09-29 16:04:38,038 - tpp_runner.py[pid:26644;line:136:_train_model] - INFO: [ Epoch 238 (test) ]: test loglike is 0.4325641774932819, num_events is 14420, mark_ll is -0.2540383771454577, time_ll is 0.6866025546387396[0m
[31;1m2026-09-29 16:04:38,038 - tpp_runner.py[pid:26644;line:140:_train_model] - CRITICAL: current best loglike on valid set is 0.4848 (updated at epoch-71)[0m
[38;20m2026-09-29 16:04:43,240 - tpp_runner.py[pid:26644;line:104:_train_model] - INFO: [ Epoch 239 (train) ]: train loglike is 0.6253708707746165, num_events is 50454, mark_ll is -0.16791396909034714, time_ll is 0.7932848592204657[0m
[38;20m2026-09-29 16:04:43,350 - tpp_runner.py[pid:26644;line:116:_train_model] - INFO: [ Epoch 239 (valid) ]:  valid loglike is 0.3663818766050111, num_events is 7204, mark_ll is -0.2884576724410918, time_ll is 0.6548395151565103[0m
[38;20m2026-09-29 16:04:43,556 - tpp_runner.py[pid:26644;line:136:_train_model] - INFO: [ Epoch 239 (test) ]: test loglike is 0.42774338212985435, num_events is 14420, mark_ll is -0.25358013941411667, time_ll is 0.6813235130786235[0m
[31;1m2026-09-29 16:04:43,556 - tpp_runner.py[pid:26644;line:140:_train_model] - CRITICAL: current best loglike on valid set is 0.4848 (updated at epoch-71)[0m
[38;20m2026-09-29 16:04:48,787 - tpp_runner.py[pid:26644;line:104:_train_model] - INFO: [ Epoch 240 (train) ]: train loglike is 0.6234857755254167, num_events is 50454, mark_ll is -0.16811778857543816, time_ll is 0.7916035967632645[0m
[38;20m2026-09-29 16:04:48,882 - tpp_runner.py[pid:26644;line:116:_train_model] - INFO: [ Epoch 240 (valid) ]:  valid loglike is 0.3665585769407621, num_events is 7204, mark_ll is -0.28831476002915046, time_ll is 0.6548733369699126[0m
[38;20m2026-09-29 16:04:49,105 - tpp_runner.py[pid:26644;line:136:_train_model] - INFO: [ Epoch 240 (test) ]: test loglike is 0.43234155578190014, num_events is 14420, mark_ll is -0.2523160683133235, time_ll is 0.6846576410259189[0m
[31;1m2026-09-29 16:04:49,105 - tpp_runner.py[pid:26644;line:140:_train_model] - CRITICAL: current best loglike on valid set is 0.4848 (updated at epoch-71)[0m
[38;20m2026-09-29 16:04:54,334 - tpp_runner.py[pid:26644;line:104:_train_model] - INFO: [ Epoch 241 (train) ]: train loglike is 0.6223671194460548, num_events is 50454, mark_ll is -0.16730388608543798, time_ll is 0.7896709885954285[0m
[38;20m2026-09-29 16:04:54,429 - tpp_runner.py[pid:26644;line:116:_train_model] - INFO: [ Epoch 241 (valid) ]:  valid loglike is 0.37362760705857856, num_events is 7204, mark_ll is -0.28764571169228903, time_ll is 0.6612733865300527[0m
[38;20m2026-09-29 16:04:54,636 - tpp_runner.py[pid:26644;line:136:_train_model] - INFO: [ Epoch 241 (test) ]: test loglike is 0.4373829073118932, num_events is 14420, mark_ll is -0.25156304178224687, time_ll is 0.6889459490941401[0m
[31;1m2026-09-29 16:04:54,636 - tpp_runner.py[pid:26644;line:140:_train_model] - CRITICAL: current best loglike on valid set is 0.4848 (updated at epoch-71)[0m
[38;20m2026-09-29 16:04:59,934 - tpp_runner.py[pid:26644;line:104:_train_model] - INFO: [ Epoch 242 (train) ]: train loglike is 0.6246713145420829, num_events is 50454, mark_ll is -0.16691640708035105, time_ll is 0.7915877155738396[0m
[38;20m2026-09-29 16:05:00,029 - tpp_runner.py[pid:26644;line:116:_train_model] - INFO: [ Epoch 242 (valid) ]:  valid loglike is 0.3725839092756628, num_events is 7204, mark_ll is -0.2870282094257531, time_ll is 0.6596121187014159[0m
[38;20m2026-09-29 16:05:00,235 - tpp_runner.py[pid:26644;line:136:_train_model] - INFO: [ Epoch 242 (test) ]: test loglike is 0.43660321493585297, num_events is 14420, mark_ll is -0.2515076953395891, time_ll is 0.6881108933447468[0m
[31;1m2026-09-29 16:05:00,235 - tpp_runner.py[pid:26644;line:140:_train_model] - CRITICAL: current best loglike on valid set is 0.4848 (updated at epoch-71)[0m
[38;20m2026-09-29 16:05:05,478 - tpp_runner.py[pid:26644;line:104:_train_model] - INFO: [ Epoch 243 (train) ]: train loglike is 0.6274073599219091, num_events is 50454, mark_ll is -0.1662806744060803, time_ll is 0.7936880198113628[0m
[38;20m2026-09-29 16:05:05,573 - tpp_runner.py[pid:26644;line:116:_train_model] - INFO: [ Epoch 243 (valid) ]:  valid loglike is 0.364754803375295, num_events is 7204, mark_ll is -0.2876158888508121, time_ll is 0.6523707261156996[0m
[38;20m2026-09-29 16:05:05,791 - tpp_runner.py[pid:26644;line:136:_train_model] - INFO: [ Epoch 243 (test) ]: test loglike is 0.4341979049280513, num_events is 14420, mark_ll is -0.2522387627589719, time_ll is 0.6864366846177185[0m
[31;1m2026-09-29 16:05:05,791 - tpp_runner.py[pid:26644;line:140:_train_model] - CRITICAL: current best loglike on valid set is 0.4848 (updated at epoch-71)[0m
[38;20m2026-09-29 16:05:11,000 - tpp_runner.py[pid:26644;line:104:_train_model] - INFO: [ Epoch 244 (train) ]: train loglike is 0.6258096406503945, num_events is 50454, mark_ll is -0.1659942468479952, time_ll is 0.7918039068538917[0m
[38;20m2026-09-29 16:05:11,111 - tpp_runner.py[pid:26644;line:116:_train_model] - INFO: [ Epoch 244 (valid) ]:  valid loglike is 0.3658134464685418, num_events is 7204, mark_ll is -0.2877013584033176, time_ll is 0.653514838761452[0m
[38;20m2026-09-29 16:05:11,351 - tpp_runner.py[pid:26644;line:136:_train_model] - INFO: [ Epoch 244 (test) ]: test loglike is 0.4322117650723821, num_events is 14420, mark_ll is -0.2516243139682299, time_ll is 0.6838360959713072[0m
[31;1m2026-09-29 16:05:11,351 - tpp_runner.py[pid:26644;line:140:_train_model] - CRITICAL: current best loglike on valid set is 0.4848 (updated at epoch-71)[0m
[38;20m2026-09-29 16:05:16,566 - tpp_runner.py[pid:26644;line:104:_train_model] - INFO: [ Epoch 245 (train) ]: train loglike is 0.6302888473829503, num_events is 50454, mark_ll is -0.16582953394506011, time_ll is 0.7961183837474481[0m
[38;20m2026-09-29 16:05:16,683 - tpp_runner.py[pid:26644;line:116:_train_model] - INFO: [ Epoch 245 (valid) ]:  valid loglike is 0.3642638448474806, num_events is 7204, mark_ll is -0.28893924355175943, time_ll is 0.6532030545096474[0m
[38;20m2026-09-29 16:05:16,883 - tpp_runner.py[pid:26644;line:136:_train_model] - INFO: [ Epoch 245 (test) ]: test loglike is 0.4310313908633842, num_events is 14420, mark_ll is -0.25270422143182214, time_ll is 0.6837355615031206[0m
[31;1m2026-09-29 16:05:16,883 - tpp_runner.py[pid:26644;line:140:_train_model] - CRITICAL: current best loglike on valid set is 0.4848 (updated at epoch-71)[0m
[38;20m2026-09-29 16:05:22,134 - tpp_runner.py[pid:26644;line:104:_train_model] - INFO: [ Epoch 246 (train) ]: train loglike is 0.6250296526291276, num_events is 50454, mark_ll is -0.16657608775598812, time_ll is 0.7916057549017422[0m
[38;20m2026-09-29 16:05:22,244 - tpp_runner.py[pid:26644;line:116:_train_model] - INFO: [ Epoch 246 (valid) ]:  valid loglike is 0.36477652660414356, num_events is 7204, mark_ll is -0.28756180106104245, time_ll is 0.652338327665186[0m
[38;20m2026-09-29 16:05:22,448 - tpp_runner.py[pid:26644;line:136:_train_model] - INFO: [ Epoch 246 (test) ]: test loglike is 0.43018546560766296, num_events is 14420, mark_ll is -0.25299177235935333, time_ll is 0.6831771871749307[0m
[31;1m2026-09-29 16:05:22,448 - tpp_runner.py[pid:26644;line:140:_train_model] - CRITICAL: current best loglike on valid set is 0.4848 (updated at epoch-71)[0m
[38;20m2026-09-29 16:05:27,696 - tpp_runner.py[pid:26644;line:104:_train_model] - INFO: [ Epoch 247 (train) ]: train loglike is 0.6280066207817393, num_events is 50454, mark_ll is -0.1662183218659726, time_ll is 0.794224931760242[0m
[38;20m2026-09-29 16:05:27,792 - tpp_runner.py[pid:26644;line:116:_train_model] - INFO: [ Epoch 247 (valid) ]:  valid loglike is 0.36858815686163937, num_events is 7204, mark_ll is -0.288912911338319, time_ll is 0.6575010681999583[0m
[38;20m2026-09-29 16:05:28,013 - tpp_runner.py[pid:26644;line:136:_train_model] - INFO: [ Epoch 247 (test) ]: test loglike is 0.4306300487333131, num_events is 14420, mark_ll is -0.25420809043429266, time_ll is 0.6848381222369105[0m
[31;1m2026-09-29 16:05:28,013 - tpp_runner.py[pid:26644;line:140:_train_model] - CRITICAL: current best loglike on valid set is 0.4848 (updated at epoch-71)[0m
[38;20m2026-09-29 16:05:33,253 - tpp_runner.py[pid:26644;line:104:_train_model] - INFO: [ Epoch 248 (train) ]: train loglike is 0.6284620218726463, num_events is 50454, mark_ll is -0.1657960416682151, time_ll is 0.794258068379737[0m
[38;20m2026-09-29 16:05:33,364 - tpp_runner.py[pid:26644;line:116:_train_model] - INFO: [ Epoch 248 (valid) ]:  valid loglike is 0.36483800232509717, num_events is 7204, mark_ll is -0.2886979157629442, time_ll is 0.6535359858672265[0m
[38;20m2026-09-29 16:05:33,576 - tpp_runner.py[pid:26644;line:136:_train_model] - INFO: [ Epoch 248 (test) ]: test loglike is 0.4307024105246619, num_events is 14420, mark_ll is -0.2544050282810333, time_ll is 0.6851074557363904[0m
[31;1m2026-09-29 16:05:33,576 - tpp_runner.py[pid:26644;line:140:_train_model] - CRITICAL: current best loglike on valid set is 0.4848 (updated at epoch-71)[0m
[38;20m2026-09-29 16:05:38,811 - tpp_runner.py[pid:26644;line:104:_train_model] - INFO: [ Epoch 249 (train) ]: train loglike is 0.6280098579894557, num_events is 50454, mark_ll is -0.16647875740425375, time_ll is 0.7944886069256774[0m
[38;20m2026-09-29 16:05:38,906 - tpp_runner.py[pid:26644;line:116:_train_model] - INFO: [ Epoch 249 (valid) ]:  valid loglike is 0.3599035420859939, num_events is 7204, mark_ll is -0.2884815646038659, time_ll is 0.6483850389106747[0m
[38;20m2026-09-29 16:05:39,113 - tpp_runner.py[pid:26644;line:136:_train_model] - INFO: [ Epoch 249 (test) ]: test loglike is 0.42297048370319, num_events is 14420, mark_ll is -0.25448763314298717, time_ll is 0.6774581337768724[0m
[31;1m2026-09-29 16:05:39,113 - tpp_runner.py[pid:26644;line:140:_train_model] - CRITICAL: current best loglike on valid set is 0.4848 (updated at epoch-71)[0m
[38;20m2026-09-29 16:05:44,368 - tpp_runner.py[pid:26644;line:104:_train_model] - INFO: [ Epoch 250 (train) ]: train loglike is 0.6274116858766153, num_events is 50454, mark_ll is -0.16543311632718666, time_ll is 0.7928447780094244[0m
[38;20m2026-09-29 16:05:44,464 - tpp_runner.py[pid:26644;line:116:_train_model] - INFO: [ Epoch 250 (valid) ]:  valid loglike is 0.3621340534013222, num_events is 7204, mark_ll is -0.2898927272392074, time_ll is 0.6520268145301221[0m
[38;20m2026-09-29 16:05:44,670 - tpp_runner.py[pid:26644;line:136:_train_model] - INFO: [ Epoch 250 (test) ]: test loglike is 0.43067655735306865, num_events is 14420, mark_ll is -0.2540884581419036, time_ll is 0.6847649985642771[0m
[31;1m2026-09-29 16:05:44,670 - tpp_runner.py[pid:26644;line:140:_train_model] - CRITICAL: current best loglike on valid set is 0.4848 (updated at epoch-71)[0m
[38;20m2026-09-29 16:05:49,911 - tpp_runner.py[pid:26644;line:104:_train_model] - INFO: [ Epoch 251 (train) ]: train loglike is 0.630156620270754, num_events is 50454, mark_ll is -0.16508970617109148, time_ll is 0.79524632160297[0m
[38;20m2026-09-29 16:05:50,023 - tpp_runner.py[pid:26644;line:116:_train_model] - INFO: [ Epoch 251 (valid) ]:  valid loglike is 0.3627662637510411, num_events is 7204, mark_ll is -0.2912926046402172, time_ll is 0.654058902280851[0m
[38;20m2026-09-29 16:05:50,245 - tpp_runner.py[pid:26644;line:136:_train_model] - INFO: [ Epoch 251 (test) ]: test loglike is 0.42682333429048197, num_events is 14420, mark_ll is -0.25527286185636267, time_ll is 0.6820961961468447[0m
[31;1m2026-09-29 16:05:50,245 - tpp_runner.py[pid:26644;line:140:_train_model] - CRITICAL: current best loglike on valid set is 0.4848 (updated at epoch-71)[0m
[38;20m2026-09-29 16:05:55,488 - tpp_runner.py[pid:26644;line:104:_train_model] - INFO: [ Epoch 252 (train) ]: train loglike is 0.6290958952090022, num_events is 50454, mark_ll is -0.1661090515889164, time_ll is 0.7952049395396054[0m
[38;20m2026-09-29 16:05:55,584 - tpp_runner.py[pid:26644;line:116:_train_model] - INFO: [ Epoch 252 (valid) ]:  valid loglike is 0.36480265548002844, num_events is 7204, mark_ll is -0.291778276391588, time_ll is 0.6565809657612091[0m
[38;20m2026-09-29 16:05:55,800 - tpp_runner.py[pid:26644;line:136:_train_model] - INFO: [ Epoch 252 (test) ]: test loglike is 0.42532175093186547, num_events is 14420, mark_ll is -0.25591232574928485, time_ll is 0.681234085146498[0m
[31;1m2026-09-29 16:05:55,800 - tpp_runner.py[pid:26644;line:140:_train_model] - CRITICAL: current best loglike on valid set is 0.4848 (updated at epoch-71)[0m
[38;20m2026-09-29 16:06:01,038 - tpp_runner.py[pid:26644;line:104:_train_model] - INFO: [ Epoch 253 (train) ]: train loglike is 0.6298438547132661, num_events is 50454, mark_ll is -0.16552489406927287, time_ll is 0.7953687354756312[0m
[38;20m2026-09-29 16:06:01,141 - tpp_runner.py[pid:26644;line:116:_train_model] - INFO: [ Epoch 253 (valid) ]:  valid loglike is 0.3601890280139506, num_events is 7204, mark_ll is -0.29160174550379997, time_ll is 0.6517908074073432[0m
[38;20m2026-09-29 16:06:01,344 - tpp_runner.py[pid:26644;line:136:_train_model] - INFO: [ Epoch 253 (test) ]: test loglike is 0.42814370841821253, num_events is 14420, mark_ll is -0.2542146764747313, time_ll is 0.6823583848929439[0m
[31;1m2026-09-29 16:06:01,344 - tpp_runner.py[pid:26644;line:140:_train_model] - CRITICAL: current best loglike on valid set is 0.4848 (updated at epoch-71)[0m
[38;20m2026-09-29 16:06:06,566 - tpp_runner.py[pid:26644;line:104:_train_model] - INFO: [ Epoch 254 (train) ]: train loglike is 0.6281888576723352, num_events is 50454, mark_ll is -0.16562315348510526, time_ll is 0.7938120208351914[0m
[38;20m2026-09-29 16:06:06,682 - tpp_runner.py[pid:26644;line:116:_train_model] - INFO: [ Epoch 254 (valid) ]:  valid loglike is 0.3553661323136452, num_events is 7204, mark_ll is -0.2915319668326624, time_ll is 0.6468980991463076[0m
[38;20m2026-09-29 16:06:06,895 - tpp_runner.py[pid:26644;line:136:_train_model] - INFO: [ Epoch 254 (test) ]: test loglike is 0.42635536987473993, num_events is 14420, mark_ll is -0.2545551527555045, time_ll is 0.6809105226302444[0m
[31;1m2026-09-29 16:06:06,895 - tpp_runner.py[pid:26644;line:140:_train_model] - CRITICAL: current best loglike on valid set is 0.4848 (updated at epoch-71)[0m
[38;20m2026-09-29 16:06:12,140 - tpp_runner.py[pid:26644;line:104:_train_model] - INFO: [ Epoch 255 (train) ]: train loglike is 0.6274590487901108, num_events is 50454, mark_ll is -0.16677123476644568, time_ll is 0.7942302835565564[0m
[38;20m2026-09-29 16:06:12,236 - tpp_runner.py[pid:26644;line:116:_train_model] - INFO: [ Epoch 255 (valid) ]:  valid loglike is 0.3572238920001041, num_events is 7204, mark_ll is -0.29081530361821556, time_ll is 0.6480392295079123[0m
[38;20m2026-09-29 16:06:12,457 - tpp_runner.py[pid:26644;line:136:_train_model] - INFO: [ Epoch 255 (test) ]: test loglike is 0.42683472864836164, num_events is 14420, mark_ll is -0.254654502075026, time_ll is 0.6814891968619973[0m
[31;1m2026-09-29 16:06:12,457 - tpp_runner.py[pid:26644;line:140:_train_model] - CRITICAL: current best loglike on valid set is 0.4848 (updated at epoch-71)[0m
[38;20m2026-09-29 16:06:17,672 - tpp_runner.py[pid:26644;line:104:_train_model] - INFO: [ Epoch 256 (train) ]: train loglike is 0.6291212605944276, num_events is 50454, mark_ll is -0.16565407027045986, time_ll is 0.7947753248162931[0m
[38;20m2026-09-29 16:06:17,784 - tpp_runner.py[pid:26644;line:116:_train_model] - INFO: [ Epoch 256 (valid) ]:  valid loglike is 0.35997277852365006, num_events is 7204, mark_ll is -0.2912332639635966, time_ll is 0.6512060085976541[0m
[38;20m2026-09-29 16:06:17,992 - tpp_runner.py[pid:26644;line:136:_train_model] - INFO: [ Epoch 256 (test) ]: test loglike is 0.43047797722889214, num_events is 14420, mark_ll is -0.2543123073286885, time_ll is 0.6847903099536234[0m
[31;1m2026-09-29 16:06:17,992 - tpp_runner.py[pid:26644;line:140:_train_model] - CRITICAL: current best loglike on valid set is 0.4848 (updated at epoch-71)[0m
[38;20m2026-09-29 16:06:23,240 - tpp_runner.py[pid:26644;line:104:_train_model] - INFO: [ Epoch 257 (train) ]: train loglike is 0.6316217882254133, num_events is 50454, mark_ll is -0.16548978923716404, time_ll is 0.7971115726237018[0m
[38;20m2026-09-29 16:06:23,342 - tpp_runner.py[pid:26644;line:116:_train_model] - INFO: [ Epoch 257 (valid) ]:  valid loglike is 0.36293279720901583, num_events is 7204, mark_ll is -0.2908809477590575, time_ll is 0.6538137449680733[0m
[38;20m2026-09-29 16:06:23,542 - tpp_runner.py[pid:26644;line:136:_train_model] - INFO: [ Epoch 257 (test) ]: test loglike is 0.4287842982023665, num_events is 14420, mark_ll is -0.2543676114446082, time_ll is 0.6831519096469747[0m
[31;1m2026-09-29 16:06:23,542 - tpp_runner.py[pid:26644;line:140:_train_model] - CRITICAL: current best loglike on valid set is 0.4848 (updated at epoch-71)[0m
[38;20m2026-09-29 16:06:28,780 - tpp_runner.py[pid:26644;line:104:_train_model] - INFO: [ Epoch 258 (train) ]: train loglike is 0.6292567587864689, num_events is 50454, mark_ll is -0.16653178785069073, time_ll is 0.7957885417982841[0m
[38;20m2026-09-29 16:06:28,889 - tpp_runner.py[pid:26644;line:116:_train_model] - INFO: [ Epoch 258 (valid) ]:  valid loglike is 0.3580025392793934, num_events is 7204, mark_ll is -0.2909049077010168, time_ll is 0.6489074808700028[0m
[38;20m2026-09-29 16:06:29,097 - tpp_runner.py[pid:26644;line:136:_train_model] - INFO: [ Epoch 258 (test) ]: test loglike is 0.42627132590369277, num_events is 14420, mark_ll is -0.254893165620124, time_ll is 0.6811645169198596[0m
[31;1m2026-09-29 16:06:29,097 - tpp_runner.py[pid:26644;line:140:_train_model] - CRITICAL: current best loglike on valid set is 0.4848 (updated at epoch-71)[0m
[38;20m2026-09-29 16:06:34,337 - tpp_runner.py[pid:26644;line:104:_train_model] - INFO: [ Epoch 259 (train) ]: train loglike is 0.6285067040491091, num_events is 50454, mark_ll is -0.16463767777641514, time_ll is 0.7931443818255243[0m
[38;20m2026-09-29 16:06:34,438 - tpp_runner.py[pid:26644;line:116:_train_model] - INFO: [ Epoch 259 (valid) ]:  valid loglike is 0.3586527450027762, num_events is 7204, mark_ll is -0.2910490062486986, time_ll is 0.6497017173618823[0m
[38;20m2026-09-29 16:06:34,644 - tpp_runner.py[pid:26644;line:136:_train_model] - INFO: [ Epoch 259 (test) ]: test loglike is 0.4227752727873613, num_events is 14420, mark_ll is -0.2549968830590109, time_ll is 0.677772181242415[0m
[31;1m2026-09-29 16:06:34,644 - tpp_runner.py[pid:26644;line:140:_train_model] - CRITICAL: current best loglike on valid set is 0.4848 (updated at epoch-71)[0m
[38;20m2026-09-29 16:06:39,889 - tpp_runner.py[pid:26644;line:104:_train_model] - INFO: [ Epoch 260 (train) ]: train loglike is 0.6306603810835117, num_events is 50454, mark_ll is -0.16565589815568388, time_ll is 0.79631627440032[0m
[38;20m2026-09-29 16:06:39,984 - tpp_runner.py[pid:26644;line:116:_train_model] - INFO: [ Epoch 260 (valid) ]:  valid loglike is 0.36393965700478903, num_events is 7204, mark_ll is -0.2911477266319059, time_ll is 0.6550873158575097[0m
[38;20m2026-09-29 16:06:40,193 - tpp_runner.py[pid:26644;line:136:_train_model] - INFO: [ Epoch 260 (test) ]: test loglike is 0.4264967581104802, num_events is 14420, mark_ll is -0.25479616966723734, time_ll is 0.6812929023816747[0m
[31;1m2026-09-29 16:06:40,193 - tpp_runner.py[pid:26644;line:140:_train_model] - CRITICAL: current best loglike on valid set is 0.4848 (updated at epoch-71)[0m
[38;20m2026-09-29 16:06:45,405 - tpp_runner.py[pid:26644;line:104:_train_model] - INFO: [ Epoch 261 (train) ]: train loglike is 0.631288844557047, num_events is 50454, mark_ll is -0.16454288541488596, time_ll is 0.7958317432788407[0m
[38;20m2026-09-29 16:06:45,518 - tpp_runner.py[pid:26644;line:116:_train_model] - INFO: [ Epoch 261 (valid) ]:  valid loglike is 0.3550294392112889, num_events is 7204, mark_ll is -0.29164563252620074, time_ll is 0.6466751056270822[0m
[38;20m2026-09-29 16:06:45,747 - tpp_runner.py[pid:26644;line:136:_train_model] - INFO: [ Epoch 261 (test) ]: test loglike is 0.4233696756349688, num_events is 14420, mark_ll is -0.25521268170022104, time_ll is 0.6785823658005374[0m
[31;1m2026-09-29 16:06:45,747 - tpp_runner.py[pid:26644;line:140:_train_model] - CRITICAL: current best loglike on valid set is 0.4848 (updated at epoch-71)[0m
[38;20m2026-09-29 16:06:50,965 - tpp_runner.py[pid:26644;line:104:_train_model] - INFO: [ Epoch 262 (train) ]: train loglike is 0.6298312591203126, num_events is 50454, mark_ll is -0.16592290972578363, time_ll is 0.795754151910032[0m
[38;20m2026-09-29 16:06:51,075 - tpp_runner.py[pid:26644;line:116:_train_model] - INFO: [ Epoch 262 (valid) ]:  valid loglike is 0.3586569134226645, num_events is 7204, mark_ll is -0.29189943168508814, time_ll is 0.6505564128869378[0m
[38;20m2026-09-29 16:06:51,283 - tpp_runner.py[pid:26644;line:136:_train_model] - INFO: [ Epoch 262 (test) ]: test loglike is 0.42398524185159503, num_events is 14420, mark_ll is -0.2550443313323509, time_ll is 0.6790295731839459[0m
[31;1m2026-09-29 16:06:51,283 - tpp_runner.py[pid:26644;line:140:_train_model] - CRITICAL: current best loglike on valid set is 0.4848 (updated at epoch-71)[0m
[38;20m2026-09-29 16:06:56,525 - tpp_runner.py[pid:26644;line:104:_train_model] - INFO: [ Epoch 263 (train) ]: train loglike is 0.6328115902914041, num_events is 50454, mark_ll is -0.16452056852103214, time_ll is 0.7973321576027174[0m
[38;20m2026-09-29 16:06:56,621 - tpp_runner.py[pid:26644;line:116:_train_model] - INFO: [ Epoch 263 (valid) ]:  valid loglike is 0.3586368507838527, num_events is 7204, mark_ll is -0.29222812684359384, time_ll is 0.650864943737854[0m
[38;20m2026-09-29 16:06:56,829 - tpp_runner.py[pid:26644;line:136:_train_model] - INFO: [ Epoch 263 (test) ]: test loglike is 0.42549317422091715, num_events is 14420, mark_ll is -0.2558352064325806, time_ll is 0.6813283721881501[0m
[31;1m2026-09-29 16:06:56,829 - tpp_runner.py[pid:26644;line:140:_train_model] - CRITICAL: current best loglike on valid set is 0.4848 (updated at epoch-71)[0m
[38;20m2026-09-29 16:07:02,063 - tpp_runner.py[pid:26644;line:104:_train_model] - INFO: [ Epoch 264 (train) ]: train loglike is 0.6306538050516931, num_events is 50454, mark_ll is -0.1647689443718226, time_ll is 0.795422756681829[0m
[38;20m2026-09-29 16:07:02,172 - tpp_runner.py[pid:26644;line:116:_train_model] - INFO: [ Epoch 264 (valid) ]:  valid loglike is 0.35711815647123124, num_events is 7204, mark_ll is -0.2917439801238895, time_ll is 0.648862204374306[0m
[38;20m2026-09-29 16:07:02,379 - tpp_runner.py[pid:26644;line:136:_train_model] - INFO: [ Epoch 264 (test) ]: test loglike is 0.4299383113189147, num_events is 14420, mark_ll is -0.25554058693979714, time_ll is 0.6854788813280166[0m
[31;1m2026-09-29 16:07:02,379 - tpp_runner.py[pid:26644;line:140:_train_model] - CRITICAL: current best loglike on valid set is 0.4848 (updated at epoch-71)[0m
[38;20m2026-09-29 16:07:07,615 - tpp_runner.py[pid:26644;line:104:_train_model] - INFO: [ Epoch 265 (train) ]: train loglike is 0.6305055902948106, num_events is 50454, mark_ll is -0.16500181162660232, time_ll is 0.7955073886145053[0m
[38;20m2026-09-29 16:07:07,718 - tpp_runner.py[pid:26644;line:116:_train_model] - INFO: [ Epoch 265 (valid) ]:  valid loglike is 0.36162432003921435, num_events is 7204, mark_ll is -0.2915768366532482, time_ll is 0.6532011566924625[0m
[38;20m2026-09-29 16:07:07,918 - tpp_runner.py[pid:26644;line:136:_train_model] - INFO: [ Epoch 265 (test) ]: test loglike is 0.42496060227223476, num_events is 14420, mark_ll is -0.25536270459052096, time_ll is 0.6803233153281033[0m
[31;1m2026-09-29 16:07:07,918 - tpp_runner.py[pid:26644;line:140:_train_model] - CRITICAL: current best loglike on valid set is 0.4848 (updated at epoch-71)[0m
[38;20m2026-09-29 16:07:13,147 - tpp_runner.py[pid:26644;line:104:_train_model] - INFO: [ Epoch 266 (train) ]: train loglike is 0.630951076529797, num_events is 50454, mark_ll is -0.16529596323972084, time_ll is 0.7962470349306423[0m
[38;20m2026-09-29 16:07:13,258 - tpp_runner.py[pid:26644;line:116:_train_model] - INFO: [ Epoch 266 (valid) ]:  valid loglike is 0.36005489300648946, num_events is 7204, mark_ll is -0.290828825565658, time_ll is 0.6508837185721474[0m
[38;20m2026-09-29 16:07:13,473 - tpp_runner.py[pid:26644;line:136:_train_model] - INFO: [ Epoch 266 (test) ]: test loglike is 0.43058834843099864, num_events is 14420, mark_ll is -0.25523079754410105, time_ll is 0.6858191375097521[0m
[31;1m2026-09-29 16:07:13,473 - tpp_runner.py[pid:26644;line:140:_train_model] - CRITICAL: current best loglike on valid set is 0.4848 (updated at epoch-71)[0m
[38;20m2026-09-29 16:07:18,690 - tpp_runner.py[pid:26644;line:104:_train_model] - INFO: [ Epoch 267 (train) ]: train loglike is 0.6303829296394984, num_events is 50454, mark_ll is -0.1649126940563279, time_ll is 0.7952956103889186[0m
[38;20m2026-09-29 16:07:18,802 - tpp_runner.py[pid:26644;line:116:_train_model] - INFO: [ Epoch 267 (valid) ]:  valid loglike is 0.35917227245714184, num_events is 7204, mark_ll is -0.2909273087217171, time_ll is 0.6500995133996738[0m
[38;20m2026-09-29 16:07:19,009 - tpp_runner.py[pid:26644;line:136:_train_model] - INFO: [ Epoch 267 (test) ]: test loglike is 0.42333347780859915, num_events is 14420, mark_ll is -0.2553612908774705, time_ll is 0.6786947856167649[0m
[31;1m2026-09-29 16:07:19,009 - tpp_runner.py[pid:26644;line:140:_train_model] - CRITICAL: current best loglike on valid set is 0.4848 (updated at epoch-71)[0m
[38;20m2026-09-29 16:07:24,236 - tpp_runner.py[pid:26644;line:104:_train_model] - INFO: [ Epoch 268 (train) ]: train loglike is 0.6311642144794021, num_events is 50454, mark_ll is -0.1650450663347895, time_ll is 0.7962092820239104[0m
[38;20m2026-09-29 16:07:24,347 - tpp_runner.py[pid:26644;line:116:_train_model] - INFO: [ Epoch 268 (valid) ]:  valid loglike is 0.3581191872570794, num_events is 7204, mark_ll is -0.29162729825661093, time_ll is 0.6497464516240977[0m
[38;20m2026-09-29 16:07:24,553 - tpp_runner.py[pid:26644;line:136:_train_model] - INFO: [ Epoch 268 (test) ]: test loglike is 0.4198067124111477, num_events is 14420, mark_ll is -0.2555519474362864, time_ll is 0.6753586598474342[0m
[31;1m2026-09-29 16:07:24,553 - tpp_runner.py[pid:26644;line:140:_train_model] - CRITICAL: current best loglike on valid set is 0.4848 (updated at epoch-71)[0m
[38;20m2026-09-29 16:07:29,789 - tpp_runner.py[pid:26644;line:104:_train_model] - INFO: [ Epoch 269 (train) ]: train loglike is 0.6296290618682364, num_events is 50454, mark_ll is -0.16584641920115353, time_ll is 0.795475500424892[0m
[38;20m2026-09-29 16:07:29,896 - tpp_runner.py[pid:26644;line:116:_train_model] - INFO: [ Epoch 269 (valid) ]:  valid loglike is 0.3569927649786577, num_events is 7204, mark_ll is -0.29209873637909495, time_ll is 0.6490914335785675[0m
[38;20m2026-09-29 16:07:30,108 - tpp_runner.py[pid:26644;line:136:_train_model] - INFO: [ Epoch 269 (test) ]: test loglike is 0.4253691060863818, num_events is 14420, mark_ll is -0.2560630597287838, time_ll is 0.6814321742805132[0m
[31;1m2026-09-29 16:07:30,108 - tpp_runner.py[pid:26644;line:140:_train_model] - CRITICAL: current best loglike on valid set is 0.4848 (updated at epoch-71)[0m
[38;20m2026-09-29 16:07:35,361 - tpp_runner.py[pid:26644;line:104:_train_model] - INFO: [ Epoch 270 (train) ]: train loglike is 0.6295514850160542, num_events is 50454, mark_ll is -0.16538122543593237, time_ll is 0.7949327140811432[0m
[38;20m2026-09-29 16:07:35,465 - tpp_runner.py[pid:26644;line:116:_train_model] - INFO: [ Epoch 270 (valid) ]:  valid loglike is 0.3584381561025125, num_events is 7204, mark_ll is -0.29207796205883885, time_ll is 0.6505161520509439[0m
[38;20m2026-09-29 16:07:35,680 - tpp_runner.py[pid:26644;line:136:_train_model] - INFO: [ Epoch 270 (test) ]: test loglike is 0.42010018908200414, num_events is 14420, mark_ll is -0.2563505006067961, time_ll is 0.6764507066194955[0m
[31;1m2026-09-29 16:07:35,680 - tpp_runner.py[pid:26644;line:140:_train_model] - CRITICAL: current best loglike on valid set is 0.4848 (updated at epoch-71)[0m
[38;20m2026-09-29 16:07:40,930 - tpp_runner.py[pid:26644;line:104:_train_model] - INFO: [ Epoch 271 (train) ]: train loglike is 0.6320294683260371, num_events is 50454, mark_ll is -0.165542978156774, time_ll is 0.7975724416439356[0m
[38;20m2026-09-29 16:07:41,030 - tpp_runner.py[pid:26644;line:116:_train_model] - INFO: [ Epoch 271 (valid) ]:  valid loglike is 0.36063176165151306, num_events is 7204, mark_ll is -0.29211900235546223, time_ll is 0.6527506962277901[0m
[38;20m2026-09-29 16:07:41,260 - tpp_runner.py[pid:26644;line:136:_train_model] - INFO: [ Epoch 271 (test) ]: test loglike is 0.42389088708716194, num_events is 14420, mark_ll is -0.25667357213288833, time_ll is 0.6805644761507454[0m
[31;1m2026-09-29 16:07:41,260 - tpp_runner.py[pid:26644;line:140:_train_model] - CRITICAL: current best loglike on valid set is 0.4848 (updated at epoch-71)[0m
[38;20m2026-09-29 16:07:46,514 - tpp_runner.py[pid:26644;line:104:_train_model] - INFO: [ Epoch 272 (train) ]: train loglike is 0.6333628107951674, num_events is 50454, mark_ll is -0.16517593251324844, time_ll is 0.7985387263723516[0m
[38;20m2026-09-29 16:07:46,618 - tpp_runner.py[pid:26644;line:116:_train_model] - INFO: [ Epoch 272 (valid) ]:  valid loglike is 0.35306611344392, num_events is 7204, mark_ll is -0.29184897008172545, time_ll is 0.6449150157464603[0m
[38;20m2026-09-29 16:07:46,851 - tpp_runner.py[pid:26644;line:136:_train_model] - INFO: [ Epoch 272 (test) ]: test loglike is 0.4250827572382108, num_events is 14420, mark_ll is -0.2562691570816357, time_ll is 0.681351905854499[0m
[31;1m2026-09-29 16:07:46,851 - tpp_runner.py[pid:26644;line:140:_train_model] - CRITICAL: current best loglike on valid set is 0.4848 (updated at epoch-71)[0m
[38;20m2026-09-29 16:07:52,072 - tpp_runner.py[pid:26644;line:104:_train_model] - INFO: [ Epoch 273 (train) ]: train loglike is 0.6314286009595373, num_events is 50454, mark_ll is -0.16551851522163133, time_ll is 0.79694710408398[0m
[38;20m2026-09-29 16:07:52,176 - tpp_runner.py[pid:26644;line:116:_train_model] - INFO: [ Epoch 273 (valid) ]:  valid loglike is 0.36063399836462384, num_events is 7204, mark_ll is -0.29179983017247363, time_ll is 0.6524338963162826[0m
[38;20m2026-09-29 16:07:52,377 - tpp_runner.py[pid:26644;line:136:_train_model] - INFO: [ Epoch 273 (test) ]: test loglike is 0.4247422132346567, num_events is 14420, mark_ll is -0.25570123384134447, time_ll is 0.6804434216799584[0m
[31;1m2026-09-29 16:07:52,377 - tpp_runner.py[pid:26644;line:140:_train_model] - CRITICAL: current best loglike on valid set is 0.4848 (updated at epoch-71)[0m
[38;20m2026-09-29 16:07:57,625 - tpp_runner.py[pid:26644;line:104:_train_model] - INFO: [ Epoch 274 (train) ]: train loglike is 0.6312127435618955, num_events is 50454, mark_ll is -0.16438297146673828, time_ll is 0.795595693253694[0m
[38;20m2026-09-29 16:07:57,725 - tpp_runner.py[pid:26644;line:116:_train_model] - INFO: [ Epoch 274 (valid) ]:  valid loglike is 0.35870408773554624, num_events is 7204, mark_ll is -0.29260491133398114, time_ll is 0.6513090329591199[0m
[38;20m2026-09-29 16:07:58,029 - tpp_runner.py[pid:26644;line:136:_train_model] - INFO: [ Epoch 274 (test) ]: test loglike is 0.42992964280296464, num_events is 14420, mark_ll is -0.2558997716387829, time_ll is 0.6858294144417476[0m
[31;1m2026-09-29 16:07:58,029 - tpp_runner.py[pid:26644;line:140:_train_model] - CRITICAL: current best loglike on valid set is 0.4848 (updated at epoch-71)[0m
[38;20m2026-09-29 16:08:03,278 - tpp_runner.py[pid:26644;line:104:_train_model] - INFO: [ Epoch 275 (train) ]: train loglike is 0.6316941923196748, num_events is 50454, mark_ll is -0.16452989666329726, time_ll is 0.796224059949719[0m
[38;20m2026-09-29 16:08:03,373 - tpp_runner.py[pid:26644;line:116:_train_model] - INFO: [ Epoch 275 (valid) ]:  valid loglike is 0.3628635268817671, num_events is 7204, mark_ll is -0.2931135263395336, time_ll is 0.6559769854421155[0m
[38;20m2026-09-29 16:08:03,581 - tpp_runner.py[pid:26644;line:136:_train_model] - INFO: [ Epoch 275 (test) ]: test loglike is 0.42106779524423543, num_events is 14420, mark_ll is -0.2562807461425104, time_ll is 0.6773485413867458[0m
[31;1m2026-09-29 16:08:03,597 - tpp_runner.py[pid:26644;line:140:_train_model] - CRITICAL: current best loglike on valid set is 0.4848 (updated at epoch-71)[0m
[38;20m2026-09-29 16:08:08,835 - tpp_runner.py[pid:26644;line:104:_train_model] - INFO: [ Epoch 276 (train) ]: train loglike is 0.6322355899061521, num_events is 50454, mark_ll is -0.16556218728283126, time_ll is 0.7977977832375778[0m
[38;20m2026-09-29 16:08:08,947 - tpp_runner.py[pid:26644;line:116:_train_model] - INFO: [ Epoch 276 (valid) ]:  valid loglike is 0.35878281325912686, num_events is 7204, mark_ll is -0.2925574659043587, time_ll is 0.6513402791634856[0m
[38;20m2026-09-29 16:08:09,154 - tpp_runner.py[pid:26644;line:136:_train_model] - INFO: [ Epoch 276 (test) ]: test loglike is 0.4222502519287448, num_events is 14420, mark_ll is -0.25594691515960905, time_ll is 0.678197141692311[0m
[31;1m2026-09-29 16:08:09,154 - tpp_runner.py[pid:26644;line:140:_train_model] - CRITICAL: current best loglike on valid set is 0.4848 (updated at epoch-71)[0m
[38;20m2026-09-29 16:08:14,402 - tpp_runner.py[pid:26644;line:104:_train_model] - INFO: [ Epoch 277 (train) ]: train loglike is 0.6319318053016114, num_events is 50454, mark_ll is -0.16470258887194894, time_ll is 0.7966344062707491[0m
[38;20m2026-09-29 16:08:14,502 - tpp_runner.py[pid:26644;line:116:_train_model] - INFO: [ Epoch 277 (valid) ]:  valid loglike is 0.35876451287912964, num_events is 7204, mark_ll is -0.29246315116818783, time_ll is 0.65122769793691[0m
[38;20m2026-09-29 16:08:14,705 - tpp_runner.py[pid:26644;line:136:_train_model] - INFO: [ Epoch 277 (test) ]: test loglike is 0.42151485025138696, num_events is 14420, mark_ll is -0.2560226884860437, time_ll is 0.6775375387374306[0m
[31;1m2026-09-29 16:08:14,705 - tpp_runner.py[pid:26644;line:140:_train_model] - CRITICAL: current best loglike on valid set is 0.4848 (updated at epoch-71)[0m
[38;20m2026-09-29 16:08:19,940 - tpp_runner.py[pid:26644;line:104:_train_model] - INFO: [ Epoch 278 (train) ]: train loglike is 0.6290482371241006, num_events is 50454, mark_ll is -0.16514293380170553, time_ll is 0.7941911709258062[0m
[38;20m2026-09-29 16:08:20,052 - tpp_runner.py[pid:26644;line:116:_train_model] - INFO: [ Epoch 278 (valid) ]:  valid loglike is 0.3578294312404567, num_events is 7204, mark_ll is -0.292402590466234, time_ll is 0.6502320217066907[0m
[38;20m2026-09-29 16:08:20,260 - tpp_runner.py[pid:26644;line:136:_train_model] - INFO: [ Epoch 278 (test) ]: test loglike is 0.4212854562619192, num_events is 14420, mark_ll is -0.2562604462389476, time_ll is 0.6775459025008669[0m
[31;1m2026-09-29 16:08:20,260 - tpp_runner.py[pid:26644;line:140:_train_model] - CRITICAL: current best loglike on valid set is 0.4848 (updated at epoch-71)[0m
[38;20m2026-09-29 16:08:25,507 - tpp_runner.py[pid:26644;line:104:_train_model] - INFO: [ Epoch 279 (train) ]: train loglike is 0.6298166263607692, num_events is 50454, mark_ll is -0.16567733437419482, time_ll is 0.795493951057213[0m
[38;20m2026-09-29 16:08:25,611 - tpp_runner.py[pid:26644;line:116:_train_model] - INFO: [ Epoch 279 (valid) ]:  valid loglike is 0.3519468079799417, num_events is 7204, mark_ll is -0.2925193740022904, time_ll is 0.644466181982232[0m
[38;20m2026-09-29 16:08:25,819 - tpp_runner.py[pid:26644;line:136:_train_model] - INFO: [ Epoch 279 (test) ]: test loglike is 0.42131831874133147, num_events is 14420, mark_ll is -0.2565676029115378, time_ll is 0.677885904722174[0m
[31;1m2026-09-29 16:08:25,819 - tpp_runner.py[pid:26644;line:140:_train_model] - CRITICAL: current best loglike on valid set is 0.4848 (updated at epoch-71)[0m
[38;20m2026-09-29 16:08:31,063 - tpp_runner.py[pid:26644;line:104:_train_model] - INFO: [ Epoch 280 (train) ]: train loglike is 0.6309937747673005, num_events is 50454, mark_ll is -0.1661272445511165, time_ll is 0.797121008430947[0m
[38;20m2026-09-29 16:08:31,167 - tpp_runner.py[pid:26644;line:116:_train_model] - INFO: [ Epoch 280 (valid) ]:  valid loglike is 0.35926634996616463, num_events is 7204, mark_ll is -0.29249978581777486, time_ll is 0.6517661357839395[0m
[38;20m2026-09-29 16:08:31,372 - tpp_runner.py[pid:26644;line:136:_train_model] - INFO: [ Epoch 280 (test) ]: test loglike is 0.4264495891936113, num_events is 14420, mark_ll is -0.2565982644005721, time_ll is 0.6830478535941834[0m
[31;1m2026-09-29 16:08:31,372 - tpp_runner.py[pid:26644;line:140:_train_model] - CRITICAL: current best loglike on valid set is 0.4848 (updated at epoch-71)[0m
[38;20m2026-09-29 16:08:36,613 - tpp_runner.py[pid:26644;line:104:_train_model] - INFO: [ Epoch 281 (train) ]: train loglike is 0.6319687355995065, num_events is 50454, mark_ll is -0.16504998142258914, time_ll is 0.7970187291192844[0m
[38;20m2026-09-29 16:08:36,721 - tpp_runner.py[pid:26644;line:116:_train_model] - INFO: [ Epoch 281 (valid) ]:  valid loglike is 0.3602904256749722, num_events is 7204, mark_ll is -0.29237520767542335, time_ll is 0.6526657011295808[0m
[38;20m2026-09-29 16:08:36,928 - tpp_runner.py[pid:26644;line:136:_train_model] - INFO: [ Epoch 281 (test) ]: test loglike is 0.4213673838960645, num_events is 14420, mark_ll is -0.25651262047882717, time_ll is 0.6778799959095441[0m
[31;1m2026-09-29 16:08:36,928 - tpp_runner.py[pid:26644;line:140:_train_model] - CRITICAL: current best loglike on valid set is 0.4848 (updated at epoch-71)[0m
[38;20m2026-09-29 16:08:42,169 - tpp_runner.py[pid:26644;line:104:_train_model] - INFO: [ Epoch 282 (train) ]: train loglike is 0.6332572991146639, num_events is 50454, mark_ll is -0.1644355773018492, time_ll is 0.7976928764165131[0m
[38;20m2026-09-29 16:08:42,273 - tpp_runner.py[pid:26644;line:116:_train_model] - INFO: [ Epoch 282 (valid) ]:  valid loglike is 0.3611761640668379, num_events is 7204, mark_ll is -0.2925731228961341, time_ll is 0.6537492191837868[0m
[38;20m2026-09-29 16:08:42,473 - tpp_runner.py[pid:26644;line:136:_train_model] - INFO: [ Epoch 282 (test) ]: test loglike is 0.41953595673326977, num_events is 14420, mark_ll is -0.256602429351595, time_ll is 0.6761383860848648[0m
[31;1m2026-09-29 16:08:42,473 - tpp_runner.py[pid:26644;line:140:_train_model] - CRITICAL: current best loglike on valid set is 0.4848 (updated at epoch-71)[0m
[38;20m2026-09-29 16:08:47,718 - tpp_runner.py[pid:26644;line:104:_train_model] - INFO: [ Epoch 283 (train) ]: train loglike is 0.6305647455479249, num_events is 50454, mark_ll is -0.16533883325730492, time_ll is 0.795903576385792[0m
[38;20m2026-09-29 16:08:47,814 - tpp_runner.py[pid:26644;line:116:_train_model] - INFO: [ Epoch 283 (valid) ]:  valid loglike is 0.36016401749462107, num_events is 7204, mark_ll is -0.29270237780226266, time_ll is 0.6528664630760689[0m
[38;20m2026-09-29 16:08:48,032 - tpp_runner.py[pid:26644;line:136:_train_model] - INFO: [ Epoch 283 (test) ]: test loglike is 0.422590017120319, num_events is 14420, mark_ll is -0.25659390474655425, time_ll is 0.6791838795401353[0m
[31;1m2026-09-29 16:08:48,032 - tpp_runner.py[pid:26644;line:140:_train_model] - CRITICAL: current best loglike on valid set is 0.4848 (updated at epoch-71)[0m
[38;20m2026-09-29 16:08:53,272 - tpp_runner.py[pid:26644;line:104:_train_model] - INFO: [ Epoch 284 (train) ]: train loglike is 0.631604445695584, num_events is 50454, mark_ll is -0.16483792980053613, time_ll is 0.7964423900127467[0m
[38;20m2026-09-29 16:08:53,368 - tpp_runner.py[pid:26644;line:116:_train_model] - INFO: [ Epoch 284 (valid) ]:  valid loglike is 0.3568890628253401, num_events is 7204, mark_ll is -0.29264727332471546, time_ll is 0.6495362683708703[0m
[38;20m2026-09-29 16:08:53,590 - tpp_runner.py[pid:26644;line:136:_train_model] - INFO: [ Epoch 284 (test) ]: test loglike is 0.42180033563410196, num_events is 14420, mark_ll is -0.25652565711414266, time_ll is 0.6783260012135922[0m
[31;1m2026-09-29 16:08:53,590 - tpp_runner.py[pid:26644;line:140:_train_model] - CRITICAL: current best loglike on valid set is 0.4848 (updated at epoch-71)[0m
[38;20m2026-09-29 16:08:58,820 - tpp_runner.py[pid:26644;line:104:_train_model] - INFO: [ Epoch 285 (train) ]: train loglike is 0.6294917539367543, num_events is 50454, mark_ll is -0.1652961374392392, time_ll is 0.79478790589262[0m
[38;20m2026-09-29 16:08:58,931 - tpp_runner.py[pid:26644;line:116:_train_model] - INFO: [ Epoch 285 (valid) ]:  valid loglike is 0.35856683488556707, num_events is 7204, mark_ll is -0.2925430967171016, time_ll is 0.651109897713076[0m
[38;20m2026-09-29 16:08:59,123 - tpp_runner.py[pid:26644;line:136:_train_model] - INFO: [ Epoch 285 (test) ]: test loglike is 0.4213290358714026, num_events is 14420, mark_ll is -0.25646612032441923, time_ll is 0.6777952069879074[0m
[31;1m2026-09-29 16:08:59,123 - tpp_runner.py[pid:26644;line:140:_train_model] - CRITICAL: current best loglike on valid set is 0.4848 (updated at epoch-71)[0m
[38;20m2026-09-29 16:09:04,338 - tpp_runner.py[pid:26644;line:104:_train_model] - INFO: [ Epoch 286 (train) ]: train loglike is 0.632161056706666, num_events is 50454, mark_ll is -0.1650486991205789, time_ll is 0.7972097679244337[0m
[38;20m2026-09-29 16:09:04,441 - tpp_runner.py[pid:26644;line:116:_train_model] - INFO: [ Epoch 286 (valid) ]:  valid loglike is 0.35904274643427264, num_events is 7204, mark_ll is -0.29255034908991534, time_ll is 0.6515930277450028[0m
[38;20m2026-09-29 16:09:04,647 - tpp_runner.py[pid:26644;line:136:_train_model] - INFO: [ Epoch 286 (test) ]: test loglike is 0.4234175895024272, num_events is 14420, mark_ll is -0.256488900574831, time_ll is 0.6799064477505201[0m
[31;1m2026-09-29 16:09:04,647 - tpp_runner.py[pid:26644;line:140:_train_model] - CRITICAL: current best loglike on valid set is 0.4848 (updated at epoch-71)[0m
[38;20m2026-09-29 16:09:09,872 - tpp_runner.py[pid:26644;line:104:_train_model] - INFO: [ Epoch 287 (train) ]: train loglike is 0.6325981571703928, num_events is 50454, mark_ll is -0.1646160213890685, time_ll is 0.7972141567845216[0m
[38;20m2026-09-29 16:09:09,969 - tpp_runner.py[pid:26644;line:116:_train_model] - INFO: [ Epoch 287 (valid) ]:  valid loglike is 0.35831778026964184, num_events is 7204, mark_ll is -0.29253689492165813, time_ll is 0.6508546413017073[0m
[38;20m2026-09-29 16:09:10,174 - tpp_runner.py[pid:26644;line:136:_train_model] - INFO: [ Epoch 287 (test) ]: test loglike is 0.42415922167562414, num_events is 14420, mark_ll is -0.25644346705422155, time_ll is 0.6806026717991505[0m
[31;1m2026-09-29 16:09:10,174 - tpp_runner.py[pid:26644;line:140:_train_model] - CRITICAL: current best loglike on valid set is 0.4848 (updated at epoch-71)[0m
[38;20m2026-09-29 16:09:15,427 - tpp_runner.py[pid:26644;line:104:_train_model] - INFO: [ Epoch 288 (train) ]: train loglike is 0.6324408162942978, num_events is 50454, mark_ll is -0.16529405551305087, time_ll is 0.7977348343060634[0m
[38;20m2026-09-29 16:09:15,527 - tpp_runner.py[pid:26644;line:116:_train_model] - INFO: [ Epoch 288 (valid) ]:  valid loglike is 0.3589953010046502, num_events is 7204, mark_ll is -0.292543638950583, time_ll is 0.6515389399552332[0m
[38;20m2026-09-29 16:09:15,738 - tpp_runner.py[pid:26644;line:136:_train_model] - INFO: [ Epoch 288 (test) ]: test loglike is 0.4211110362398145, num_events is 14420, mark_ll is -0.25636328328168345, time_ll is 0.6774742856601075[0m
[31;1m2026-09-29 16:09:15,738 - tpp_runner.py[pid:26644;line:140:_train_model] - CRITICAL: current best loglike on valid set is 0.4848 (updated at epoch-71)[0m
[38;20m2026-09-29 16:09:21,101 - tpp_runner.py[pid:26644;line:104:_train_model] - INFO: [ Epoch 289 (train) ]: train loglike is 0.6338814269557419, num_events is 50454, mark_ll is -0.16425183673068847, time_ll is 0.7981332527989604[0m
[38;20m2026-09-29 16:09:21,197 - tpp_runner.py[pid:26644;line:116:_train_model] - INFO: [ Epoch 289 (valid) ]:  valid loglike is 0.3592217851519121, num_events is 7204, mark_ll is -0.2925823069757253, time_ll is 0.6518040921276375[0m
[38;20m2026-09-29 16:09:21,404 - tpp_runner.py[pid:26644;line:136:_train_model] - INFO: [ Epoch 289 (test) ]: test loglike is 0.42273237040568656, num_events is 14420, mark_ll is -0.2563473091707481, time_ll is 0.6790796541803918[0m
[31;1m2026-09-29 16:09:21,404 - tpp_runner.py[pid:26644;line:140:_train_model] - CRITICAL: current best loglike on valid set is 0.4848 (updated at epoch-71)[0m
[38;20m2026-09-29 16:09:26,632 - tpp_runner.py[pid:26644;line:104:_train_model] - INFO: [ Epoch 290 (train) ]: train loglike is 0.6312481496140049, num_events is 50454, mark_ll is -0.1647320019767387, time_ll is 0.795980127396366[0m
[38;20m2026-09-29 16:09:26,736 - tpp_runner.py[pid:26644;line:116:_train_model] - INFO: [ Epoch 290 (valid) ]:  valid loglike is 0.3636137407928755, num_events is 7204, mark_ll is -0.2926141293031649, time_ll is 0.656227903985633[0m
[38;20m2026-09-29 16:09:26,944 - tpp_runner.py[pid:26644;line:136:_train_model] - INFO: [ Epoch 290 (test) ]: test loglike is 0.42511126852895287, num_events is 14420, mark_ll is -0.25637606595657075, time_ll is 0.681487368346914[0m
[31;1m2026-09-29 16:09:26,944 - tpp_runner.py[pid:26644;line:140:_train_model] - CRITICAL: current best loglike on valid set is 0.4848 (updated at epoch-71)[0m
[38;20m2026-09-29 16:09:32,137 - tpp_runner.py[pid:26644;line:104:_train_model] - INFO: [ Epoch 291 (train) ]: train loglike is 0.6303929170785517, num_events is 50454, mark_ll is -0.16578189763509832, time_ll is 0.7961747953581481[0m
[38;20m2026-09-29 16:09:32,233 - tpp_runner.py[pid:26644;line:116:_train_model] - INFO: [ Epoch 291 (valid) ]:  valid loglike is 0.3544756493788173, num_events is 7204, mark_ll is -0.2926503572776409, time_ll is 0.6471259727668657[0m
[38;20m2026-09-29 16:09:32,440 - tpp_runner.py[pid:26644;line:136:_train_model] - INFO: [ Epoch 291 (test) ]: test loglike is 0.4207077470797937, num_events is 14420, mark_ll is -0.25642966853762134, time_ll is 0.6771374325481103[0m
[31;1m2026-09-29 16:09:32,440 - tpp_runner.py[pid:26644;line:140:_train_model] - CRITICAL: current best loglike on valid set is 0.4848 (updated at epoch-71)[0m
[38;20m2026-09-29 16:09:37,655 - tpp_runner.py[pid:26644;line:104:_train_model] - INFO: [ Epoch 292 (train) ]: train loglike is 0.6344565369878998, num_events is 50454, mark_ll is -0.16334224063859532, time_ll is 0.7977987945625594[0m
[38;20m2026-09-29 16:09:37,754 - tpp_runner.py[pid:26644;line:116:_train_model] - INFO: [ Epoch 292 (valid) ]:  valid loglike is 0.35766903179874027, num_events is 7204, mark_ll is -0.2926634725499722, time_ll is 0.6503324704591199[0m
[38;20m2026-09-29 16:09:37,956 - tpp_runner.py[pid:26644;line:136:_train_model] - INFO: [ Epoch 292 (test) ]: test loglike is 0.423045774504811, num_events is 14420, mark_ll is -0.2564399285389216, time_ll is 0.6794856691823422[0m
[31;1m2026-09-29 16:09:37,956 - tpp_runner.py[pid:26644;line:140:_train_model] - CRITICAL: current best loglike on valid set is 0.4848 (updated at epoch-71)[0m
[38;20m2026-09-29 16:09:43,141 - tpp_runner.py[pid:26644;line:104:_train_model] - INFO: [ Epoch 293 (train) ]: train loglike is 0.6307528519945148, num_events is 50454, mark_ll is -0.16478407674526238, time_ll is 0.7955369154328695[0m
[38;20m2026-09-29 16:09:43,240 - tpp_runner.py[pid:26644;line:116:_train_model] - INFO: [ Epoch 293 (valid) ]:  valid loglike is 0.35431514826832317, num_events is 7204, mark_ll is -0.29269634545478207, time_ll is 0.6470114937231052[0m
[38;20m2026-09-29 16:09:43,440 - tpp_runner.py[pid:26644;line:136:_train_model] - INFO: [ Epoch 293 (test) ]: test loglike is 0.4213054514129681, num_events is 14420, mark_ll is -0.25645008695605065, time_ll is 0.6777555383690187[0m
[31;1m2026-09-29 16:09:43,440 - tpp_runner.py[pid:26644;line:140:_train_model] - CRITICAL: current best loglike on valid set is 0.4848 (updated at epoch-71)[0m
[38;20m2026-09-29 16:09:48,849 - tpp_runner.py[pid:26644;line:104:_train_model] - INFO: [ Epoch 294 (train) ]: train loglike is 0.6295220646529512, num_events is 50454, mark_ll is -0.1649567616956008, time_ll is 0.7944788469137729[0m
[38;20m2026-09-29 16:09:48,945 - tpp_runner.py[pid:26644;line:116:_train_model] - INFO: [ Epoch 294 (valid) ]:  valid loglike is 0.35938323517099874, num_events is 7204, mark_ll is -0.2927232537912965, time_ll is 0.6521065228518879[0m
[38;20m2026-09-29 16:09:49,152 - tpp_runner.py[pid:26644;line:136:_train_model] - INFO: [ Epoch 294 (test) ]: test loglike is 0.4211918464480756, num_events is 14420, mark_ll is -0.2564715720082784, time_ll is 0.6776634353870492[0m
[31;1m2026-09-29 16:09:49,152 - tpp_runner.py[pid:26644;line:140:_train_model] - CRITICAL: current best loglike on valid set is 0.4848 (updated at epoch-71)[0m
[38;20m2026-09-29 16:09:54,367 - tpp_runner.py[pid:26644;line:104:_train_model] - INFO: [ Epoch 295 (train) ]: train loglike is 0.6316343499462381, num_events is 50454, mark_ll is -0.16489546644979214, time_ll is 0.7965298042988416[0m
[38;20m2026-09-29 16:09:54,480 - tpp_runner.py[pid:26644;line:116:_train_model] - INFO: [ Epoch 295 (valid) ]:  valid loglike is 0.35756861693590364, num_events is 7204, mark_ll is -0.2927366740699611, time_ll is 0.6503052910058648[0m
[38;20m2026-09-29 16:09:54,671 - tpp_runner.py[pid:26644;line:136:_train_model] - INFO: [ Epoch 295 (test) ]: test loglike is 0.42333708404667997, num_events is 14420, mark_ll is -0.25648754611921376, time_ll is 0.6798246047698508[0m
[31;1m2026-09-29 16:09:54,671 - tpp_runner.py[pid:26644;line:140:_train_model] - CRITICAL: current best loglike on valid set is 0.4848 (updated at epoch-71)[0m
[38;20m2026-09-29 16:09:59,877 - tpp_runner.py[pid:26644;line:104:_train_model] - INFO: [ Epoch 296 (train) ]: train loglike is 0.6318759598393462, num_events is 50454, mark_ll is -0.16438413642601737, time_ll is 0.7962601047333958[0m
[38;20m2026-09-29 16:09:59,982 - tpp_runner.py[pid:26644;line:116:_train_model] - INFO: [ Epoch 296 (valid) ]:  valid loglike is 0.3583735964286334, num_events is 7204, mark_ll is -0.2927420964047751, time_ll is 0.6511157267230011[0m
[38;20m2026-09-29 16:10:00,183 - tpp_runner.py[pid:26644;line:136:_train_model] - INFO: [ Epoch 296 (test) ]: test loglike is 0.419990393523535, num_events is 14420, mark_ll is -0.25649178725836513, time_ll is 0.6764821807819001[0m
[31;1m2026-09-29 16:10:00,330 - tpp_runner.py[pid:26644;line:140:_train_model] - CRITICAL: current best loglike on valid set is 0.4848 (updated at epoch-71)[0m
[38;20m2026-09-29 16:10:05,507 - tpp_runner.py[pid:26644;line:104:_train_model] - INFO: [ Epoch 297 (train) ]: train loglike is 0.6325821985589597, num_events is 50454, mark_ll is -0.16565676068524363, time_ll is 0.7982389628733599[0m
[38;20m2026-09-29 16:10:05,621 - tpp_runner.py[pid:26644;line:116:_train_model] - INFO: [ Epoch 297 (valid) ]:  valid loglike is 0.3585715455389367, num_events is 7204, mark_ll is -0.29274467201381177, time_ll is 0.6513162175527485[0m
[38;20m2026-09-29 16:10:05,820 - tpp_runner.py[pid:26644;line:136:_train_model] - INFO: [ Epoch 297 (test) ]: test loglike is 0.4249967154451283, num_events is 14420, mark_ll is -0.2564918041890603, time_ll is 0.6814885365648838[0m
[31;1m2026-09-29 16:10:05,820 - tpp_runner.py[pid:26644;line:140:_train_model] - CRITICAL: current best loglike on valid set is 0.4848 (updated at epoch-71)[0m
[38;20m2026-09-29 16:10:11,065 - tpp_runner.py[pid:26644;line:104:_train_model] - INFO: [ Epoch 298 (train) ]: train loglike is 0.6334135851158976, num_events is 50454, mark_ll is -0.16478996565675852, time_ll is 0.7982035568212505[0m
[38;20m2026-09-29 16:10:11,880 - tpp_runner.py[pid:26644;line:116:_train_model] - INFO: [ Epoch 298 (valid) ]:  valid loglike is 0.35876746127368475, num_events is 7204, mark_ll is -0.29274616315588564, time_ll is 0.6515135905399778[0m
[38;20m2026-09-29 16:10:12,087 - tpp_runner.py[pid:26644;line:136:_train_model] - INFO: [ Epoch 298 (test) ]: test loglike is 0.4234943532745319, num_events is 14420, mark_ll is -0.25649226131783115, time_ll is 0.6799866145923631[0m
[31;1m2026-09-29 16:10:12,087 - tpp_runner.py[pid:26644;line:140:_train_model] - CRITICAL: current best loglike on valid set is 0.4848 (updated at epoch-71)[0m
[38;20m2026-09-29 16:10:17,315 - tpp_runner.py[pid:26644;line:104:_train_model] - INFO: [ Epoch 299 (train) ]: train loglike is 0.63120107703304, num_events is 50454, mark_ll is -0.16588575442017728, time_ll is 0.7970868411309683[0m
[38;20m2026-09-29 16:10:17,416 - tpp_runner.py[pid:26644;line:116:_train_model] - INFO: [ Epoch 299 (valid) ]:  valid loglike is 0.3605786566599285, num_events is 7204, mark_ll is -0.2927462309350708, time_ll is 0.6533249214845919[0m
[38;20m2026-09-29 16:10:17,603 - tpp_runner.py[pid:26644;line:136:_train_model] - INFO: [ Epoch 299 (test) ]: test loglike is 0.4244238823032247, num_events is 14420, mark_ll is -0.25649229517922156, time_ll is 0.6809162282745319[0m
[31;1m2026-09-29 16:10:17,603 - tpp_runner.py[pid:26644;line:140:_train_model] - CRITICAL: current best loglike on valid set is 0.4848 (updated at epoch-71)[0m
[38;20m2026-09-29 16:10:17,603 - base_runner.py[pid:26644;line:118:train] - INFO: End S2P2 train! Cost time: 38.519m[0m
RESULT {"model": "S2P2", "dataset": "taxi", "seed": 2019, "ll_per_event": 0.5237072059747746, "mark_ll": -0.21124689152435852, "time_ll": 0.7349540805684379, "val_ll": 0.4848069228575271, "best_epoch": 71, "n_params": 35092, "seconds": 2313.2947268486023, "max_epoch": 300, "batch_size": 256}
