
=== Mon Sep 28 09:44:34 2026 attempt 1: D:\Quant\.venv\Scripts\python.exe -u -m infodiff.baselines.easytpp_runner IntensityFree lob_aapl 6 2019 300 64
[31;1m2026-09-28 09:44:36,966 - config.py[pid:24120;line:33:build_from_yaml_file] - CRITICAL: Load pipeline config class RunnerConfig[0m
[31;1m2026-09-28 09:44:36,966 - runner_config.py[pid:24120;line:205:update_config] - CRITICAL: train model IntensityFree using GPU with torch backend[0m
[38;20m2026-09-28 09:44:36,970 - runner_config.py[pid:24120;line:45:__init__] - INFO: Save the config to D:\Quant\results\easytpp\checkpoints/lob_aapl/IntensityFree/train_2026_09_28_09_44_36\IntensityFree_train_output.yaml[0m
[38;20m2026-09-28 09:44:36,970 - base_runner.py[pid:24120;line:193:save_log] - INFO: Save the log to D:\Quant\results\easytpp\checkpoints/lob_aapl/IntensityFree/train_2026_09_28_09_44_36\log[0m
Generating train split: 0 examples [00:00, ? examples/s]Generating train split: 525 examples [00:00, 17772.33 examples/s]
0.20842144932044016 0.6263620563223178
min_dt: 7.275957614183426e-12
max_dt: 17.26781208600005
[38;20m2026-09-28 09:44:40,981 - tpp_runner.py[pid:24120;line:62:_init_model] - INFO: Num of model parameters 7184[0m
Generating validation split: 0 examples [00:00, ? examples/s]Generating validation split: 134 examples [00:00, 14228.42 examples/s]
Generating test split: 0 examples [00:00, ? examples/s]Generating test split: 265 examples [00:00, 21309.66 examples/s]
[38;20m2026-09-28 09:44:41,807 - base_runner.py[pid:24120;line:103:train] - INFO: Data 'lob_aapl' loaded...[0m
[38;20m2026-09-28 09:44:41,807 - base_runner.py[pid:24120;line:108:train] - INFO: Start IntensityFree training...[0m
[38;20m2026-09-28 09:44:42,283 - tpp_runner.py[pid:24120;line:104:_train_model] - INFO: [ Epoch 0 (train) ]: train loglike is -36.26885961520435, num_events is 66675, mark_ll is -1.9529989110247938, time_ll is -34.31586028308961[0m
[38;20m2026-09-28 09:44:42,326 - tpp_runner.py[pid:24120;line:116:_train_model] - INFO: [ Epoch 0 (valid) ]:  valid loglike is -30.47344195300564, num_events is 17018, mark_ll is -1.9652807155245549, time_ll is -28.508161624823718[0m
[38;20m2026-09-28 09:44:42,394 - tpp_runner.py[pid:24120;line:136:_train_model] - INFO: [ Epoch 0 (test) ]: test loglike is -32.74939795814144, num_events is 33655, mark_ll is -1.9936061343968208, time_ll is -30.755792694250484[0m
[31;1m2026-09-28 09:44:42,394 - tpp_runner.py[pid:24120;line:140:_train_model] - CRITICAL: current best loglike on valid set is -30.4734 (updated at epoch-0), best updated at this epoch[0m
[38;20m2026-09-28 09:44:42,576 - tpp_runner.py[pid:24120;line:104:_train_model] - INFO: [ Epoch 1 (train) ]: train loglike is -26.26645130296213, num_events is 66675, mark_ll is -1.9391947735048745, time_ll is -24.327257276434196[0m
[38;20m2026-09-28 09:44:42,612 - tpp_runner.py[pid:24120;line:116:_train_model] - INFO: [ Epoch 1 (valid) ]:  valid loglike is -17.291637324266954, num_events is 17018, mark_ll is -1.9421249642497098, time_ll is -15.349512166345928[0m
[38;20m2026-09-28 09:44:42,662 - tpp_runner.py[pid:24120;line:136:_train_model] - INFO: [ Epoch 1 (test) ]: test loglike is -18.327486512962412, num_events is 33655, mark_ll is -1.9646402474906217, time_ll is -16.362845648863466[0m
[31;1m2026-09-28 09:44:42,662 - tpp_runner.py[pid:24120;line:140:_train_model] - CRITICAL: current best loglike on valid set is -17.2916 (updated at epoch-1), best updated at this epoch[0m
[38;20m2026-09-28 09:44:42,825 - tpp_runner.py[pid:24120;line:104:_train_model] - INFO: [ Epoch 2 (train) ]: train loglike is -12.358225973706412, num_events is 66675, mark_ll is -1.9124203590762092, time_ll is -10.445805944178852[0m
[38;20m2026-09-28 09:44:42,849 - tpp_runner.py[pid:24120;line:116:_train_model] - INFO: [ Epoch 2 (valid) ]:  valid loglike is -5.839869171153338, num_events is 17018, mark_ll is -1.9070875423609377, time_ll is -3.9327817937716683[0m
[38;20m2026-09-28 09:44:42,914 - tpp_runner.py[pid:24120;line:136:_train_model] - INFO: [ Epoch 2 (test) ]: test loglike is -5.838753194756537, num_events is 33655, mark_ll is -1.9231380387270651, time_ll is -3.9156153954185857[0m
[31;1m2026-09-28 09:44:42,914 - tpp_runner.py[pid:24120;line:140:_train_model] - CRITICAL: current best loglike on valid set is -5.8399 (updated at epoch-2), best updated at this epoch[0m
[38;20m2026-09-28 09:44:43,070 - tpp_runner.py[pid:24120;line:104:_train_model] - INFO: [ Epoch 3 (train) ]: train loglike is -2.863098539074217, num_events is 66675, mark_ll is -1.87199846357096, time_ll is -0.9911000201207759[0m
[38;20m2026-09-28 09:44:43,098 - tpp_runner.py[pid:24120;line:116:_train_model] - INFO: [ Epoch 3 (valid) ]:  valid loglike is -0.41342340438650893, num_events is 17018, mark_ll is -1.8578949207732254, time_ll is 1.4444714285173235[0m
[38;20m2026-09-28 09:44:43,274 - tpp_runner.py[pid:24120;line:136:_train_model] - INFO: [ Epoch 3 (test) ]: test loglike is 0.07407730005060541, num_events is 33655, mark_ll is -1.872419392607432, time_ll is 1.9464966382514206[0m
[31;1m2026-09-28 09:44:43,274 - tpp_runner.py[pid:24120;line:140:_train_model] - CRITICAL: current best loglike on valid set is -0.4134 (updated at epoch-3), best updated at this epoch[0m
[38;20m2026-09-28 09:44:43,442 - tpp_runner.py[pid:24120;line:104:_train_model] - INFO: [ Epoch 4 (train) ]: train loglike is 0.3649435025455802, num_events is 66675, mark_ll is -1.8126965354916573, time_ll is 2.1776399593117266[0m
[38;20m2026-09-28 09:44:43,472 - tpp_runner.py[pid:24120;line:116:_train_model] - INFO: [ Epoch 4 (valid) ]:  valid loglike is 0.4864803434805243, num_events is 17018, mark_ll is -1.782087685821171, time_ll is 2.2685679575715785[0m
[38;20m2026-09-28 09:44:43,526 - tpp_runner.py[pid:24120;line:136:_train_model] - INFO: [ Epoch 4 (test) ]: test loglike is 1.0518725796309751, num_events is 33655, mark_ll is -1.795704256657629, time_ll is 2.8475768308479426[0m
[31;1m2026-09-28 09:44:43,526 - tpp_runner.py[pid:24120;line:140:_train_model] - CRITICAL: current best loglike on valid set is 0.4865 (updated at epoch-4), best updated at this epoch[0m
[38;20m2026-09-28 09:44:43,690 - tpp_runner.py[pid:24120;line:104:_train_model] - INFO: [ Epoch 5 (train) ]: train loglike is 0.7190575476161183, num_events is 66675, mark_ll is -1.7354802109697225, time_ll is 2.4545377604166667[0m
[38;20m2026-09-28 09:44:43,719 - tpp_runner.py[pid:24120;line:116:_train_model] - INFO: [ Epoch 5 (valid) ]:  valid loglike is 0.630861510764223, num_events is 17018, mark_ll is -1.7056413211838202, time_ll is 2.336502776357203[0m
[38;20m2026-09-28 09:44:43,782 - tpp_runner.py[pid:24120;line:136:_train_model] - INFO: [ Epoch 5 (test) ]: test loglike is 1.2453552055670591, num_events is 33655, mark_ll is -1.7021950821061136, time_ll is 2.9475503166900348[0m
[31;1m2026-09-28 09:44:43,782 - tpp_runner.py[pid:24120;line:140:_train_model] - CRITICAL: current best loglike on valid set is 0.6309 (updated at epoch-5), best updated at this epoch[0m
[38;20m2026-09-28 09:44:43,937 - tpp_runner.py[pid:24120;line:104:_train_model] - INFO: [ Epoch 6 (train) ]: train loglike is 0.927440069747141, num_events is 66675, mark_ll is -1.6684180639529433, time_ll is 2.5958581227151294[0m
[38;20m2026-09-28 09:44:43,969 - tpp_runner.py[pid:24120;line:116:_train_model] - INFO: [ Epoch 6 (valid) ]:  valid loglike is 0.8189344102395717, num_events is 17018, mark_ll is -1.6419201805051085, time_ll is 2.460854594331186[0m
[38;20m2026-09-28 09:44:44,032 - tpp_runner.py[pid:24120;line:136:_train_model] - INFO: [ Epoch 6 (test) ]: test loglike is 1.4355050689556714, num_events is 33655, mark_ll is -1.6244802427086429, time_ll is 3.0599852101052964[0m
[31;1m2026-09-28 09:44:44,032 - tpp_runner.py[pid:24120;line:140:_train_model] - CRITICAL: current best loglike on valid set is 0.8189 (updated at epoch-6), best updated at this epoch[0m
[38;20m2026-09-28 09:44:44,199 - tpp_runner.py[pid:24120;line:104:_train_model] - INFO: [ Epoch 7 (train) ]: train loglike is 1.080008176468176, num_events is 66675, mark_ll is -1.6088449685976753, time_ll is 2.688853134080896[0m
[38;20m2026-09-28 09:44:44,231 - tpp_runner.py[pid:24120;line:116:_train_model] - INFO: [ Epoch 7 (valid) ]:  valid loglike is 0.9567239259017566, num_events is 17018, mark_ll is -1.5940608065954063, time_ll is 2.550784736083669[0m
[38;20m2026-09-28 09:44:44,292 - tpp_runner.py[pid:24120;line:136:_train_model] - INFO: [ Epoch 7 (test) ]: test loglike is 1.5978218782498885, num_events is 33655, mark_ll is -1.5671468546301628, time_ll is 3.164968551524662[0m
[31;1m2026-09-28 09:44:44,292 - tpp_runner.py[pid:24120;line:140:_train_model] - CRITICAL: current best loglike on valid set is 0.9567 (updated at epoch-7), best updated at this epoch[0m
[38;20m2026-09-28 09:44:44,446 - tpp_runner.py[pid:24120;line:104:_train_model] - INFO: [ Epoch 8 (train) ]: train loglike is 1.2255355751429509, num_events is 66675, mark_ll is -1.561675754886108, time_ll is 2.7872112567960254[0m
[38;20m2026-09-28 09:44:44,473 - tpp_runner.py[pid:24120;line:116:_train_model] - INFO: [ Epoch 8 (valid) ]:  valid loglike is 1.1024634123324843, num_events is 17018, mark_ll is -1.547901343200949, time_ll is 2.6503647519469276[0m
[38;20m2026-09-28 09:44:44,532 - tpp_runner.py[pid:24120;line:136:_train_model] - INFO: [ Epoch 8 (test) ]: test loglike is 1.757458650245831, num_events is 33655, mark_ll is -1.5116032773965606, time_ll is 3.269061836964697[0m
[31;1m2026-09-28 09:44:44,532 - tpp_runner.py[pid:24120;line:140:_train_model] - CRITICAL: current best loglike on valid set is 1.1025 (updated at epoch-8), best updated at this epoch[0m
[38;20m2026-09-28 09:44:44,689 - tpp_runner.py[pid:24120;line:104:_train_model] - INFO: [ Epoch 9 (train) ]: train loglike is 1.3630603901563085, num_events is 66675, mark_ll is -1.5178288199814867, time_ll is 2.8808891954911884[0m
[38;20m2026-09-28 09:44:44,726 - tpp_runner.py[pid:24120;line:116:_train_model] - INFO: [ Epoch 9 (valid) ]:  valid loglike is 1.2262702822643212, num_events is 17018, mark_ll is -1.5180569378746034, time_ll is 2.7443271663413373[0m
[38;20m2026-09-28 09:44:44,779 - tpp_runner.py[pid:24120;line:136:_train_model] - INFO: [ Epoch 9 (test) ]: test loglike is 1.9023754364136087, num_events is 33655, mark_ll is -1.4732656186162902, time_ll is 3.3756410840467614[0m
[31;1m2026-09-28 09:44:44,779 - tpp_runner.py[pid:24120;line:140:_train_model] - CRITICAL: current best loglike on valid set is 1.2263 (updated at epoch-9), best updated at this epoch[0m
[38;20m2026-09-28 09:44:44,936 - tpp_runner.py[pid:24120;line:104:_train_model] - INFO: [ Epoch 10 (train) ]: train loglike is 1.488147380014998, num_events is 66675, mark_ll is -1.4916352789885639, time_ll is 2.979782659003562[0m
[38;20m2026-09-28 09:44:44,968 - tpp_runner.py[pid:24120;line:116:_train_model] - INFO: [ Epoch 10 (valid) ]:  valid loglike is 1.3320586724235919, num_events is 17018, mark_ll is -1.5020921236200273, time_ll is 2.834150731486514[0m
[38;20m2026-09-28 09:44:45,022 - tpp_runner.py[pid:24120;line:136:_train_model] - INFO: [ Epoch 10 (test) ]: test loglike is 2.032556828799352, num_events is 33655, mark_ll is -1.4519614020599652, time_ll is 3.484518227232209[0m
[31;1m2026-09-28 09:44:45,024 - tpp_runner.py[pid:24120;line:140:_train_model] - CRITICAL: current best loglike on valid set is 1.3321 (updated at epoch-10), best updated at this epoch[0m
[38;20m2026-09-28 09:44:45,188 - tpp_runner.py[pid:24120;line:104:_train_model] - INFO: [ Epoch 11 (train) ]: train loglike is 1.5882979471316085, num_events is 66675, mark_ll is -1.4782423925524935, time_ll is 3.0665403543307086[0m
[38;20m2026-09-28 09:44:45,217 - tpp_runner.py[pid:24120;line:116:_train_model] - INFO: [ Epoch 11 (valid) ]:  valid loglike is 1.4049216299699216, num_events is 17018, mark_ll is -1.4978961198138552, time_ll is 2.9028178573789516[0m
[38;20m2026-09-28 09:44:45,277 - tpp_runner.py[pid:24120;line:136:_train_model] - INFO: [ Epoch 11 (test) ]: test loglike is 2.131883249493946, num_events is 33655, mark_ll is -1.4465711608079688, time_ll is 3.578454500979609[0m
[31;1m2026-09-28 09:44:45,277 - tpp_runner.py[pid:24120;line:140:_train_model] - CRITICAL: current best loglike on valid set is 1.4049 (updated at epoch-11), best updated at this epoch[0m
[38;20m2026-09-28 09:44:45,437 - tpp_runner.py[pid:24120;line:104:_train_model] - INFO: [ Epoch 12 (train) ]: train loglike is 1.6672453284648012, num_events is 66675, mark_ll is -1.4740661030652418, time_ll is 3.141311398575178[0m
[38;20m2026-09-28 09:44:45,468 - tpp_runner.py[pid:24120;line:116:_train_model] - INFO: [ Epoch 12 (valid) ]:  valid loglike is 1.471536836972709, num_events is 17018, mark_ll is -1.4977324603797266, time_ll is 2.969269182584249[0m
[38;20m2026-09-28 09:44:45,532 - tpp_runner.py[pid:24120;line:136:_train_model] - INFO: [ Epoch 12 (test) ]: test loglike is 2.199913083616151, num_events is 33655, mark_ll is -1.4437438992047058, time_ll is 3.643656979193749[0m
[31;1m2026-09-28 09:44:45,532 - tpp_runner.py[pid:24120;line:140:_train_model] - CRITICAL: current best loglike on valid set is 1.4715 (updated at epoch-12), best updated at this epoch[0m
[38;20m2026-09-28 09:44:45,737 - tpp_runner.py[pid:24120;line:104:_train_model] - INFO: [ Epoch 13 (train) ]: train loglike is 1.7353677836168917, num_events is 66675, mark_ll is -1.474261291069085, time_ll is 3.20962910397919[0m
[38;20m2026-09-28 09:44:45,765 - tpp_runner.py[pid:24120;line:116:_train_model] - INFO: [ Epoch 13 (valid) ]:  valid loglike is 1.5478121826659639, num_events is 17018, mark_ll is -1.4992354286867213, time_ll is 3.047047496584499[0m
[38;20m2026-09-28 09:44:45,821 - tpp_runner.py[pid:24120;line:136:_train_model] - INFO: [ Epoch 13 (test) ]: test loglike is 2.259643123061674, num_events is 33655, mark_ll is -1.4498280605825657, time_ll is 3.7094711473731614[0m
[31;1m2026-09-28 09:44:45,821 - tpp_runner.py[pid:24120;line:140:_train_model] - CRITICAL: current best loglike on valid set is 1.5478 (updated at epoch-13), best updated at this epoch[0m
[38;20m2026-09-28 09:44:45,984 - tpp_runner.py[pid:24120;line:104:_train_model] - INFO: [ Epoch 14 (train) ]: train loglike is 1.788349210254968, num_events is 66675, mark_ll is -1.4760110918752343, time_ll is 3.264360228897169[0m
[38;20m2026-09-28 09:44:46,010 - tpp_runner.py[pid:24120;line:116:_train_model] - INFO: [ Epoch 14 (valid) ]:  valid loglike is 1.6013493180933422, num_events is 17018, mark_ll is -1.4999153297703167, time_ll is 3.101264705247752[0m
[38;20m2026-09-28 09:44:46,066 - tpp_runner.py[pid:24120;line:136:_train_model] - INFO: [ Epoch 14 (test) ]: test loglike is 2.326436599461679, num_events is 33655, mark_ll is -1.453715050640228, time_ll is 3.780151566678428[0m
[31;1m2026-09-28 09:44:46,066 - tpp_runner.py[pid:24120;line:140:_train_model] - CRITICAL: current best loglike on valid set is 1.6013 (updated at epoch-14), best updated at this epoch[0m
[38;20m2026-09-28 09:44:46,230 - tpp_runner.py[pid:24120;line:104:_train_model] - INFO: [ Epoch 15 (train) ]: train loglike is 1.8406892473401761, num_events is 66675, mark_ll is -1.4722440651949755, time_ll is 3.3129333271817587[0m
[38;20m2026-09-28 09:44:46,259 - tpp_runner.py[pid:24120;line:116:_train_model] - INFO: [ Epoch 15 (valid) ]:  valid loglike is 1.6395237849033009, num_events is 17018, mark_ll is -1.4944193969253143, time_ll is 3.133943138790545[0m
[38;20m2026-09-28 09:44:46,315 - tpp_runner.py[pid:24120;line:136:_train_model] - INFO: [ Epoch 15 (test) ]: test loglike is 2.3691237226777226, num_events is 33655, mark_ll is -1.4464250681606095, time_ll is 3.8155487291774994[0m
[31;1m2026-09-28 09:44:46,315 - tpp_runner.py[pid:24120;line:140:_train_model] - CRITICAL: current best loglike on valid set is 1.6395 (updated at epoch-15), best updated at this epoch[0m
[38;20m2026-09-28 09:44:46,474 - tpp_runner.py[pid:24120;line:104:_train_model] - INFO: [ Epoch 16 (train) ]: train loglike is 1.8738641886072835, num_events is 66675, mark_ll is -1.465880817632171, time_ll is 3.3397449732845894[0m
[38;20m2026-09-28 09:44:46,502 - tpp_runner.py[pid:24120;line:116:_train_model] - INFO: [ Epoch 16 (valid) ]:  valid loglike is 1.6727306398693662, num_events is 17018, mark_ll is -1.4890211748452007, time_ll is 3.161751814714567[0m
[38;20m2026-09-28 09:44:46,568 - tpp_runner.py[pid:24120;line:136:_train_model] - INFO: [ Epoch 16 (test) ]: test loglike is 2.4114362418288517, num_events is 33655, mark_ll is -1.439366763563642, time_ll is 3.850802918341907[0m
[31;1m2026-09-28 09:44:46,568 - tpp_runner.py[pid:24120;line:140:_train_model] - CRITICAL: current best loglike on valid set is 1.6727 (updated at epoch-16), best updated at this epoch[0m
[38;20m2026-09-28 09:44:46,774 - tpp_runner.py[pid:24120;line:104:_train_model] - INFO: [ Epoch 17 (train) ]: train loglike is 1.904299460126078, num_events is 66675, mark_ll is -1.4614615665717567, time_ll is 3.365761045006093[0m
[38;20m2026-09-28 09:44:46,803 - tpp_runner.py[pid:24120;line:116:_train_model] - INFO: [ Epoch 17 (valid) ]:  valid loglike is 1.6944180326184959, num_events is 17018, mark_ll is -1.483508098502321, time_ll is 3.177925951795525[0m
[38;20m2026-09-28 09:44:46,862 - tpp_runner.py[pid:24120;line:136:_train_model] - INFO: [ Epoch 17 (test) ]: test loglike is 2.437523960674027, num_events is 33655, mark_ll is -1.434581846702756, time_ll is 3.8721058291394295[0m
[31;1m2026-09-28 09:44:46,862 - tpp_runner.py[pid:24120;line:140:_train_model] - CRITICAL: current best loglike on valid set is 1.6944 (updated at epoch-17), best updated at this epoch[0m
[38;20m2026-09-28 09:44:47,070 - tpp_runner.py[pid:24120;line:104:_train_model] - INFO: [ Epoch 18 (train) ]: train loglike is 1.9281105804157292, num_events is 66675, mark_ll is -1.4573797550208567, time_ll is 3.385490405007968[0m
[38;20m2026-09-28 09:44:47,094 - tpp_runner.py[pid:24120;line:116:_train_model] - INFO: [ Epoch 18 (valid) ]:  valid loglike is 1.7068864484135364, num_events is 17018, mark_ll is -1.4804074996534, time_ll is 3.187293933720913[0m
[38;20m2026-09-28 09:44:47,156 - tpp_runner.py[pid:24120;line:136:_train_model] - INFO: [ Epoch 18 (test) ]: test loglike is 2.4510230039880776, num_events is 33655, mark_ll is -1.432722598506444, time_ll is 3.8837455734776594[0m
[31;1m2026-09-28 09:44:47,156 - tpp_runner.py[pid:24120;line:140:_train_model] - CRITICAL: current best loglike on valid set is 1.7069 (updated at epoch-18), best updated at this epoch[0m
[38;20m2026-09-28 09:44:47,378 - tpp_runner.py[pid:24120;line:104:_train_model] - INFO: [ Epoch 19 (train) ]: train loglike is 1.944734471667604, num_events is 66675, mark_ll is -1.4546492247551088, time_ll is 3.3993836122047245[0m
[38;20m2026-09-28 09:44:47,408 - tpp_runner.py[pid:24120;line:116:_train_model] - INFO: [ Epoch 19 (valid) ]:  valid loglike is 1.716134246528492, num_events is 17018, mark_ll is -1.4784946009028124, time_ll is 3.1946287828741995[0m
[38;20m2026-09-28 09:44:47,482 - tpp_runner.py[pid:24120;line:136:_train_model] - INFO: [ Epoch 19 (test) ]: test loglike is 2.459425021443461, num_events is 33655, mark_ll is -1.4313869088104478, time_ll is 3.890811984660526[0m
[31;1m2026-09-28 09:44:47,482 - tpp_runner.py[pid:24120;line:140:_train_model] - CRITICAL: current best loglike on valid set is 1.7161 (updated at epoch-19), best updated at this epoch[0m
[38;20m2026-09-28 09:44:47,704 - tpp_runner.py[pid:24120;line:104:_train_model] - INFO: [ Epoch 20 (train) ]: train loglike is 1.9561922703997938, num_events is 66675, mark_ll is -1.4526442104893138, time_ll is 3.408836488212411[0m
[38;20m2026-09-28 09:44:47,741 - tpp_runner.py[pid:24120;line:116:_train_model] - INFO: [ Epoch 20 (valid) ]:  valid loglike is 1.7265288872673419, num_events is 17018, mark_ll is -1.476587060391938, time_ll is 3.2031159620053034[0m
[38;20m2026-09-28 09:44:47,811 - tpp_runner.py[pid:24120;line:136:_train_model] - INFO: [ Epoch 20 (test) ]: test loglike is 2.4709830470432976, num_events is 33655, mark_ll is -1.429899468178948, time_ll is 3.900882518849354[0m
[31;1m2026-09-28 09:44:47,811 - tpp_runner.py[pid:24120;line:140:_train_model] - CRITICAL: current best loglike on valid set is 1.7265 (updated at epoch-20), best updated at this epoch[0m
[38;20m2026-09-28 09:44:48,034 - tpp_runner.py[pid:24120;line:104:_train_model] - INFO: [ Epoch 21 (train) ]: train loglike is 1.9684333696569178, num_events is 66675, mark_ll is -1.4506501372387046, time_ll is 3.4190835032339706[0m
[38;20m2026-09-28 09:44:48,065 - tpp_runner.py[pid:24120;line:116:_train_model] - INFO: [ Epoch 21 (valid) ]:  valid loglike is 1.7373465061580018, num_events is 17018, mark_ll is -1.4741065755743918, time_ll is 3.211452952618184[0m
[38;20m2026-09-28 09:44:48,133 - tpp_runner.py[pid:24120;line:136:_train_model] - INFO: [ Epoch 21 (test) ]: test loglike is 2.482701880466777, num_events is 33655, mark_ll is -1.426419066022647, time_ll is 3.9091210879466276[0m
[31;1m2026-09-28 09:44:48,133 - tpp_runner.py[pid:24120;line:140:_train_model] - CRITICAL: current best loglike on valid set is 1.7373 (updated at epoch-21), best updated at this epoch[0m
[38;20m2026-09-28 09:44:48,375 - tpp_runner.py[pid:24120;line:104:_train_model] - INFO: [ Epoch 22 (train) ]: train loglike is 1.9796095800524935, num_events is 66675, mark_ll is -1.4481738976963816, time_ll is 3.427783492395482[0m
[38;20m2026-09-28 09:44:48,410 - tpp_runner.py[pid:24120;line:116:_train_model] - INFO: [ Epoch 22 (valid) ]:  valid loglike is 1.7459611783984237, num_events is 17018, mark_ll is -1.4713904716697026, time_ll is 3.2173516644141498[0m
[38;20m2026-09-28 09:44:48,481 - tpp_runner.py[pid:24120;line:136:_train_model] - INFO: [ Epoch 22 (test) ]: test loglike is 2.492589992896672, num_events is 33655, mark_ll is -1.4236956158712952, time_ll is 3.916285641411937[0m
[31;1m2026-09-28 09:44:48,481 - tpp_runner.py[pid:24120;line:140:_train_model] - CRITICAL: current best loglike on valid set is 1.7460 (updated at epoch-22), best updated at this epoch[0m
[38;20m2026-09-28 09:44:48,695 - tpp_runner.py[pid:24120;line:104:_train_model] - INFO: [ Epoch 23 (train) ]: train loglike is 1.9905460840832396, num_events is 66675, mark_ll is -1.4458165849386013, time_ll is 3.436362625082021[0m
[38;20m2026-09-28 09:44:48,727 - tpp_runner.py[pid:24120;line:116:_train_model] - INFO: [ Epoch 23 (valid) ]:  valid loglike is 1.753012994857467, num_events is 17018, mark_ll is -1.4691452472887163, time_ll is 3.222158127377997[0m
[38;20m2026-09-28 09:44:48,791 - tpp_runner.py[pid:24120;line:136:_train_model] - INFO: [ Epoch 23 (test) ]: test loglike is 2.50057737389852, num_events is 33655, mark_ll is -1.4221181576787902, time_ll is 3.922695386492999[0m
[31;1m2026-09-28 09:44:48,791 - tpp_runner.py[pid:24120;line:140:_train_model] - CRITICAL: current best loglike on valid set is 1.7530 (updated at epoch-23), best updated at this epoch[0m
[38;20m2026-09-28 09:44:49,028 - tpp_runner.py[pid:24120;line:104:_train_model] - INFO: [ Epoch 24 (train) ]: train loglike is 1.9985809928055869, num_events is 66675, mark_ll is -1.443935448010405, time_ll is 3.442516455462598[0m
[38;20m2026-09-28 09:44:49,059 - tpp_runner.py[pid:24120;line:116:_train_model] - INFO: [ Epoch 24 (valid) ]:  valid loglike is 1.7578397000602304, num_events is 17018, mark_ll is -1.4678395511485083, time_ll is 3.22567912926754[0m
[38;20m2026-09-28 09:44:49,130 - tpp_runner.py[pid:24120;line:136:_train_model] - INFO: [ Epoch 24 (test) ]: test loglike is 2.5062801702825546, num_events is 33655, mark_ll is -1.4210819909165615, time_ll is 3.9273619870979424[0m
[31;1m2026-09-28 09:44:49,130 - tpp_runner.py[pid:24120;line:140:_train_model] - CRITICAL: current best loglike on valid set is 1.7578 (updated at epoch-24), best updated at this epoch[0m
[38;20m2026-09-28 09:44:49,348 - tpp_runner.py[pid:24120;line:104:_train_model] - INFO: [ Epoch 25 (train) ]: train loglike is 2.0048439404058866, num_events is 66675, mark_ll is -1.4431200824018091, time_ll is 3.4479639459130107[0m
[38;20m2026-09-28 09:44:49,382 - tpp_runner.py[pid:24120;line:116:_train_model] - INFO: [ Epoch 25 (valid) ]:  valid loglike is 1.7613162077584212, num_events is 17018, mark_ll is -1.4671631146295467, time_ll is 3.228479272176886[0m
[38;20m2026-09-28 09:44:49,445 - tpp_runner.py[pid:24120;line:136:_train_model] - INFO: [ Epoch 25 (test) ]: test loglike is 2.5105842994981242, num_events is 33655, mark_ll is -1.4196647565833458, time_ll is 3.930248940014021[0m
[31;1m2026-09-28 09:44:49,445 - tpp_runner.py[pid:24120;line:140:_train_model] - CRITICAL: current best loglike on valid set is 1.7613 (updated at epoch-25), best updated at this epoch[0m
[38;20m2026-09-28 09:44:49,671 - tpp_runner.py[pid:24120;line:104:_train_model] - INFO: [ Epoch 26 (train) ]: train loglike is 2.0094400492418916, num_events is 66675, mark_ll is -1.442356507194413, time_ll is 3.451796618684383[0m
[38;20m2026-09-28 09:44:49,703 - tpp_runner.py[pid:24120;line:116:_train_model] - INFO: [ Epoch 26 (valid) ]:  valid loglike is 1.7644312817448804, num_events is 17018, mark_ll is -1.4667267588109831, time_ll is 3.231157990344782[0m
[38;20m2026-09-28 09:44:49,845 - tpp_runner.py[pid:24120;line:136:_train_model] - INFO: [ Epoch 26 (test) ]: test loglike is 2.515425712189868, num_events is 33655, mark_ll is -1.4189889574879755, time_ll is 3.9344146950675976[0m
[31;1m2026-09-28 09:44:49,845 - tpp_runner.py[pid:24120;line:140:_train_model] - CRITICAL: current best loglike on valid set is 1.7644 (updated at epoch-26), best updated at this epoch[0m
[38;20m2026-09-28 09:44:50,066 - tpp_runner.py[pid:24120;line:104:_train_model] - INFO: [ Epoch 27 (train) ]: train loglike is 2.0143392329865017, num_events is 66675, mark_ll is -1.4417541215551182, time_ll is 3.456093339895013[0m
[38;20m2026-09-28 09:44:50,113 - tpp_runner.py[pid:24120;line:116:_train_model] - INFO: [ Epoch 27 (valid) ]:  valid loglike is 1.7675709591613475, num_events is 17018, mark_ll is -1.4664600447182763, time_ll is 3.2340310110526356[0m
[38;20m2026-09-28 09:44:50,181 - tpp_runner.py[pid:24120;line:136:_train_model] - INFO: [ Epoch 27 (test) ]: test loglike is 2.520193023069566, num_events is 33655, mark_ll is -1.4174214194352621, time_ll is 3.937614435250613[0m
[31;1m2026-09-28 09:44:50,181 - tpp_runner.py[pid:24120;line:140:_train_model] - CRITICAL: current best loglike on valid set is 1.7676 (updated at epoch-27), best updated at this epoch[0m
[38;20m2026-09-28 09:44:50,398 - tpp_runner.py[pid:24120;line:104:_train_model] - INFO: [ Epoch 28 (train) ]: train loglike is 2.0194939597394077, num_events is 66675, mark_ll is -1.4403416650555398, time_ll is 3.459835716336239[0m
[38;20m2026-09-28 09:44:50,446 - tpp_runner.py[pid:24120;line:116:_train_model] - INFO: [ Epoch 28 (valid) ]:  valid loglike is 1.7724649113484618, num_events is 17018, mark_ll is -1.4663428520537078, time_ll is 3.23880776340217[0m
[38;20m2026-09-28 09:44:50,509 - tpp_runner.py[pid:24120;line:136:_train_model] - INFO: [ Epoch 28 (test) ]: test loglike is 2.5262931074506016, num_events is 33655, mark_ll is -1.4180971314800457, time_ll is 3.9443903586252045[0m
[31;1m2026-09-28 09:44:50,509 - tpp_runner.py[pid:24120;line:140:_train_model] - CRITICAL: current best loglike on valid set is 1.7725 (updated at epoch-28), best updated at this epoch[0m
[38;20m2026-09-28 09:44:50,763 - tpp_runner.py[pid:24120;line:104:_train_model] - INFO: [ Epoch 29 (train) ]: train loglike is 2.025552598161558, num_events is 66675, mark_ll is -1.439259368701959, time_ll is 3.4648119375703037[0m
[38;20m2026-09-28 09:44:50,795 - tpp_runner.py[pid:24120;line:116:_train_model] - INFO: [ Epoch 29 (valid) ]:  valid loglike is 1.7762347450126337, num_events is 17018, mark_ll is -1.4657330384670826, time_ll is 3.2419678480368215[0m
[38;20m2026-09-28 09:44:50,874 - tpp_runner.py[pid:24120;line:136:_train_model] - INFO: [ Epoch 29 (test) ]: test loglike is 2.5294926445155808, num_events is 33655, mark_ll is -1.416438502242423, time_ll is 3.945931183029082[0m
[31;1m2026-09-28 09:44:50,874 - tpp_runner.py[pid:24120;line:140:_train_model] - CRITICAL: current best loglike on valid set is 1.7762 (updated at epoch-29), best updated at this epoch[0m
[38;20m2026-09-28 09:44:51,231 - tpp_runner.py[pid:24120;line:104:_train_model] - INFO: [ Epoch 30 (train) ]: train loglike is 2.029537577334083, num_events is 66675, mark_ll is -1.4379818806828835, time_ll is 3.467519458016967[0m
[38;20m2026-09-28 09:44:51,250 - tpp_runner.py[pid:24120;line:116:_train_model] - INFO: [ Epoch 30 (valid) ]:  valid loglike is 1.7799521152694942, num_events is 17018, mark_ll is -1.4659806436567164, time_ll is 3.2459327589262106[0m
[38;20m2026-09-28 09:44:51,332 - tpp_runner.py[pid:24120;line:136:_train_model] - INFO: [ Epoch 30 (test) ]: test loglike is 2.5357335985087652, num_events is 33655, mark_ll is -1.4178704154808441, time_ll is 3.9536039305661306[0m
[31;1m2026-09-28 09:44:51,332 - tpp_runner.py[pid:24120;line:140:_train_model] - CRITICAL: current best loglike on valid set is 1.7800 (updated at epoch-30), best updated at this epoch[0m
[38;20m2026-09-28 09:44:51,549 - tpp_runner.py[pid:24120;line:104:_train_model] - INFO: [ Epoch 31 (train) ]: train loglike is 2.03655312983338, num_events is 66675, mark_ll is -1.4371221541643233, time_ll is 3.473675199779715[0m
[38;20m2026-09-28 09:44:51,580 - tpp_runner.py[pid:24120;line:116:_train_model] - INFO: [ Epoch 31 (valid) ]:  valid loglike is 1.7856007758788488, num_events is 17018, mark_ll is -1.4639164517441092, time_ll is 3.2495173280451213[0m
[38;20m2026-09-28 09:44:51,653 - tpp_runner.py[pid:24120;line:136:_train_model] - INFO: [ Epoch 31 (test) ]: test loglike is 2.539086576741476, num_events is 33655, mark_ll is -1.4161645830625094, time_ll is 3.9552510727533985[0m
[31;1m2026-09-28 09:44:51,653 - tpp_runner.py[pid:24120;line:140:_train_model] - CRITICAL: current best loglike on valid set is 1.7856 (updated at epoch-31), best updated at this epoch[0m
[38;20m2026-09-28 09:44:51,880 - tpp_runner.py[pid:24120;line:104:_train_model] - INFO: [ Epoch 32 (train) ]: train loglike is 2.0396515462422666, num_events is 66675, mark_ll is -1.4347489461766498, time_ll is 3.4744005363587362[0m
[38;20m2026-09-28 09:44:51,917 - tpp_runner.py[pid:24120;line:116:_train_model] - INFO: [ Epoch 32 (valid) ]:  valid loglike is 1.785225146777034, num_events is 17018, mark_ll is -1.4653251595048258, time_ll is 3.2505503708389645[0m
[38;20m2026-09-28 09:44:51,981 - tpp_runner.py[pid:24120;line:136:_train_model] - INFO: [ Epoch 32 (test) ]: test loglike is 2.5407380787123013, num_events is 33655, mark_ll is -1.415500873117386, time_ll is 3.956239060642921[0m
[31;1m2026-09-28 09:44:51,981 - tpp_runner.py[pid:24120;line:140:_train_model] - CRITICAL: current best loglike on valid set is 1.7856 (updated at epoch-31)[0m
[38;20m2026-09-28 09:44:52,196 - tpp_runner.py[pid:24120;line:104:_train_model] - INFO: [ Epoch 33 (train) ]: train loglike is 2.04423189532949, num_events is 66675, mark_ll is -1.434965067843082, time_ll is 3.479196911909449[0m
[38;20m2026-09-28 09:44:52,227 - tpp_runner.py[pid:24120;line:116:_train_model] - INFO: [ Epoch 33 (valid) ]:  valid loglike is 1.7897636618901678, num_events is 17018, mark_ll is -1.464333088953608, time_ll is 3.254096693459682[0m
[38;20m2026-09-28 09:44:52,306 - tpp_runner.py[pid:24120;line:136:_train_model] - INFO: [ Epoch 33 (test) ]: test loglike is 2.5464642155349315, num_events is 33655, mark_ll is -1.4155851671023065, time_ll is 3.962049324603514[0m
[31;1m2026-09-28 09:44:52,306 - tpp_runner.py[pid:24120;line:140:_train_model] - CRITICAL: current best loglike on valid set is 1.7898 (updated at epoch-33), best updated at this epoch[0m
[38;20m2026-09-28 09:44:52,540 - tpp_runner.py[pid:24120;line:104:_train_model] - INFO: [ Epoch 34 (train) ]: train loglike is 2.0463857960137797, num_events is 66675, mark_ll is -1.433429202697319, time_ll is 3.4798149767411886[0m
[38;20m2026-09-28 09:44:52,580 - tpp_runner.py[pid:24120;line:116:_train_model] - INFO: [ Epoch 34 (valid) ]:  valid loglike is 1.7897718247774415, num_events is 17018, mark_ll is -1.4658998898914017, time_ll is 3.255671843783053[0m
[38;20m2026-09-28 09:44:52,656 - tpp_runner.py[pid:24120;line:136:_train_model] - INFO: [ Epoch 34 (test) ]: test loglike is 2.548421178014968, num_events is 33655, mark_ll is -1.417432648960964, time_ll is 3.965853558569956[0m
[31;1m2026-09-28 09:44:52,656 - tpp_runner.py[pid:24120;line:140:_train_model] - CRITICAL: current best loglike on valid set is 1.7898 (updated at epoch-34), best updated at this epoch[0m
[38;20m2026-09-28 09:44:52,884 - tpp_runner.py[pid:24120;line:104:_train_model] - INFO: [ Epoch 35 (train) ]: train loglike is 2.05244142821991, num_events is 66675, mark_ll is -1.4328902844663949, time_ll is 3.4853317822576866[0m
[38;20m2026-09-28 09:44:52,919 - tpp_runner.py[pid:24120;line:116:_train_model] - INFO: [ Epoch 35 (valid) ]:  valid loglike is 1.7947454045670392, num_events is 17018, mark_ll is -1.464249903537339, time_ll is 3.25899531527739[0m
[38;20m2026-09-28 09:44:52,986 - tpp_runner.py[pid:24120;line:136:_train_model] - INFO: [ Epoch 35 (test) ]: test loglike is 2.550576108037903, num_events is 33655, mark_ll is -1.4185439730236036, time_ll is 3.9691199940109194[0m
[31;1m2026-09-28 09:44:52,986 - tpp_runner.py[pid:24120;line:140:_train_model] - CRITICAL: current best loglike on valid set is 1.7947 (updated at epoch-35), best updated at this epoch[0m
[38;20m2026-09-28 09:44:53,216 - tpp_runner.py[pid:24120;line:104:_train_model] - INFO: [ Epoch 36 (train) ]: train loglike is 2.055710470273247, num_events is 66675, mark_ll is -1.4309818572483126, time_ll is 3.486692400754593[0m
[38;20m2026-09-28 09:44:53,237 - tpp_runner.py[pid:24120;line:116:_train_model] - INFO: [ Epoch 36 (valid) ]:  valid loglike is 1.7931166933655724, num_events is 17018, mark_ll is -1.463969417262237, time_ll is 3.2570861608388912[0m
[38;20m2026-09-28 09:44:53,316 - tpp_runner.py[pid:24120;line:136:_train_model] - INFO: [ Epoch 36 (test) ]: test loglike is 2.5496660159151685, num_events is 33655, mark_ll is -1.418613852882187, time_ll is 3.9682798687973557[0m
[31;1m2026-09-28 09:44:53,316 - tpp_runner.py[pid:24120;line:140:_train_model] - CRITICAL: current best loglike on valid set is 1.7947 (updated at epoch-35)[0m
[38;20m2026-09-28 09:44:53,525 - tpp_runner.py[pid:24120;line:104:_train_model] - INFO: [ Epoch 37 (train) ]: train loglike is 2.0595201405488375, num_events is 66675, mark_ll is -1.4301294467097863, time_ll is 3.489649616551837[0m
[38;20m2026-09-28 09:44:53,571 - tpp_runner.py[pid:24120;line:116:_train_model] - INFO: [ Epoch 37 (valid) ]:  valid loglike is 1.7968205998795392, num_events is 17018, mark_ll is -1.4637726328602436, time_ll is 3.260593419238086[0m
[38;20m2026-09-28 09:44:53,633 - tpp_runner.py[pid:24120;line:136:_train_model] - INFO: [ Epoch 37 (test) ]: test loglike is 2.554642799523659, num_events is 33655, mark_ll is -1.4171349432081972, time_ll is 3.9717777427318564[0m
[31;1m2026-09-28 09:44:53,633 - tpp_runner.py[pid:24120;line:140:_train_model] - CRITICAL: current best loglike on valid set is 1.7968 (updated at epoch-37), best updated at this epoch[0m
[38;20m2026-09-28 09:44:53,869 - tpp_runner.py[pid:24120;line:104:_train_model] - INFO: [ Epoch 38 (train) ]: train loglike is 2.06080084715973, num_events is 66675, mark_ll is -1.4296723041455754, time_ll is 3.490473202568429[0m
[38;20m2026-09-28 09:44:53,917 - tpp_runner.py[pid:24120;line:116:_train_model] - INFO: [ Epoch 38 (valid) ]:  valid loglike is 1.7953652245049359, num_events is 17018, mark_ll is -1.4641651472315158, time_ll is 3.25953032152537[0m
[38;20m2026-09-28 09:44:53,981 - tpp_runner.py[pid:24120;line:136:_train_model] - INFO: [ Epoch 38 (test) ]: test loglike is 2.5541340106062433, num_events is 33655, mark_ll is -1.4175144329872975, time_ll is 3.97164836379717[0m
[31;1m2026-09-28 09:44:53,981 - tpp_runner.py[pid:24120;line:140:_train_model] - CRITICAL: current best loglike on valid set is 1.7968 (updated at epoch-37)[0m
[38;20m2026-09-28 09:44:54,203 - tpp_runner.py[pid:24120;line:104:_train_model] - INFO: [ Epoch 39 (train) ]: train loglike is 2.063908582472113, num_events is 66675, mark_ll is -1.4297589241774467, time_ll is 3.4936675615743344[0m
[38;20m2026-09-28 09:44:54,249 - tpp_runner.py[pid:24120;line:116:_train_model] - INFO: [ Epoch 39 (valid) ]:  valid loglike is 1.798941652255608, num_events is 17018, mark_ll is -1.4634616039014756, time_ll is 3.262403313541177[0m
[38;20m2026-09-28 09:44:54,331 - tpp_runner.py[pid:24120;line:136:_train_model] - INFO: [ Epoch 39 (test) ]: test loglike is 2.559548259684668, num_events is 33655, mark_ll is -1.4159153499781794, time_ll is 3.9754636096628473[0m
[31;1m2026-09-28 09:44:54,331 - tpp_runner.py[pid:24120;line:140:_train_model] - CRITICAL: current best loglike on valid set is 1.7989 (updated at epoch-39), best updated at this epoch[0m
[38;20m2026-09-28 09:44:54,702 - tpp_runner.py[pid:24120;line:104:_train_model] - INFO: [ Epoch 40 (train) ]: train loglike is 2.065694754464286, num_events is 66675, mark_ll is -1.4290914709880016, time_ll is 3.494786262068804[0m
[38;20m2026-09-28 09:44:54,741 - tpp_runner.py[pid:24120;line:116:_train_model] - INFO: [ Epoch 40 (valid) ]:  valid loglike is 1.800220894328799, num_events is 17018, mark_ll is -1.462949716270089, time_ll is 3.263170667982981[0m
[38;20m2026-09-28 09:44:54,819 - tpp_runner.py[pid:24120;line:136:_train_model] - INFO: [ Epoch 40 (test) ]: test loglike is 2.562434189756351, num_events is 33655, mark_ll is -1.4155253161967483, time_ll is 3.977959444292267[0m
[31;1m2026-09-28 09:44:54,819 - tpp_runner.py[pid:24120;line:140:_train_model] - CRITICAL: current best loglike on valid set is 1.8002 (updated at epoch-40), best updated at this epoch[0m
[38;20m2026-09-28 09:44:55,071 - tpp_runner.py[pid:24120;line:104:_train_model] - INFO: [ Epoch 41 (train) ]: train loglike is 2.0697459289756748, num_events is 66675, mark_ll is -1.429063605818804, time_ll is 3.4988094798697036[0m
[38;20m2026-09-28 09:44:55,104 - tpp_runner.py[pid:24120;line:116:_train_model] - INFO: [ Epoch 41 (valid) ]:  valid loglike is 1.8037321122304324, num_events is 17018, mark_ll is -1.4623949698940093, time_ll is 3.266127082124442[0m
[38;20m2026-09-28 09:44:55,181 - tpp_runner.py[pid:24120;line:136:_train_model] - INFO: [ Epoch 41 (test) ]: test loglike is 2.567518074603514, num_events is 33655, mark_ll is -1.415338487501857, time_ll is 3.9828565621053706[0m
[31;1m2026-09-28 09:44:55,181 - tpp_runner.py[pid:24120;line:140:_train_model] - CRITICAL: current best loglike on valid set is 1.8037 (updated at epoch-41), best updated at this epoch[0m
[38;20m2026-09-28 09:44:55,421 - tpp_runner.py[pid:24120;line:104:_train_model] - INFO: [ Epoch 42 (train) ]: train loglike is 2.0728885525051557, num_events is 66675, mark_ll is -1.4283442157620923, time_ll is 3.501232746297338[0m
[38;20m2026-09-28 09:44:55,468 - tpp_runner.py[pid:24120;line:116:_train_model] - INFO: [ Epoch 42 (valid) ]:  valid loglike is 1.8053689504541148, num_events is 17018, mark_ll is -1.4618175424550477, time_ll is 3.2671863781409756[0m
[38;20m2026-09-28 09:44:55,531 - tpp_runner.py[pid:24120;line:136:_train_model] - INFO: [ Epoch 42 (test) ]: test loglike is 2.5702113617265265, num_events is 33655, mark_ll is -1.4144978037136942, time_ll is 3.984709071135418[0m
[31;1m2026-09-28 09:44:55,531 - tpp_runner.py[pid:24120;line:140:_train_model] - CRITICAL: current best loglike on valid set is 1.8054 (updated at epoch-42), best updated at this epoch[0m
[38;20m2026-09-28 09:44:55,752 - tpp_runner.py[pid:24120;line:104:_train_model] - INFO: [ Epoch 43 (train) ]: train loglike is 2.076755227373922, num_events is 66675, mark_ll is -1.4279470730221222, time_ll is 3.504702190546494[0m
[38;20m2026-09-28 09:44:55,822 - tpp_runner.py[pid:24120;line:116:_train_model] - INFO: [ Epoch 43 (valid) ]:  valid loglike is 1.8073305826459485, num_events is 17018, mark_ll is -1.4616271420334352, time_ll is 3.26895783944757[0m
[38;20m2026-09-28 09:44:55,900 - tpp_runner.py[pid:24120;line:136:_train_model] - INFO: [ Epoch 43 (test) ]: test loglike is 2.5732325466475077, num_events is 33655, mark_ll is -1.413836182982655, time_ll is 3.9870686715964383[0m
[31;1m2026-09-28 09:44:55,900 - tpp_runner.py[pid:24120;line:140:_train_model] - CRITICAL: current best loglike on valid set is 1.8073 (updated at epoch-43), best updated at this epoch[0m
[38;20m2026-09-28 09:44:56,115 - tpp_runner.py[pid:24120;line:104:_train_model] - INFO: [ Epoch 44 (train) ]: train loglike is 2.079878506397638, num_events is 66675, mark_ll is -1.4273116409765185, time_ll is 3.507190238915448[0m
[38;20m2026-09-28 09:44:56,149 - tpp_runner.py[pid:24120;line:116:_train_model] - INFO: [ Epoch 44 (valid) ]:  valid loglike is 1.8077878908315828, num_events is 17018, mark_ll is -1.4615543574840792, time_ll is 3.2693422411426503[0m
[38;20m2026-09-28 09:44:56,210 - tpp_runner.py[pid:24120;line:136:_train_model] - INFO: [ Epoch 44 (test) ]: test loglike is 2.5742741576985217, num_events is 33655, mark_ll is -1.4131131952150033, time_ll is 3.987387356540633[0m
[31;1m2026-09-28 09:44:56,210 - tpp_runner.py[pid:24120;line:140:_train_model] - CRITICAL: current best loglike on valid set is 1.8078 (updated at epoch-44), best updated at this epoch[0m
[38;20m2026-09-28 09:44:56,431 - tpp_runner.py[pid:24120;line:104:_train_model] - INFO: [ Epoch 45 (train) ]: train loglike is 2.0824449360822084, num_events is 66675, mark_ll is -1.4270647724210255, time_ll is 3.509509653578459[0m
[38;20m2026-09-28 09:44:56,478 - tpp_runner.py[pid:24120;line:116:_train_model] - INFO: [ Epoch 45 (valid) ]:  valid loglike is 1.8093893087236677, num_events is 17018, mark_ll is -1.4614790049965478, time_ll is 3.270868299374192[0m
[38;20m2026-09-28 09:44:56,541 - tpp_runner.py[pid:24120;line:136:_train_model] - INFO: [ Epoch 45 (test) ]: test loglike is 2.5757234919356335, num_events is 33655, mark_ll is -1.4128335234421427, time_ll is 3.988557069784393[0m
[31;1m2026-09-28 09:44:56,541 - tpp_runner.py[pid:24120;line:140:_train_model] - CRITICAL: current best loglike on valid set is 1.8094 (updated at epoch-45), best updated at this epoch[0m
[38;20m2026-09-28 09:44:56,762 - tpp_runner.py[pid:24120;line:104:_train_model] - INFO: [ Epoch 46 (train) ]: train loglike is 2.085248292937992, num_events is 66675, mark_ll is -1.4267253336497001, time_ll is 3.5119736595425572[0m
[38;20m2026-09-28 09:44:56,794 - tpp_runner.py[pid:24120;line:116:_train_model] - INFO: [ Epoch 46 (valid) ]:  valid loglike is 1.8092036568357768, num_events is 17018, mark_ll is -1.4619275334159052, time_ll is 3.2711312476357755[0m
[38;20m2026-09-28 09:44:56,873 - tpp_runner.py[pid:24120;line:136:_train_model] - INFO: [ Epoch 46 (test) ]: test loglike is 2.5762690379633413, num_events is 33655, mark_ll is -1.4122356745201772, time_ll is 3.988504563772099[0m
[31;1m2026-09-28 09:44:56,873 - tpp_runner.py[pid:24120;line:140:_train_model] - CRITICAL: current best loglike on valid set is 1.8094 (updated at epoch-45)[0m
[38;20m2026-09-28 09:44:57,107 - tpp_runner.py[pid:24120;line:104:_train_model] - INFO: [ Epoch 47 (train) ]: train loglike is 2.086764084909308, num_events is 66675, mark_ll is -1.426709482359627, time_ll is 3.513473581915542[0m
[38;20m2026-09-28 09:44:57,138 - tpp_runner.py[pid:24120;line:116:_train_model] - INFO: [ Epoch 47 (valid) ]:  valid loglike is 1.8097901222694353, num_events is 17018, mark_ll is -1.4624492265542366, time_ll is 3.272239520975952[0m
[38;20m2026-09-28 09:44:57,210 - tpp_runner.py[pid:24120;line:136:_train_model] - INFO: [ Epoch 47 (test) ]: test loglike is 2.5759247383839696, num_events is 33655, mark_ll is -1.412159313019982, time_ll is 3.9880841094376764[0m
[31;1m2026-09-28 09:44:57,210 - tpp_runner.py[pid:24120;line:140:_train_model] - CRITICAL: current best loglike on valid set is 1.8098 (updated at epoch-47), best updated at this epoch[0m
[38;20m2026-09-28 09:44:57,423 - tpp_runner.py[pid:24120;line:104:_train_model] - INFO: [ Epoch 48 (train) ]: train loglike is 2.0881806278121484, num_events is 66675, mark_ll is -1.4264544117043962, time_ll is 3.51463507247141[0m
[38;20m2026-09-28 09:44:57,470 - tpp_runner.py[pid:24120;line:116:_train_model] - INFO: [ Epoch 48 (valid) ]:  valid loglike is 1.8083749731442442, num_events is 17018, mark_ll is -1.4636866643154491, time_ll is 3.2720615729025884[0m
[38;20m2026-09-28 09:44:57,534 - tpp_runner.py[pid:24120;line:136:_train_model] - INFO: [ Epoch 48 (test) ]: test loglike is 2.5745355488481465, num_events is 33655, mark_ll is -1.4122649851781868, time_ll is 3.9868006791106447[0m
[31;1m2026-09-28 09:44:57,534 - tpp_runner.py[pid:24120;line:140:_train_model] - CRITICAL: current best loglike on valid set is 1.8098 (updated at epoch-47)[0m
[38;20m2026-09-28 09:44:57,755 - tpp_runner.py[pid:24120;line:104:_train_model] - INFO: [ Epoch 49 (train) ]: train loglike is 2.0892493687312523, num_events is 66675, mark_ll is -1.4263957593679697, time_ll is 3.5156451903473003[0m
[38;20m2026-09-28 09:44:57,802 - tpp_runner.py[pid:24120;line:116:_train_model] - INFO: [ Epoch 49 (valid) ]:  valid loglike is 1.8070132916479977, num_events is 17018, mark_ll is -1.4652071778089744, time_ll is 3.272220369034809[0m
[38;20m2026-09-28 09:44:57,871 - tpp_runner.py[pid:24120;line:136:_train_model] - INFO: [ Epoch 49 (test) ]: test loglike is 2.572327082714307, num_events is 33655, mark_ll is -1.4130398478413775, time_ll is 3.985366941437008[0m
[31;1m2026-09-28 09:44:57,871 - tpp_runner.py[pid:24120;line:140:_train_model] - CRITICAL: current best loglike on valid set is 1.8098 (updated at epoch-47)[0m
[38;20m2026-09-28 09:44:58,100 - tpp_runner.py[pid:24120;line:104:_train_model] - INFO: [ Epoch 50 (train) ]: train loglike is 2.089421986314211, num_events is 66675, mark_ll is -1.4260944383905136, time_ll is 3.5155163807649044[0m
[38;20m2026-09-28 09:44:58,132 - tpp_runner.py[pid:24120;line:116:_train_model] - INFO: [ Epoch 50 (valid) ]:  valid loglike is 1.8059886986618947, num_events is 17018, mark_ll is -1.4665052131727252, time_ll is 3.272493976391725[0m
[38;20m2026-09-28 09:44:58,211 - tpp_runner.py[pid:24120;line:136:_train_model] - INFO: [ Epoch 50 (test) ]: test loglike is 2.57097731258589, num_events is 33655, mark_ll is -1.4136136816826994, time_ll is 3.984591001522805[0m
[31;1m2026-09-28 09:44:58,211 - tpp_runner.py[pid:24120;line:140:_train_model] - CRITICAL: current best loglike on valid set is 1.8098 (updated at epoch-47)[0m
[38;20m2026-09-28 09:44:58,448 - tpp_runner.py[pid:24120;line:104:_train_model] - INFO: [ Epoch 51 (train) ]: train loglike is 2.0904260331716347, num_events is 66675, mark_ll is -1.426052512478909, time_ll is 3.516478531003937[0m
[38;20m2026-09-28 09:44:58,482 - tpp_runner.py[pid:24120;line:116:_train_model] - INFO: [ Epoch 51 (valid) ]:  valid loglike is 1.8078247170734663, num_events is 17018, mark_ll is -1.4665817635532048, time_ll is 3.2744063013013793[0m
[38;20m2026-09-28 09:44:58,558 - tpp_runner.py[pid:24120;line:136:_train_model] - INFO: [ Epoch 51 (test) ]: test loglike is 2.5722963683655844, num_events is 33655, mark_ll is -1.4145983797854609, time_ll is 3.9868946647275663[0m
[31;1m2026-09-28 09:44:58,558 - tpp_runner.py[pid:24120;line:140:_train_model] - CRITICAL: current best loglike on valid set is 1.8098 (updated at epoch-47)[0m
[38;20m2026-09-28 09:44:58,785 - tpp_runner.py[pid:24120;line:104:_train_model] - INFO: [ Epoch 52 (train) ]: train loglike is 2.091088583409496, num_events is 66675, mark_ll is -1.4260770199135264, time_ll is 3.517165661909449[0m
[38;20m2026-09-28 09:44:58,811 - tpp_runner.py[pid:24120;line:116:_train_model] - INFO: [ Epoch 52 (valid) ]:  valid loglike is 1.8130066656788952, num_events is 17018, mark_ll is -1.4638343494526016, time_ll is 3.2768410223045086[0m
[38;20m2026-09-28 09:44:58,890 - tpp_runner.py[pid:24120;line:136:_train_model] - INFO: [ Epoch 52 (test) ]: test loglike is 2.5766877512860273, num_events is 33655, mark_ll is -1.41353675435369, time_ll is 3.9902245673005496[0m
[31;1m2026-09-28 09:44:58,890 - tpp_runner.py[pid:24120;line:140:_train_model] - CRITICAL: current best loglike on valid set is 1.8130 (updated at epoch-52), best updated at this epoch[0m
[38;20m2026-09-28 09:44:59,115 - tpp_runner.py[pid:24120;line:104:_train_model] - INFO: [ Epoch 53 (train) ]: train loglike is 2.094482323010405, num_events is 66675, mark_ll is -1.425453184318757, time_ll is 3.519935562253937[0m
[38;20m2026-09-28 09:44:59,142 - tpp_runner.py[pid:24120;line:116:_train_model] - INFO: [ Epoch 53 (valid) ]:  valid loglike is 1.8182276641598234, num_events is 17018, mark_ll is -1.461332496233308, time_ll is 3.279560167566143[0m
[38;20m2026-09-28 09:44:59,206 - tpp_runner.py[pid:24120;line:136:_train_model] - INFO: [ Epoch 53 (test) ]: test loglike is 2.5826618807221253, num_events is 33655, mark_ll is -1.4132116204118537, time_ll is 3.995873584557458[0m
[31;1m2026-09-28 09:44:59,206 - tpp_runner.py[pid:24120;line:140:_train_model] - CRITICAL: current best loglike on valid set is 1.8182 (updated at epoch-53), best updated at this epoch[0m
[38;20m2026-09-28 09:44:59,443 - tpp_runner.py[pid:24120;line:104:_train_model] - INFO: [ Epoch 54 (train) ]: train loglike is 2.098609458485658, num_events is 66675, mark_ll is -1.4245786024793776, time_ll is 3.5231879437921823[0m
[38;20m2026-09-28 09:44:59,490 - tpp_runner.py[pid:24120;line:116:_train_model] - INFO: [ Epoch 54 (valid) ]:  valid loglike is 1.8210735924026216, num_events is 17018, mark_ll is -1.4596282747380531, time_ll is 3.2807018097565814[0m
[38;20m2026-09-28 09:44:59,560 - tpp_runner.py[pid:24120;line:136:_train_model] - INFO: [ Epoch 54 (test) ]: test loglike is 2.5862016840226194, num_events is 33655, mark_ll is -1.4126737021918176, time_ll is 3.998875320926497[0m
[31;1m2026-09-28 09:44:59,560 - tpp_runner.py[pid:24120;line:140:_train_model] - CRITICAL: current best loglike on valid set is 1.8211 (updated at epoch-54), best updated at this epoch[0m
[38;20m2026-09-28 09:44:59,790 - tpp_runner.py[pid:24120;line:104:_train_model] - INFO: [ Epoch 55 (train) ]: train loglike is 2.1038277148950133, num_events is 66675, mark_ll is -1.4233238496555118, time_ll is 3.5271515352573117[0m
[38;20m2026-09-28 09:44:59,822 - tpp_runner.py[pid:24120;line:116:_train_model] - INFO: [ Epoch 55 (valid) ]:  valid loglike is 1.8217246364602921, num_events is 17018, mark_ll is -1.459793849366296, time_ll is 3.2815185432106815[0m
[38;20m2026-09-28 09:44:59,894 - tpp_runner.py[pid:24120;line:136:_train_model] - INFO: [ Epoch 55 (test) ]: test loglike is 2.589594437119299, num_events is 33655, mark_ll is -1.4128379992931492, time_ll is 4.002432382005831[0m
[31;1m2026-09-28 09:44:59,894 - tpp_runner.py[pid:24120;line:140:_train_model] - CRITICAL: current best loglike on valid set is 1.8217 (updated at epoch-55), best updated at this epoch[0m
[38;20m2026-09-28 09:45:00,233 - tpp_runner.py[pid:24120;line:104:_train_model] - INFO: [ Epoch 56 (train) ]: train loglike is 2.1081645018982003, num_events is 66675, mark_ll is -1.4226309333403637, time_ll is 3.5307953107424073[0m
[38;20m2026-09-28 09:45:00,272 - tpp_runner.py[pid:24120;line:116:_train_model] - INFO: [ Epoch 56 (valid) ]:  valid loglike is 1.8217419664564725, num_events is 17018, mark_ll is -1.4600420570889094, time_ll is 3.281784088102487[0m
[38;20m2026-09-28 09:45:00,344 - tpp_runner.py[pid:24120;line:136:_train_model] - INFO: [ Epoch 56 (test) ]: test loglike is 2.5910437568479794, num_events is 33655, mark_ll is -1.4124515889923952, time_ll is 4.003495313196405[0m
[31;1m2026-09-28 09:45:00,344 - tpp_runner.py[pid:24120;line:140:_train_model] - CRITICAL: current best loglike on valid set is 1.8217 (updated at epoch-56), best updated at this epoch[0m
[38;20m2026-09-28 09:45:00,565 - tpp_runner.py[pid:24120;line:104:_train_model] - INFO: [ Epoch 57 (train) ]: train loglike is 2.111658091078459, num_events is 66675, mark_ll is -1.4219231470577895, time_ll is 3.533581212504687[0m
[38;20m2026-09-28 09:45:00,601 - tpp_runner.py[pid:24120;line:116:_train_model] - INFO: [ Epoch 57 (valid) ]:  valid loglike is 1.8223538458704571, num_events is 17018, mark_ll is -1.460277238622341, time_ll is 3.282631149049903[0m
[38;20m2026-09-28 09:45:00,675 - tpp_runner.py[pid:24120;line:136:_train_model] - INFO: [ Epoch 57 (test) ]: test loglike is 2.5928016128732727, num_events is 33655, mark_ll is -1.4122876654831655, time_ll is 4.00508945608472[0m
[31;1m2026-09-28 09:45:00,675 - tpp_runner.py[pid:24120;line:140:_train_model] - CRITICAL: current best loglike on valid set is 1.8224 (updated at epoch-57), best updated at this epoch[0m
[38;20m2026-09-28 09:45:00,903 - tpp_runner.py[pid:24120;line:104:_train_model] - INFO: [ Epoch 58 (train) ]: train loglike is 2.1138861402090363, num_events is 66675, mark_ll is -1.4217467726202193, time_ll is 3.5356329018443007[0m
[38;20m2026-09-28 09:45:00,935 - tpp_runner.py[pid:24120;line:116:_train_model] - INFO: [ Epoch 58 (valid) ]:  valid loglike is 1.8224295570085718, num_events is 17018, mark_ll is -1.4603797983431146, time_ll is 3.2828094127357796[0m
[38;20m2026-09-28 09:45:01,004 - tpp_runner.py[pid:24120;line:136:_train_model] - INFO: [ Epoch 58 (test) ]: test loglike is 2.5934608179505276, num_events is 33655, mark_ll is -1.4115689830924547, time_ll is 4.005029681348425[0m
[31;1m2026-09-28 09:45:01,004 - tpp_runner.py[pid:24120;line:140:_train_model] - CRITICAL: current best loglike on valid set is 1.8224 (updated at epoch-58), best updated at this epoch[0m
[38;20m2026-09-28 09:45:01,210 - tpp_runner.py[pid:24120;line:104:_train_model] - INFO: [ Epoch 59 (train) ]: train loglike is 2.115912820467754, num_events is 66675, mark_ll is -1.4214195344722536, time_ll is 3.537332296353581[0m
[38;20m2026-09-28 09:45:01,255 - tpp_runner.py[pid:24120;line:116:_train_model] - INFO: [ Epoch 59 (valid) ]:  valid loglike is 1.8235647147964655, num_events is 17018, mark_ll is -1.4602283832398968, time_ll is 3.2837932199775604[0m
[38;20m2026-09-28 09:45:01,325 - tpp_runner.py[pid:24120;line:136:_train_model] - INFO: [ Epoch 59 (test) ]: test loglike is 2.5953425034355964, num_events is 33655, mark_ll is -1.411373043102808, time_ll is 4.006715604572129[0m
[31;1m2026-09-28 09:45:01,325 - tpp_runner.py[pid:24120;line:140:_train_model] - CRITICAL: current best loglike on valid set is 1.8236 (updated at epoch-59), best updated at this epoch[0m
[38;20m2026-09-28 09:45:01,553 - tpp_runner.py[pid:24120;line:104:_train_model] - INFO: [ Epoch 60 (train) ]: train loglike is 2.1176130718035244, num_events is 66675, mark_ll is -1.4213840384209786, time_ll is 3.538997176134233[0m
[38;20m2026-09-28 09:45:01,589 - tpp_runner.py[pid:24120;line:116:_train_model] - INFO: [ Epoch 60 (valid) ]:  valid loglike is 1.8236099765000662, num_events is 17018, mark_ll is -1.4602246461008197, time_ll is 3.2838346082548626[0m
[38;20m2026-09-28 09:45:01,652 - tpp_runner.py[pid:24120;line:136:_train_model] - INFO: [ Epoch 60 (test) ]: test loglike is 2.5956560596493836, num_events is 33655, mark_ll is -1.4106595837473073, time_ll is 4.00631582475208[0m
[31;1m2026-09-28 09:45:01,652 - tpp_runner.py[pid:24120;line:140:_train_model] - CRITICAL: current best loglike on valid set is 1.8236 (updated at epoch-60), best updated at this epoch[0m
[38;20m2026-09-28 09:45:01,873 - tpp_runner.py[pid:24120;line:104:_train_model] - INFO: [ Epoch 61 (train) ]: train loglike is 2.119440807203787, num_events is 66675, mark_ll is -1.4207799318053993, time_ll is 3.5402207975956133[0m
[38;20m2026-09-28 09:45:01,904 - tpp_runner.py[pid:24120;line:116:_train_model] - INFO: [ Epoch 61 (valid) ]:  valid loglike is 1.8243895178886878, num_events is 17018, mark_ll is -1.4601710206656187, time_ll is 3.284560545727318[0m
[38;20m2026-09-28 09:45:01,973 - tpp_runner.py[pid:24120;line:136:_train_model] - INFO: [ Epoch 61 (test) ]: test loglike is 2.597021201460593, num_events is 33655, mark_ll is -1.4106398305183108, time_ll is 4.007660865131945[0m
[31;1m2026-09-28 09:45:01,973 - tpp_runner.py[pid:24120;line:140:_train_model] - CRITICAL: current best loglike on valid set is 1.8244 (updated at epoch-61), best updated at this epoch[0m
[38;20m2026-09-28 09:45:02,209 - tpp_runner.py[pid:24120;line:104:_train_model] - INFO: [ Epoch 62 (train) ]: train loglike is 2.12105811114431, num_events is 66675, mark_ll is -1.4207507118250844, time_ll is 3.5418087241047993[0m
[38;20m2026-09-28 09:45:02,245 - tpp_runner.py[pid:24120;line:116:_train_model] - INFO: [ Epoch 62 (valid) ]:  valid loglike is 1.8244278719820557, num_events is 17018, mark_ll is -1.4602959171447145, time_ll is 3.2847238034727937[0m
[38;20m2026-09-28 09:45:02,319 - tpp_runner.py[pid:24120;line:136:_train_model] - INFO: [ Epoch 62 (test) ]: test loglike is 2.597317216981132, num_events is 33655, mark_ll is -1.4101767213963379, time_ll is 4.007493996411195[0m
[31;1m2026-09-28 09:45:02,319 - tpp_runner.py[pid:24120;line:140:_train_model] - CRITICAL: current best loglike on valid set is 1.8244 (updated at epoch-62), best updated at this epoch[0m
[38;20m2026-09-28 09:45:02,544 - tpp_runner.py[pid:24120;line:104:_train_model] - INFO: [ Epoch 63 (train) ]: train loglike is 2.122569417592332, num_events is 66675, mark_ll is -1.4199771805868016, time_ll is 3.542546649442257[0m
[38;20m2026-09-28 09:45:02,575 - tpp_runner.py[pid:24120;line:116:_train_model] - INFO: [ Epoch 63 (valid) ]:  valid loglike is 1.8251003489985786, num_events is 17018, mark_ll is -1.4600675284533289, time_ll is 3.2851677698567325[0m
[38;20m2026-09-28 09:45:02,639 - tpp_runner.py[pid:24120;line:136:_train_model] - INFO: [ Epoch 63 (test) ]: test loglike is 2.5985923194686897, num_events is 33655, mark_ll is -1.410018702818582, time_ll is 4.00861107306678[0m
[31;1m2026-09-28 09:45:02,639 - tpp_runner.py[pid:24120;line:140:_train_model] - CRITICAL: current best loglike on valid set is 1.8251 (updated at epoch-63), best updated at this epoch[0m
[38;20m2026-09-28 09:45:02,863 - tpp_runner.py[pid:24120;line:104:_train_model] - INFO: [ Epoch 64 (train) ]: train loglike is 2.124342532134655, num_events is 66675, mark_ll is -1.4198410110845519, time_ll is 3.544183407738095[0m
[38;20m2026-09-28 09:45:02,907 - tpp_runner.py[pid:24120;line:116:_train_model] - INFO: [ Epoch 64 (valid) ]:  valid loglike is 1.8250480362245123, num_events is 17018, mark_ll is -1.4601504628141895, time_ll is 3.2851984846926783[0m
[38;20m2026-09-28 09:45:02,975 - tpp_runner.py[pid:24120;line:136:_train_model] - INFO: [ Epoch 64 (test) ]: test loglike is 2.598974159613635, num_events is 33655, mark_ll is -1.4098137748558441, time_ll is 4.008787959859234[0m
[31;1m2026-09-28 09:45:02,975 - tpp_runner.py[pid:24120;line:140:_train_model] - CRITICAL: current best loglike on valid set is 1.8251 (updated at epoch-63)[0m
[38;20m2026-09-28 09:45:03,206 - tpp_runner.py[pid:24120;line:104:_train_model] - INFO: [ Epoch 65 (train) ]: train loglike is 2.1255995075810836, num_events is 66675, mark_ll is -1.419288138299119, time_ll is 3.5448877117899324[0m
[38;20m2026-09-28 09:45:03,238 - tpp_runner.py[pid:24120;line:116:_train_model] - INFO: [ Epoch 65 (valid) ]:  valid loglike is 1.8257046537122459, num_events is 17018, mark_ll is -1.4597503235315181, time_ll is 3.2854551350500207[0m
[38;20m2026-09-28 09:45:03,317 - tpp_runner.py[pid:24120;line:136:_train_model] - INFO: [ Epoch 65 (test) ]: test loglike is 2.5998053403794015, num_events is 33655, mark_ll is -1.4098954137978663, time_ll is 4.009700765058591[0m
[31;1m2026-09-28 09:45:03,317 - tpp_runner.py[pid:24120;line:140:_train_model] - CRITICAL: current best loglike on valid set is 1.8257 (updated at epoch-65), best updated at this epoch[0m
[38;20m2026-09-28 09:45:03,555 - tpp_runner.py[pid:24120;line:104:_train_model] - INFO: [ Epoch 66 (train) ]: train loglike is 2.127407257686539, num_events is 66675, mark_ll is -1.4192167543998406, time_ll is 3.546624045041245[0m
[38;20m2026-09-28 09:45:03,586 - tpp_runner.py[pid:24120;line:116:_train_model] - INFO: [ Epoch 66 (valid) ]:  valid loglike is 1.8257247166258703, num_events is 17018, mark_ll is -1.4598147515222852, time_ll is 3.285539460975144[0m
[38;20m2026-09-28 09:45:03,649 - tpp_runner.py[pid:24120;line:136:_train_model] - INFO: [ Epoch 66 (test) ]: test loglike is 2.600757934951159, num_events is 33655, mark_ll is -1.409710659808628, time_ll is 4.010468703573021[0m
[31;1m2026-09-28 09:45:03,649 - tpp_runner.py[pid:24120;line:140:_train_model] - CRITICAL: current best loglike on valid set is 1.8257 (updated at epoch-66), best updated at this epoch[0m
[38;20m2026-09-28 09:45:04,013 - tpp_runner.py[pid:24120;line:104:_train_model] - INFO: [ Epoch 67 (train) ]: train loglike is 2.1287016661979754, num_events is 66675, mark_ll is -1.418776854553337, time_ll is 3.5474785061047056[0m
[38;20m2026-09-28 09:45:04,051 - tpp_runner.py[pid:24120;line:116:_train_model] - INFO: [ Epoch 67 (valid) ]:  valid loglike is 1.8264576047466285, num_events is 17018, mark_ll is -1.4592685195110509, time_ll is 3.2857260740465977[0m
[38;20m2026-09-28 09:45:04,110 - tpp_runner.py[pid:24120;line:136:_train_model] - INFO: [ Epoch 67 (test) ]: test loglike is 2.601678698024996, num_events is 33655, mark_ll is -1.4097112365187658, time_ll is 4.011389901899792[0m
[31;1m2026-09-28 09:45:04,110 - tpp_runner.py[pid:24120;line:140:_train_model] - CRITICAL: current best loglike on valid set is 1.8265 (updated at epoch-67), best updated at this epoch[0m
[38;20m2026-09-28 09:45:04,329 - tpp_runner.py[pid:24120;line:104:_train_model] - INFO: [ Epoch 68 (train) ]: train loglike is 2.1308028537448442, num_events is 66675, mark_ll is -1.4186116335067491, time_ll is 3.54941445795838[0m
[38;20m2026-09-28 09:45:04,365 - tpp_runner.py[pid:24120;line:116:_train_model] - INFO: [ Epoch 68 (valid) ]:  valid loglike is 1.8268241312966418, num_events is 17018, mark_ll is -1.4592888191340603, time_ll is 3.2861129002196203[0m
[38;20m2026-09-28 09:45:04,430 - tpp_runner.py[pid:24120;line:136:_train_model] - INFO: [ Epoch 68 (test) ]: test loglike is 2.603299151953183, num_events is 33655, mark_ll is -1.409481321410498, time_ll is 4.012780302889615[0m
[31;1m2026-09-28 09:45:04,430 - tpp_runner.py[pid:24120;line:140:_train_model] - CRITICAL: current best loglike on valid set is 1.8268 (updated at epoch-68), best updated at this epoch[0m
[38;20m2026-09-28 09:45:04,643 - tpp_runner.py[pid:24120;line:104:_train_model] - INFO: [ Epoch 69 (train) ]: train loglike is 2.13263702632874, num_events is 66675, mark_ll is -1.4181257359919854, time_ll is 3.5507627513357707[0m
[38;20m2026-09-28 09:45:04,690 - tpp_runner.py[pid:24120;line:116:_train_model] - INFO: [ Epoch 69 (valid) ]:  valid loglike is 1.8277973511732064, num_events is 17018, mark_ll is -1.4587752673639676, time_ll is 3.2865725181150105[0m
[38;20m2026-09-28 09:45:04,759 - tpp_runner.py[pid:24120;line:136:_train_model] - INFO: [ Epoch 69 (test) ]: test loglike is 2.6045505259016117, num_events is 33655, mark_ll is -1.4094133748003639, time_ll is 4.013963733855018[0m
[31;1m2026-09-28 09:45:04,759 - tpp_runner.py[pid:24120;line:140:_train_model] - CRITICAL: current best loglike on valid set is 1.8278 (updated at epoch-69), best updated at this epoch[0m
[38;20m2026-09-28 09:45:04,976 - tpp_runner.py[pid:24120;line:104:_train_model] - INFO: [ Epoch 70 (train) ]: train loglike is 2.1350312778285527, num_events is 66675, mark_ll is -1.417831888445585, time_ll is 3.552863118672666[0m
[38;20m2026-09-28 09:45:05,021 - tpp_runner.py[pid:24120;line:116:_train_model] - INFO: [ Epoch 70 (valid) ]:  valid loglike is 1.82820000100996, num_events is 17018, mark_ll is -1.4588579578424314, time_ll is 3.2870579588523916[0m
[38;20m2026-09-28 09:45:05,084 - tpp_runner.py[pid:24120;line:136:_train_model] - INFO: [ Epoch 70 (test) ]: test loglike is 2.606052424184742, num_events is 33655, mark_ll is -1.4092258750905327, time_ll is 4.015278146936748[0m
[31;1m2026-09-28 09:45:05,084 - tpp_runner.py[pid:24120;line:140:_train_model] - CRITICAL: current best loglike on valid set is 1.8282 (updated at epoch-70), best updated at this epoch[0m
[38;20m2026-09-28 09:45:05,321 - tpp_runner.py[pid:24120;line:104:_train_model] - INFO: [ Epoch 71 (train) ]: train loglike is 2.137027507791995, num_events is 66675, mark_ll is -1.4173624500550712, time_ll is 3.554389946862111[0m
[38;20m2026-09-28 09:45:05,355 - tpp_runner.py[pid:24120;line:116:_train_model] - INFO: [ Epoch 71 (valid) ]:  valid loglike is 1.828921276024834, num_events is 17018, mark_ll is -1.4586497540058687, time_ll is 3.287570915262516[0m
[38;20m2026-09-28 09:45:05,420 - tpp_runner.py[pid:24120;line:136:_train_model] - INFO: [ Epoch 71 (test) ]: test loglike is 2.6071741362840775, num_events is 33655, mark_ll is -1.4091201775425735, time_ll is 4.016294317453759[0m
[31;1m2026-09-28 09:45:05,422 - tpp_runner.py[pid:24120;line:140:_train_model] - CRITICAL: current best loglike on valid set is 1.8289 (updated at epoch-71), best updated at this epoch[0m
[38;20m2026-09-28 09:45:05,648 - tpp_runner.py[pid:24120;line:104:_train_model] - INFO: [ Epoch 72 (train) ]: train loglike is 2.1393329422689353, num_events is 66675, mark_ll is -1.4170462005237627, time_ll is 3.556379227010686[0m
[38;20m2026-09-28 09:45:05,687 - tpp_runner.py[pid:24120;line:116:_train_model] - INFO: [ Epoch 72 (valid) ]:  valid loglike is 1.829358198511319, num_events is 17018, mark_ll is -1.4587112410618537, time_ll is 3.2880694395731727[0m
[38;20m2026-09-28 09:45:05,756 - tpp_runner.py[pid:24120;line:136:_train_model] - INFO: [ Epoch 72 (test) ]: test loglike is 2.608234231076363, num_events is 33655, mark_ll is -1.4089481401932291, time_ll is 4.017182451065963[0m
[31;1m2026-09-28 09:45:05,756 - tpp_runner.py[pid:24120;line:140:_train_model] - CRITICAL: current best loglike on valid set is 1.8294 (updated at epoch-72), best updated at this epoch[0m
[38;20m2026-09-28 09:45:06,031 - tpp_runner.py[pid:24120;line:104:_train_model] - INFO: [ Epoch 73 (train) ]: train loglike is 2.141200066056196, num_events is 66675, mark_ll is -1.416707384233221, time_ll is 3.5579073660714284[0m
[38;20m2026-09-28 09:45:06,081 - tpp_runner.py[pid:24120;line:116:_train_model] - INFO: [ Epoch 73 (valid) ]:  valid loglike is 1.8298583152305647, num_events is 17018, mark_ll is -1.4587503626674698, time_ll is 3.2886088070122446[0m
[38;20m2026-09-28 09:45:06,153 - tpp_runner.py[pid:24120;line:136:_train_model] - INFO: [ Epoch 73 (test) ]: test loglike is 2.6087056390209478, num_events is 33655, mark_ll is -1.4089458406068935, time_ll is 4.0176515739326435[0m
[31;1m2026-09-28 09:45:06,153 - tpp_runner.py[pid:24120;line:140:_train_model] - CRITICAL: current best loglike on valid set is 1.8299 (updated at epoch-73), best updated at this epoch[0m
[38;20m2026-09-28 09:45:06,378 - tpp_runner.py[pid:24120;line:104:_train_model] - INFO: [ Epoch 74 (train) ]: train loglike is 2.1431750181617923, num_events is 66675, mark_ll is -1.4164555101998968, time_ll is 3.5596304807602173[0m
[38;20m2026-09-28 09:45:06,410 - tpp_runner.py[pid:24120;line:116:_train_model] - INFO: [ Epoch 74 (valid) ]:  valid loglike is 1.830458581538665, num_events is 17018, mark_ll is -1.458788903259141, time_ll is 3.2892474776247944[0m
[38;20m2026-09-28 09:45:06,476 - tpp_runner.py[pid:24120;line:136:_train_model] - INFO: [ Epoch 74 (test) ]: test loglike is 2.60946712128352, num_events is 33655, mark_ll is -1.4088384201827366, time_ll is 4.018305476178317[0m
[31;1m2026-09-28 09:45:06,476 - tpp_runner.py[pid:24120;line:140:_train_model] - CRITICAL: current best loglike on valid set is 1.8305 (updated at epoch-74), best updated at this epoch[0m
[38;20m2026-09-28 09:45:06,695 - tpp_runner.py[pid:24120;line:104:_train_model] - INFO: [ Epoch 75 (train) ]: train loglike is 2.1446896933293496, num_events is 66675, mark_ll is -1.4162481288959974, time_ll is 3.56093776363892[0m
[38;20m2026-09-28 09:45:06,743 - tpp_runner.py[pid:24120;line:116:_train_model] - INFO: [ Epoch 75 (valid) ]:  valid loglike is 1.8308419790121122, num_events is 17018, mark_ll is -1.4589794973520684, time_ll is 3.2898213042119004[0m
[38;20m2026-09-28 09:45:06,886 - tpp_runner.py[pid:24120;line:136:_train_model] - INFO: [ Epoch 75 (test) ]: test loglike is 2.609426591981132, num_events is 33655, mark_ll is -1.4090110451235422, time_ll is 4.018437604460704[0m
[31;1m2026-09-28 09:45:06,886 - tpp_runner.py[pid:24120;line:140:_train_model] - CRITICAL: current best loglike on valid set is 1.8308 (updated at epoch-75), best updated at this epoch[0m
[38;20m2026-09-28 09:45:07,108 - tpp_runner.py[pid:24120;line:104:_train_model] - INFO: [ Epoch 76 (train) ]: train loglike is 2.146304199767998, num_events is 66675, mark_ll is -1.4159285216301087, time_ll is 3.562232648165073[0m
[38;20m2026-09-28 09:45:07,139 - tpp_runner.py[pid:24120;line:116:_train_model] - INFO: [ Epoch 76 (valid) ]:  valid loglike is 1.8315974406005773, num_events is 17018, mark_ll is -1.4590324843892313, time_ll is 3.2906299895469138[0m
[38;20m2026-09-28 09:45:07,226 - tpp_runner.py[pid:24120;line:136:_train_model] - INFO: [ Epoch 76 (test) ]: test loglike is 2.6102676747511513, num_events is 33655, mark_ll is -1.409054363671817, time_ll is 4.0193220674398304[0m
[31;1m2026-09-28 09:45:07,226 - tpp_runner.py[pid:24120;line:140:_train_model] - CRITICAL: current best loglike on valid set is 1.8316 (updated at epoch-76), best updated at this epoch[0m
[38;20m2026-09-28 09:45:07,454 - tpp_runner.py[pid:24120;line:104:_train_model] - INFO: [ Epoch 77 (train) ]: train loglike is 2.147214955064211, num_events is 66675, mark_ll is -1.4156995219347581, time_ll is 3.562914455029059[0m
[38;20m2026-09-28 09:45:07,494 - tpp_runner.py[pid:24120;line:116:_train_model] - INFO: [ Epoch 77 (valid) ]:  valid loglike is 1.831767311862807, num_events is 17018, mark_ll is -1.4592587426961525, time_ll is 3.291026154981123[0m
[38;20m2026-09-28 09:45:07,568 - tpp_runner.py[pid:24120;line:136:_train_model] - INFO: [ Epoch 77 (test) ]: test loglike is 2.6102630610700492, num_events is 33655, mark_ll is -1.4091970613462896, time_ll is 4.019460187704278[0m
[31;1m2026-09-28 09:45:07,570 - tpp_runner.py[pid:24120;line:140:_train_model] - CRITICAL: current best loglike on valid set is 1.8318 (updated at epoch-77), best updated at this epoch[0m
[38;20m2026-09-28 09:45:07,798 - tpp_runner.py[pid:24120;line:104:_train_model] - INFO: [ Epoch 78 (train) ]: train loglike is 2.148799348079537, num_events is 66675, mark_ll is -1.4153053341476847, time_ll is 3.5641047847534684[0m
[38;20m2026-09-28 09:45:07,830 - tpp_runner.py[pid:24120;line:116:_train_model] - INFO: [ Epoch 78 (valid) ]:  valid loglike is 1.8322114217069794, num_events is 17018, mark_ll is -1.4594537481912533, time_ll is 3.2916651125141394[0m
[38;20m2026-09-28 09:45:07,893 - tpp_runner.py[pid:24120;line:136:_train_model] - INFO: [ Epoch 78 (test) ]: test loglike is 2.611426840365473, num_events is 33655, mark_ll is -1.4089015826377025, time_ll is 4.020328306935727[0m
[31;1m2026-09-28 09:45:07,893 - tpp_runner.py[pid:24120;line:140:_train_model] - CRITICAL: current best loglike on valid set is 1.8322 (updated at epoch-78), best updated at this epoch[0m
[38;20m2026-09-28 09:45:08,130 - tpp_runner.py[pid:24120;line:104:_train_model] - INFO: [ Epoch 79 (train) ]: train loglike is 2.149214377987908, num_events is 66675, mark_ll is -1.4151565649020434, time_ll is 3.5643709282433447[0m
[38;20m2026-09-28 09:45:08,184 - tpp_runner.py[pid:24120;line:116:_train_model] - INFO: [ Epoch 79 (valid) ]:  valid loglike is 1.8317774903663584, num_events is 17018, mark_ll is -1.4596127882058703, time_ll is 3.2913903431293337[0m
[38;20m2026-09-28 09:45:08,256 - tpp_runner.py[pid:24120;line:136:_train_model] - INFO: [ Epoch 79 (test) ]: test loglike is 2.611127197737149, num_events is 33655, mark_ll is -1.4088793593483044, time_ll is 4.020006633254717[0m
[31;1m2026-09-28 09:45:08,256 - tpp_runner.py[pid:24120;line:140:_train_model] - CRITICAL: current best loglike on valid set is 1.8322 (updated at epoch-78)[0m
[38;20m2026-09-28 09:45:08,492 - tpp_runner.py[pid:24120;line:104:_train_model] - INFO: [ Epoch 80 (train) ]: train loglike is 2.1521996786534494, num_events is 66675, mark_ll is -1.414773834423041, time_ll is 3.566973498429884[0m
[38;20m2026-09-28 09:45:08,523 - tpp_runner.py[pid:24120;line:116:_train_model] - INFO: [ Epoch 80 (valid) ]:  valid loglike is 1.8322785180580856, num_events is 17018, mark_ll is -1.4600417343033847, time_ll is 3.2923201375932836[0m
[38;20m2026-09-28 09:45:08,602 - tpp_runner.py[pid:24120;line:136:_train_model] - INFO: [ Epoch 80 (test) ]: test loglike is 2.6131318566845567, num_events is 33655, mark_ll is -1.4084090649258096, time_ll is 4.021540914356151[0m
[31;1m2026-09-28 09:45:08,604 - tpp_runner.py[pid:24120;line:140:_train_model] - CRITICAL: current best loglike on valid set is 1.8323 (updated at epoch-80), best updated at this epoch[0m
[38;20m2026-09-28 09:45:08,966 - tpp_runner.py[pid:24120;line:104:_train_model] - INFO: [ Epoch 81 (train) ]: train loglike is 2.1534866906285153, num_events is 66675, mark_ll is -1.4150882897450319, time_ll is 3.5685750169900636[0m
[38;20m2026-09-28 09:45:09,001 - tpp_runner.py[pid:24120;line:116:_train_model] - INFO: [ Epoch 81 (valid) ]:  valid loglike is 1.8320053410818693, num_events is 17018, mark_ll is -1.4602534457426513, time_ll is 3.2922587366134386[0m
[38;20m2026-09-28 09:45:09,067 - tpp_runner.py[pid:24120;line:136:_train_model] - INFO: [ Epoch 81 (test) ]: test loglike is 2.6140258517029418, num_events is 33655, mark_ll is -1.4085913996341555, time_ll is 4.022617040964845[0m
[31;1m2026-09-28 09:45:09,067 - tpp_runner.py[pid:24120;line:140:_train_model] - CRITICAL: current best loglike on valid set is 1.8323 (updated at epoch-80)[0m
[38;20m2026-09-28 09:45:09,301 - tpp_runner.py[pid:24120;line:104:_train_model] - INFO: [ Epoch 82 (train) ]: train loglike is 2.1546613704536934, num_events is 66675, mark_ll is -1.4151837050642107, time_ll is 3.569845053547994[0m
[38;20m2026-09-28 09:45:09,334 - tpp_runner.py[pid:24120;line:116:_train_model] - INFO: [ Epoch 82 (valid) ]:  valid loglike is 1.832935415293274, num_events is 17018, mark_ll is -1.4602399389616876, time_ll is 3.2931752466597866[0m
[38;20m2026-09-28 09:45:09,393 - tpp_runner.py[pid:24120;line:136:_train_model] - INFO: [ Epoch 82 (test) ]: test loglike is 2.6160121429765266, num_events is 33655, mark_ll is -1.4089455359298395, time_ll is 4.024957678906366[0m
[31;1m2026-09-28 09:45:09,393 - tpp_runner.py[pid:24120;line:140:_train_model] - CRITICAL: current best loglike on valid set is 1.8329 (updated at epoch-82), best updated at this epoch[0m
[38;20m2026-09-28 09:45:09,616 - tpp_runner.py[pid:24120;line:104:_train_model] - INFO: [ Epoch 83 (train) ]: train loglike is 2.154943965744516, num_events is 66675, mark_ll is -1.416019711403262, time_ll is 3.5709636881327333[0m
[38;20m2026-09-28 09:45:09,653 - tpp_runner.py[pid:24120;line:116:_train_model] - INFO: [ Epoch 83 (valid) ]:  valid loglike is 1.8283730283973219, num_events is 17018, mark_ll is -1.4610901918992942, time_ll is 3.289463155739511[0m
[38;20m2026-09-28 09:45:09,718 - tpp_runner.py[pid:24120;line:136:_train_model] - INFO: [ Epoch 83 (test) ]: test loglike is 2.613609068001597, num_events is 33655, mark_ll is -1.4101317815308831, time_ll is 4.023740987362576[0m
[31;1m2026-09-28 09:45:09,718 - tpp_runner.py[pid:24120;line:140:_train_model] - CRITICAL: current best loglike on valid set is 1.8329 (updated at epoch-82)[0m
[38;20m2026-09-28 09:45:09,944 - tpp_runner.py[pid:24120;line:104:_train_model] - INFO: [ Epoch 84 (train) ]: train loglike is 2.1482990309805023, num_events is 66675, mark_ll is -1.41678350997141, time_ll is 3.5650825702451256[0m
[38;20m2026-09-28 09:45:09,980 - tpp_runner.py[pid:24120;line:116:_train_model] - INFO: [ Epoch 84 (valid) ]:  valid loglike is 1.8190878445455732, num_events is 17018, mark_ll is -1.461315159064116, time_ll is 3.280402939052584[0m
[38;20m2026-09-28 09:45:10,051 - tpp_runner.py[pid:24120;line:136:_train_model] - INFO: [ Epoch 84 (test) ]: test loglike is 2.599557957120042, num_events is 33655, mark_ll is -1.4132849641583718, time_ll is 4.012842754431455[0m
[31;1m2026-09-28 09:45:10,051 - tpp_runner.py[pid:24120;line:140:_train_model] - CRITICAL: current best loglike on valid set is 1.8329 (updated at epoch-82)[0m
[38;20m2026-09-28 09:45:10,277 - tpp_runner.py[pid:24120;line:104:_train_model] - INFO: [ Epoch 85 (train) ]: train loglike is 2.1457862957559994, num_events is 66675, mark_ll is -1.4167274940241845, time_ll is 3.56251369457724[0m
[38;20m2026-09-28 09:45:10,315 - tpp_runner.py[pid:24120;line:116:_train_model] - INFO: [ Epoch 85 (valid) ]:  valid loglike is 1.8275359953202124, num_events is 17018, mark_ll is -1.4616425927005596, time_ll is 3.2891784732525853[0m
[38;20m2026-09-28 09:45:10,389 - tpp_runner.py[pid:24120;line:136:_train_model] - INFO: [ Epoch 85 (test) ]: test loglike is 2.6092197017530827, num_events is 33655, mark_ll is -1.412202950753742, time_ll is 4.021422648879717[0m
[31;1m2026-09-28 09:45:10,389 - tpp_runner.py[pid:24120;line:140:_train_model] - CRITICAL: current best loglike on valid set is 1.8329 (updated at epoch-82)[0m
[38;20m2026-09-28 09:45:10,616 - tpp_runner.py[pid:24120;line:104:_train_model] - INFO: [ Epoch 86 (train) ]: train loglike is 2.157242505331365, num_events is 66675, mark_ll is -1.4153788967297056, time_ll is 3.572621361782902[0m
[38;20m2026-09-28 09:45:10,651 - tpp_runner.py[pid:24120;line:116:_train_model] - INFO: [ Epoch 86 (valid) ]:  valid loglike is 1.8327452515810465, num_events is 17018, mark_ll is -1.461068328559742, time_ll is 3.29381345819959[0m
[38;20m2026-09-28 09:45:10,720 - tpp_runner.py[pid:24120;line:136:_train_model] - INFO: [ Epoch 86 (test) ]: test loglike is 2.6209210416357154, num_events is 33655, mark_ll is -1.4103094155075397, time_ll is 4.031230486160117[0m
[31;1m2026-09-28 09:45:10,720 - tpp_runner.py[pid:24120;line:140:_train_model] - CRITICAL: current best loglike on valid set is 1.8329 (updated at epoch-82)[0m
[38;20m2026-09-28 09:45:10,962 - tpp_runner.py[pid:24120;line:104:_train_model] - INFO: [ Epoch 87 (train) ]: train loglike is 2.165364099995313, num_events is 66675, mark_ll is -1.4147994806313273, time_ll is 3.580163727092707[0m
[38;20m2026-09-28 09:45:11,009 - tpp_runner.py[pid:24120;line:116:_train_model] - INFO: [ Epoch 87 (valid) ]:  valid loglike is 1.8381459053121143, num_events is 17018, mark_ll is -1.4605113083389647, time_ll is 3.298657106055904[0m
[38;20m2026-09-28 09:45:11,082 - tpp_runner.py[pid:24120;line:136:_train_model] - INFO: [ Epoch 87 (test) ]: test loglike is 2.6211939960049584, num_events is 33655, mark_ll is -1.4083388042209088, time_ll is 4.029532622497586[0m
[31;1m2026-09-28 09:45:11,082 - tpp_runner.py[pid:24120;line:140:_train_model] - CRITICAL: current best loglike on valid set is 1.8381 (updated at epoch-87), best updated at this epoch[0m
[38;20m2026-09-28 09:45:11,298 - tpp_runner.py[pid:24120;line:104:_train_model] - INFO: [ Epoch 88 (train) ]: train loglike is 2.1642638798568146, num_events is 66675, mark_ll is -1.4136201688167884, time_ll is 3.57788410726003[0m
[38;20m2026-09-28 09:45:11,334 - tpp_runner.py[pid:24120;line:116:_train_model] - INFO: [ Epoch 88 (valid) ]:  valid loglike is 1.8358473065513354, num_events is 17018, mark_ll is -1.4589891307067333, time_ll is 3.294836430085057[0m
[38;20m2026-09-28 09:45:11,387 - tpp_runner.py[pid:24120;line:136:_train_model] - INFO: [ Epoch 88 (test) ]: test loglike is 2.6208021015172336, num_events is 33655, mark_ll is -1.4081181781356782, time_ll is 4.028920366703499[0m
[31;1m2026-09-28 09:45:11,387 - tpp_runner.py[pid:24120;line:140:_train_model] - CRITICAL: current best loglike on valid set is 1.8381 (updated at epoch-87)[0m
[38;20m2026-09-28 09:45:11,762 - tpp_runner.py[pid:24120;line:104:_train_model] - INFO: [ Epoch 89 (train) ]: train loglike is 2.169973540905043, num_events is 66675, mark_ll is -1.4125847672361267, time_ll is 3.582558293494563[0m
[38;20m2026-09-28 09:45:11,797 - tpp_runner.py[pid:24120;line:116:_train_model] - INFO: [ Epoch 89 (valid) ]:  valid loglike is 1.8313204906202256, num_events is 17018, mark_ll is -1.4613041987022932, time_ll is 3.292624789744682[0m
[38;20m2026-09-28 09:45:11,864 - tpp_runner.py[pid:24120;line:136:_train_model] - INFO: [ Epoch 89 (test) ]: test loglike is 2.6172768429189572, num_events is 33655, mark_ll is -1.4088963378398456, time_ll is 4.026173180758803[0m
[31;1m2026-09-28 09:45:11,864 - tpp_runner.py[pid:24120;line:140:_train_model] - CRITICAL: current best loglike on valid set is 1.8381 (updated at epoch-87)[0m
[38;20m2026-09-28 09:45:12,077 - tpp_runner.py[pid:24120;line:104:_train_model] - INFO: [ Epoch 90 (train) ]: train loglike is 2.165679075271841, num_events is 66675, mark_ll is -1.413104165202006, time_ll is 3.5787832477971504[0m
[38;20m2026-09-28 09:45:12,115 - tpp_runner.py[pid:24120;line:116:_train_model] - INFO: [ Epoch 90 (valid) ]:  valid loglike is 1.822469596759681, num_events is 17018, mark_ll is -1.4615627212156796, time_ll is 3.2840323251483725[0m
[38;20m2026-09-28 09:45:12,186 - tpp_runner.py[pid:24120;line:136:_train_model] - INFO: [ Epoch 90 (test) ]: test loglike is 2.6088003863305045, num_events is 33655, mark_ll is -1.410970767832603, time_ll is 4.019771074366736[0m
[31;1m2026-09-28 09:45:12,186 - tpp_runner.py[pid:24120;line:140:_train_model] - CRITICAL: current best loglike on valid set is 1.8381 (updated at epoch-87)[0m
[38;20m2026-09-28 09:45:12,408 - tpp_runner.py[pid:24120;line:104:_train_model] - INFO: [ Epoch 91 (train) ]: train loglike is 2.1614050672865113, num_events is 66675, mark_ll is -1.4147294844980316, time_ll is 3.576134416303431[0m
[38;20m2026-09-28 09:45:12,443 - tpp_runner.py[pid:24120;line:116:_train_model] - INFO: [ Epoch 91 (valid) ]:  valid loglike is 1.8309325454573833, num_events is 17018, mark_ll is -1.4624493843604933, time_ll is 3.2933818867798066[0m
[38;20m2026-09-28 09:45:12,508 - tpp_runner.py[pid:24120;line:136:_train_model] - INFO: [ Epoch 91 (test) ]: test loglike is 2.6094715826260955, num_events is 33655, mark_ll is -1.411501703870153, time_ll is 4.020973315513111[0m
[31;1m2026-09-28 09:45:12,508 - tpp_runner.py[pid:24120;line:140:_train_model] - CRITICAL: current best loglike on valid set is 1.8381 (updated at epoch-87)[0m
[38;20m2026-09-28 09:45:12,759 - tpp_runner.py[pid:24120;line:104:_train_model] - INFO: [ Epoch 92 (train) ]: train loglike is 2.163800483191554, num_events is 66675, mark_ll is -1.4153366229611923, time_ll is 3.5791370951677917[0m
[38;20m2026-09-28 09:45:12,794 - tpp_runner.py[pid:24120;line:116:_train_model] - INFO: [ Epoch 92 (valid) ]:  valid loglike is 1.8315216649053576, num_events is 17018, mark_ll is -1.462221160648376, time_ll is 3.2937426605744653[0m
[38;20m2026-09-28 09:45:12,860 - tpp_runner.py[pid:24120;line:136:_train_model] - INFO: [ Epoch 92 (test) ]: test loglike is 2.6229663241903136, num_events is 33655, mark_ll is -1.4106928515799102, time_ll is 4.033659183024439[0m
[31;1m2026-09-28 09:45:12,860 - tpp_runner.py[pid:24120;line:140:_train_model] - CRITICAL: current best loglike on valid set is 1.8381 (updated at epoch-87)[0m
[38;20m2026-09-28 09:45:13,087 - tpp_runner.py[pid:24120;line:104:_train_model] - INFO: [ Epoch 93 (train) ]: train loglike is 2.1729193909355082, num_events is 66675, mark_ll is -1.4133003674833615, time_ll is 3.5862197108173977[0m
[38;20m2026-09-28 09:45:13,122 - tpp_runner.py[pid:24120;line:116:_train_model] - INFO: [ Epoch 93 (valid) ]:  valid loglike is 1.8351571839261187, num_events is 17018, mark_ll is -1.4598677457324598, time_ll is 3.2950248220634033[0m
[38;20m2026-09-28 09:45:13,186 - tpp_runner.py[pid:24120;line:136:_train_model] - INFO: [ Epoch 93 (test) ]: test loglike is 2.6240968211447036, num_events is 33655, mark_ll is -1.409273499015748, time_ll is 4.033370320160452[0m
[31;1m2026-09-28 09:45:13,186 - tpp_runner.py[pid:24120;line:140:_train_model] - CRITICAL: current best loglike on valid set is 1.8381 (updated at epoch-87)[0m
[38;20m2026-09-28 09:45:13,390 - tpp_runner.py[pid:24120;line:104:_train_model] - INFO: [ Epoch 94 (train) ]: train loglike is 2.1750036689749717, num_events is 66675, mark_ll is -1.413097449732846, time_ll is 3.588101279820491[0m
[38;20m2026-09-28 09:45:13,419 - tpp_runner.py[pid:24120;line:116:_train_model] - INFO: [ Epoch 94 (valid) ]:  valid loglike is 1.837251552698797, num_events is 17018, mark_ll is -1.4594886807580576, time_ll is 3.296740133034691[0m
[38;20m2026-09-28 09:45:13,500 - tpp_runner.py[pid:24120;line:136:_train_model] - INFO: [ Epoch 94 (test) ]: test loglike is 2.6150677311599315, num_events is 33655, mark_ll is -1.4122335454079074, time_ll is 4.027301327347348[0m
[31;1m2026-09-28 09:45:13,500 - tpp_runner.py[pid:24120;line:140:_train_model] - CRITICAL: current best loglike on valid set is 1.8381 (updated at epoch-87)[0m
[38;20m2026-09-28 09:45:13,725 - tpp_runner.py[pid:24120;line:104:_train_model] - INFO: [ Epoch 95 (train) ]: train loglike is 2.1772648340832395, num_events is 66675, mark_ll is -1.4135098981767904, time_ll is 3.5907746150871764[0m
[38;20m2026-09-28 09:45:13,761 - tpp_runner.py[pid:24120;line:116:_train_model] - INFO: [ Epoch 95 (valid) ]:  valid loglike is 1.8346664925441996, num_events is 17018, mark_ll is -1.45961377808148, time_ll is 3.2942802060685743[0m
[38;20m2026-09-28 09:45:13,828 - tpp_runner.py[pid:24120;line:136:_train_model] - INFO: [ Epoch 95 (test) ]: test loglike is 2.6228821897981356, num_events is 33655, mark_ll is -1.409512126436915, time_ll is 4.032394236438679[0m
[31;1m2026-09-28 09:45:13,828 - tpp_runner.py[pid:24120;line:140:_train_model] - CRITICAL: current best loglike on valid set is 1.8381 (updated at epoch-87)[0m
[38;20m2026-09-28 09:45:14,049 - tpp_runner.py[pid:24120;line:104:_train_model] - INFO: [ Epoch 96 (train) ]: train loglike is 2.1776826651551366, num_events is 66675, mark_ll is -1.4127277107939633, time_ll is 3.59041028806946[0m
[38;20m2026-09-28 09:45:14,084 - tpp_runner.py[pid:24120;line:116:_train_model] - INFO: [ Epoch 96 (valid) ]:  valid loglike is 1.831072390492787, num_events is 17018, mark_ll is -1.4583643398717534, time_ll is 3.2894367303645407[0m
[38;20m2026-09-28 09:45:14,150 - tpp_runner.py[pid:24120;line:136:_train_model] - INFO: [ Epoch 96 (test) ]: test loglike is 2.6237652454594413, num_events is 33655, mark_ll is -1.4083242450102604, time_ll is 4.0320893997920075[0m
[31;1m2026-09-28 09:45:14,150 - tpp_runner.py[pid:24120;line:140:_train_model] - CRITICAL: current best loglike on valid set is 1.8381 (updated at epoch-87)[0m
[38;20m2026-09-28 09:45:14,362 - tpp_runner.py[pid:24120;line:104:_train_model] - INFO: [ Epoch 97 (train) ]: train loglike is 2.176374876968504, num_events is 66675, mark_ll is -1.4133083096058305, time_ll is 3.589683091371391[0m
[38;20m2026-09-28 09:45:14,409 - tpp_runner.py[pid:24120;line:116:_train_model] - INFO: [ Epoch 97 (valid) ]:  valid loglike is 1.83186663655532, num_events is 17018, mark_ll is -1.4590789583318031, time_ll is 3.2909455877141114[0m
[38;20m2026-09-28 09:45:14,472 - tpp_runner.py[pid:24120;line:136:_train_model] - INFO: [ Epoch 97 (test) ]: test loglike is 2.6228072247344376, num_events is 33655, mark_ll is -1.4082661024724688, time_ll is 4.03107327280029[0m
[31;1m2026-09-28 09:45:14,472 - tpp_runner.py[pid:24120;line:140:_train_model] - CRITICAL: current best loglike on valid set is 1.8381 (updated at epoch-87)[0m
[38;20m2026-09-28 09:45:14,692 - tpp_runner.py[pid:24120;line:104:_train_model] - INFO: [ Epoch 98 (train) ]: train loglike is 2.182664404498266, num_events is 66675, mark_ll is -1.412331421218832, time_ll is 3.5949958769802213[0m
[38;20m2026-09-28 09:45:14,724 - tpp_runner.py[pid:24120;line:116:_train_model] - INFO: [ Epoch 98 (valid) ]:  valid loglike is 1.8302872111169974, num_events is 17018, mark_ll is -1.4590217176987235, time_ll is 3.289308821220546[0m
[38;20m2026-09-28 09:45:14,803 - tpp_runner.py[pid:24120;line:136:_train_model] - INFO: [ Epoch 98 (test) ]: test loglike is 2.6241953188837095, num_events is 33655, mark_ll is -1.4092109930672914, time_ll is 4.033406214019091[0m
[31;1m2026-09-28 09:45:14,803 - tpp_runner.py[pid:24120;line:140:_train_model] - CRITICAL: current best loglike on valid set is 1.8381 (updated at epoch-87)[0m
[38;20m2026-09-28 09:45:15,040 - tpp_runner.py[pid:24120;line:104:_train_model] - INFO: [ Epoch 99 (train) ]: train loglike is 2.184428123242407, num_events is 66675, mark_ll is -1.4125987254522872, time_ll is 3.597026819401481[0m
[38;20m2026-09-28 09:45:15,079 - tpp_runner.py[pid:24120;line:116:_train_model] - INFO: [ Epoch 99 (valid) ]:  valid loglike is 1.8370954249269156, num_events is 17018, mark_ll is -1.4594905027030203, time_ll is 3.2965858128617493[0m
[38;20m2026-09-28 09:45:15,144 - tpp_runner.py[pid:24120;line:136:_train_model] - INFO: [ Epoch 99 (test) ]: test loglike is 2.6294812699055674, num_events is 33655, mark_ll is -1.4097686064825992, time_ll is 4.039249760320717[0m
[31;1m2026-09-28 09:45:15,144 - tpp_runner.py[pid:24120;line:140:_train_model] - CRITICAL: current best loglike on valid set is 1.8381 (updated at epoch-87)[0m
[38;20m2026-09-28 09:45:15,495 - tpp_runner.py[pid:24120;line:104:_train_model] - INFO: [ Epoch 100 (train) ]: train loglike is 2.1873468916971315, num_events is 66675, mark_ll is -1.4123763094066366, time_ll is 3.599723237720285[0m
[38;20m2026-09-28 09:45:15,543 - tpp_runner.py[pid:24120;line:116:_train_model] - INFO: [ Epoch 100 (valid) ]:  valid loglike is 1.8338174159805058, num_events is 17018, mark_ll is -1.4598754638930103, time_ll is 3.293692822489423[0m
[38;20m2026-09-28 09:45:15,606 - tpp_runner.py[pid:24120;line:136:_train_model] - INFO: [ Epoch 100 (test) ]: test loglike is 2.6280035499229313, num_events is 33655, mark_ll is -1.4118088836284541, time_ll is 4.039812411788739[0m
[31;1m2026-09-28 09:45:15,606 - tpp_runner.py[pid:24120;line:140:_train_model] - CRITICAL: current best loglike on valid set is 1.8381 (updated at epoch-87)[0m
[38;20m2026-09-28 09:45:15,827 - tpp_runner.py[pid:24120;line:104:_train_model] - INFO: [ Epoch 101 (train) ]: train loglike is 2.1907834323443947, num_events is 66675, mark_ll is -1.4121076979635359, time_ll is 3.6028910424282903[0m
[38;20m2026-09-28 09:45:15,858 - tpp_runner.py[pid:24120;line:116:_train_model] - INFO: [ Epoch 101 (valid) ]:  valid loglike is 1.8382294708980014, num_events is 17018, mark_ll is -1.458966499854933, time_ll is 3.297195977925946[0m
[38;20m2026-09-28 09:45:15,922 - tpp_runner.py[pid:24120;line:136:_train_model] - INFO: [ Epoch 101 (test) ]: test loglike is 2.6330195353123607, num_events is 33655, mark_ll is -1.411519208292323, time_ll is 4.044538968485366[0m
[31;1m2026-09-28 09:45:15,922 - tpp_runner.py[pid:24120;line:140:_train_model] - CRITICAL: current best loglike on valid set is 1.8382 (updated at epoch-101), best updated at this epoch[0m
[38;20m2026-09-28 09:45:16,143 - tpp_runner.py[pid:24120;line:104:_train_model] - INFO: [ Epoch 102 (train) ]: train loglike is 2.197494829747844, num_events is 66675, mark_ll is -1.4109111580778966, time_ll is 3.6084060683820773[0m
[38;20m2026-09-28 09:45:16,193 - tpp_runner.py[pid:24120;line:116:_train_model] - INFO: [ Epoch 102 (valid) ]:  valid loglike is 1.8379666374046046, num_events is 17018, mark_ll is -1.4588212320227112, time_ll is 3.2967876901020245[0m
[38;20m2026-09-28 09:45:16,270 - tpp_runner.py[pid:24120;line:136:_train_model] - INFO: [ Epoch 102 (test) ]: test loglike is 2.629413733158613, num_events is 33655, mark_ll is -1.4099943068916208, time_ll is 4.039408301201995[0m
[31;1m2026-09-28 09:45:16,270 - tpp_runner.py[pid:24120;line:140:_train_model] - CRITICAL: current best loglike on valid set is 1.8382 (updated at epoch-101)[0m
[38;20m2026-09-28 09:45:16,491 - tpp_runner.py[pid:24120;line:104:_train_model] - INFO: [ Epoch 103 (train) ]: train loglike is 2.200973018021185, num_events is 66675, mark_ll is -1.411316239278684, time_ll is 3.612289220683352[0m
[38;20m2026-09-28 09:45:16,538 - tpp_runner.py[pid:24120;line:116:_train_model] - INFO: [ Epoch 103 (valid) ]:  valid loglike is 1.8444866826439286, num_events is 17018, mark_ll is -1.4582122433324274, time_ll is 3.302698882938286[0m
[38;20m2026-09-28 09:45:16,601 - tpp_runner.py[pid:24120;line:136:_train_model] - INFO: [ Epoch 103 (test) ]: test loglike is 2.6352466447802145, num_events is 33655, mark_ll is -1.4091986137484216, time_ll is 4.044445316562361[0m
[31;1m2026-09-28 09:45:16,601 - tpp_runner.py[pid:24120;line:140:_train_model] - CRITICAL: current best loglike on valid set is 1.8445 (updated at epoch-103), best updated at this epoch[0m
[38;20m2026-09-28 09:45:16,822 - tpp_runner.py[pid:24120;line:104:_train_model] - INFO: [ Epoch 104 (train) ]: train loglike is 2.2056324185062803, num_events is 66675, mark_ll is -1.4113377075424165, time_ll is 3.6169701736501687[0m
[38;20m2026-09-28 09:45:16,869 - tpp_runner.py[pid:24120;line:116:_train_model] - INFO: [ Epoch 104 (valid) ]:  valid loglike is 1.842922012090599, num_events is 17018, mark_ll is -1.4589316533642687, time_ll is 3.301854016932439[0m
[38;20m2026-09-28 09:45:16,935 - tpp_runner.py[pid:24120;line:136:_train_model] - INFO: [ Epoch 104 (test) ]: test loglike is 2.6365441990649607, num_events is 33655, mark_ll is -1.4092622803713695, time_ll is 4.045806744215199[0m
[31;1m2026-09-28 09:45:16,935 - tpp_runner.py[pid:24120;line:140:_train_model] - CRITICAL: current best loglike on valid set is 1.8445 (updated at epoch-103)[0m
[38;20m2026-09-28 09:45:17,171 - tpp_runner.py[pid:24120;line:104:_train_model] - INFO: [ Epoch 105 (train) ]: train loglike is 2.2034582212867924, num_events is 66675, mark_ll is -1.4120490968902324, time_ll is 3.6155072852221597[0m
[38;20m2026-09-28 09:45:17,215 - tpp_runner.py[pid:24120;line:116:_train_model] - INFO: [ Epoch 105 (valid) ]:  valid loglike is 1.843500350502042, num_events is 17018, mark_ll is -1.4574050499838407, time_ll is 3.3009054004858824[0m
[38;20m2026-09-28 09:45:17,281 - tpp_runner.py[pid:24120;line:136:_train_model] - INFO: [ Epoch 105 (test) ]: test loglike is 2.638726658835983, num_events is 33655, mark_ll is -1.4083679843030381, time_ll is 4.047094846257057[0m
[31;1m2026-09-28 09:45:17,281 - tpp_runner.py[pid:24120;line:140:_train_model] - CRITICAL: current best loglike on valid set is 1.8445 (updated at epoch-103)[0m
[38;20m2026-09-28 09:45:17,521 - tpp_runner.py[pid:24120;line:104:_train_model] - INFO: [ Epoch 106 (train) ]: train loglike is 2.202463577550853, num_events is 66675, mark_ll is -1.4112112963418635, time_ll is 3.6136748409378514[0m
[38;20m2026-09-28 09:45:17,557 - tpp_runner.py[pid:24120;line:116:_train_model] - INFO: [ Epoch 106 (valid) ]:  valid loglike is 1.8416661396894098, num_events is 17018, mark_ll is -1.4580408155266666, time_ll is 3.2997070197731815[0m
[38;20m2026-09-28 09:45:17,612 - tpp_runner.py[pid:24120;line:136:_train_model] - INFO: [ Epoch 106 (test) ]: test loglike is 2.631343427042323, num_events is 33655, mark_ll is -1.4119846460174936, time_ll is 4.043328138347757[0m
[31;1m2026-09-28 09:45:17,612 - tpp_runner.py[pid:24120;line:140:_train_model] - CRITICAL: current best loglike on valid set is 1.8445 (updated at epoch-103)[0m
[38;20m2026-09-28 09:45:17,858 - tpp_runner.py[pid:24120;line:104:_train_model] - INFO: [ Epoch 107 (train) ]: train loglike is 2.2040913464918446, num_events is 66675, mark_ll is -1.4132768670029527, time_ll is 3.6173682684195727[0m
[38;20m2026-09-28 09:45:17,895 - tpp_runner.py[pid:24120;line:116:_train_model] - INFO: [ Epoch 107 (valid) ]:  valid loglike is 1.8452552564977156, num_events is 17018, mark_ll is -1.458648979320609, time_ll is 3.3039041784342316[0m
[38;20m2026-09-28 09:45:17,965 - tpp_runner.py[pid:24120;line:136:_train_model] - INFO: [ Epoch 107 (test) ]: test loglike is 2.644670821107562, num_events is 33655, mark_ll is -1.4101721730031755, time_ll is 4.054842798246917[0m
[31;1m2026-09-28 09:45:17,965 - tpp_runner.py[pid:24120;line:140:_train_model] - CRITICAL: current best loglike on valid set is 1.8453 (updated at epoch-107), best updated at this epoch[0m
[38;20m2026-09-28 09:45:18,363 - tpp_runner.py[pid:24120;line:104:_train_model] - INFO: [ Epoch 108 (train) ]: train loglike is 2.2066252021231723, num_events is 66675, mark_ll is -1.4136353939644264, time_ll is 3.620260680305587[0m
[38;20m2026-09-28 09:45:18,400 - tpp_runner.py[pid:24120;line:116:_train_model] - INFO: [ Epoch 108 (valid) ]:  valid loglike is 1.8585353559466447, num_events is 17018, mark_ll is -1.4574404774884497, time_ll is 3.3159758262620826[0m
[38;20m2026-09-28 09:45:18,468 - tpp_runner.py[pid:24120;line:136:_train_model] - INFO: [ Epoch 108 (test) ]: test loglike is 2.65546875, num_events is 33655, mark_ll is -1.4114405725955468, time_ll is 4.066909460425642[0m
[31;1m2026-09-28 09:45:18,468 - tpp_runner.py[pid:24120;line:140:_train_model] - CRITICAL: current best loglike on valid set is 1.8585 (updated at epoch-108), best updated at this epoch[0m
[38;20m2026-09-28 09:45:18,686 - tpp_runner.py[pid:24120;line:104:_train_model] - INFO: [ Epoch 109 (train) ]: train loglike is 2.2070790199076677, num_events is 66675, mark_ll is -1.41304713863892, time_ll is 3.6201261951631047[0m
[38;20m2026-09-28 09:45:18,718 - tpp_runner.py[pid:24120;line:116:_train_model] - INFO: [ Epoch 109 (valid) ]:  valid loglike is 1.858161068198011, num_events is 17018, mark_ll is -1.459365706646088, time_ll is 3.3175267604980756[0m
[38;20m2026-09-28 09:45:18,783 - tpp_runner.py[pid:24120;line:136:_train_model] - INFO: [ Epoch 109 (test) ]: test loglike is 2.661607281723555, num_events is 33655, mark_ll is -1.4099703752344563, time_ll is 4.071577736754382[0m
[31;1m2026-09-28 09:45:18,783 - tpp_runner.py[pid:24120;line:140:_train_model] - CRITICAL: current best loglike on valid set is 1.8585 (updated at epoch-108)[0m
[38;20m2026-09-28 09:45:19,004 - tpp_runner.py[pid:24120;line:104:_train_model] - INFO: [ Epoch 110 (train) ]: train loglike is 2.2158756547033183, num_events is 66675, mark_ll is -1.4147460900883484, time_ll is 3.630621755776622[0m
[38;20m2026-09-28 09:45:19,045 - tpp_runner.py[pid:24120;line:116:_train_model] - INFO: [ Epoch 110 (valid) ]:  valid loglike is 1.8572130614574458, num_events is 17018, mark_ll is -1.4592461899257403, time_ll is 3.3164592442101744[0m
[38;20m2026-09-28 09:45:19,117 - tpp_runner.py[pid:24120;line:136:_train_model] - INFO: [ Epoch 110 (test) ]: test loglike is 2.664209223764114, num_events is 33655, mark_ll is -1.4131881421431622, time_ll is 4.077397416686785[0m
[31;1m2026-09-28 09:45:19,117 - tpp_runner.py[pid:24120;line:140:_train_model] - CRITICAL: current best loglike on valid set is 1.8585 (updated at epoch-108)[0m
[38;20m2026-09-28 09:45:19,350 - tpp_runner.py[pid:24120;line:104:_train_model] - INFO: [ Epoch 111 (train) ]: train loglike is 2.217632463910761, num_events is 66675, mark_ll is -1.4134584409858924, time_ll is 3.631090952498125[0m
[38;20m2026-09-28 09:45:19,385 - tpp_runner.py[pid:24120;line:116:_train_model] - INFO: [ Epoch 111 (valid) ]:  valid loglike is 1.8598155376843637, num_events is 17018, mark_ll is -1.4613888402399298, time_ll is 3.32120444965441[0m
[38;20m2026-09-28 09:45:19,458 - tpp_runner.py[pid:24120;line:136:_train_model] - INFO: [ Epoch 111 (test) ]: test loglike is 2.6741864832491458, num_events is 33655, mark_ll is -1.416393990375687, time_ll is 4.090580459116402[0m
[31;1m2026-09-28 09:45:19,458 - tpp_runner.py[pid:24120;line:140:_train_model] - CRITICAL: current best loglike on valid set is 1.8598 (updated at epoch-111), best updated at this epoch[0m
[38;20m2026-09-28 09:45:19,686 - tpp_runner.py[pid:24120;line:104:_train_model] - INFO: [ Epoch 112 (train) ]: train loglike is 2.215486692093176, num_events is 66675, mark_ll is -1.4156522243801557, time_ll is 3.63113893478159[0m
[38;20m2026-09-28 09:45:19,722 - tpp_runner.py[pid:24120;line:116:_train_model] - INFO: [ Epoch 112 (valid) ]:  valid loglike is 1.8812254855153367, num_events is 17018, mark_ll is -1.4594583891298, time_ll is 3.3406839392022416[0m
[38;20m2026-09-28 09:45:19,790 - tpp_runner.py[pid:24120;line:136:_train_model] - INFO: [ Epoch 112 (test) ]: test loglike is 2.6975391234354107, num_events is 33655, mark_ll is -1.413250528397062, time_ll is 4.1107895865445325[0m
[31;1m2026-09-28 09:45:19,790 - tpp_runner.py[pid:24120;line:140:_train_model] - CRITICAL: current best loglike on valid set is 1.8812 (updated at epoch-112), best updated at this epoch[0m
[38;20m2026-09-28 09:45:20,004 - tpp_runner.py[pid:24120;line:104:_train_model] - INFO: [ Epoch 113 (train) ]: train loglike is 2.2262936761811023, num_events is 66675, mark_ll is -1.416678662237533, time_ll is 3.6429722798322084[0m
[38;20m2026-09-28 09:45:20,042 - tpp_runner.py[pid:24120;line:116:_train_model] - INFO: [ Epoch 113 (valid) ]:  valid loglike is 1.8672379908291037, num_events is 17018, mark_ll is -1.4586251218838142, time_ll is 3.3258629477336497[0m
[38;20m2026-09-28 09:45:20,115 - tpp_runner.py[pid:24120;line:136:_train_model] - INFO: [ Epoch 113 (test) ]: test loglike is 2.6891512915985736, num_events is 33655, mark_ll is -1.4127608579647806, time_ll is 4.101912008106151[0m
[31;1m2026-09-28 09:45:20,115 - tpp_runner.py[pid:24120;line:140:_train_model] - CRITICAL: current best loglike on valid set is 1.8812 (updated at epoch-112)[0m
[38;20m2026-09-28 09:45:20,345 - tpp_runner.py[pid:24120;line:104:_train_model] - INFO: [ Epoch 114 (train) ]: train loglike is 2.228808762185977, num_events is 66675, mark_ll is -1.4164660081552305, time_ll is 3.6452747703412074[0m
[38;20m2026-09-28 09:45:20,380 - tpp_runner.py[pid:24120;line:116:_train_model] - INFO: [ Epoch 114 (valid) ]:  valid loglike is 1.8929888373018642, num_events is 17018, mark_ll is -1.461763163853622, time_ll is 3.3547519939824744[0m
[38;20m2026-09-28 09:45:20,450 - tpp_runner.py[pid:24120;line:136:_train_model] - INFO: [ Epoch 114 (test) ]: test loglike is 2.720783385641064, num_events is 33655, mark_ll is -1.412997399798971, time_ll is 4.133780966795424[0m
[31;1m2026-09-28 09:45:20,450 - tpp_runner.py[pid:24120;line:140:_train_model] - CRITICAL: current best loglike on valid set is 1.8930 (updated at epoch-114), best updated at this epoch[0m
[38;20m2026-09-28 09:45:20,677 - tpp_runner.py[pid:24120;line:104:_train_model] - INFO: [ Epoch 115 (train) ]: train loglike is 2.239073558188039, num_events is 66675, mark_ll is -1.4183031173837646, time_ll is 3.6573766755718036[0m
[38;20m2026-09-28 09:45:20,722 - tpp_runner.py[pid:24120;line:116:_train_model] - INFO: [ Epoch 115 (valid) ]:  valid loglike is 1.8708271578484914, num_events is 17018, mark_ll is -1.4604543187612933, time_ll is 3.331281526820866[0m
[38;20m2026-09-28 09:45:20,790 - tpp_runner.py[pid:24120;line:136:_train_model] - INFO: [ Epoch 115 (test) ]: test loglike is 2.696990675721475, num_events is 33655, mark_ll is -1.4155757076052036, time_ll is 4.112566477631481[0m
[31;1m2026-09-28 09:45:20,790 - tpp_runner.py[pid:24120;line:140:_train_model] - CRITICAL: current best loglike on valid set is 1.8930 (updated at epoch-114)[0m
[38;20m2026-09-28 09:45:21,027 - tpp_runner.py[pid:24120;line:104:_train_model] - INFO: [ Epoch 116 (train) ]: train loglike is 2.228359931571054, num_events is 66675, mark_ll is -1.4165147813554555, time_ll is 3.644874712926509[0m
[38;20m2026-09-28 09:45:21,065 - tpp_runner.py[pid:24120;line:116:_train_model] - INFO: [ Epoch 116 (valid) ]:  valid loglike is 1.9315966616115106, num_events is 17018, mark_ll is -1.460652616668748, time_ll is 3.39224928545327[0m
[38;20m2026-09-28 09:45:21,134 - tpp_runner.py[pid:24120;line:136:_train_model] - INFO: [ Epoch 116 (test) ]: test loglike is 2.7648876960379214, num_events is 33655, mark_ll is -1.4119112188474967, time_ll is 4.1767989584107115[0m
[31;1m2026-09-28 09:45:21,134 - tpp_runner.py[pid:24120;line:140:_train_model] - CRITICAL: current best loglike on valid set is 1.9316 (updated at epoch-116), best updated at this epoch[0m
[38;20m2026-09-28 09:45:21,512 - tpp_runner.py[pid:24120;line:104:_train_model] - INFO: [ Epoch 117 (train) ]: train loglike is 2.2638271363540494, num_events is 66675, mark_ll is -1.4173178181828834, time_ll is 3.681144998476753[0m
[38;20m2026-09-28 09:45:21,554 - tpp_runner.py[pid:24120;line:116:_train_model] - INFO: [ Epoch 117 (valid) ]:  valid loglike is 1.9188314768048904, num_events is 17018, mark_ll is -1.4605395700049213, time_ll is 3.3793710468098115[0m
[38;20m2026-09-28 09:45:21,618 - tpp_runner.py[pid:24120;line:136:_train_model] - INFO: [ Epoch 117 (test) ]: test loglike is 2.7622922102492202, num_events is 33655, mark_ll is -1.4116913145567151, time_ll is 4.173983655381815[0m
[31;1m2026-09-28 09:45:21,620 - tpp_runner.py[pid:24120;line:140:_train_model] - CRITICAL: current best loglike on valid set is 1.9316 (updated at epoch-116)[0m
[38;20m2026-09-28 09:45:21,843 - tpp_runner.py[pid:24120;line:104:_train_model] - INFO: [ Epoch 118 (train) ]: train loglike is 2.297740508266545, num_events is 66675, mark_ll is -1.4180946668775778, time_ll is 3.7158351202193476[0m
[38;20m2026-09-28 09:45:21,874 - tpp_runner.py[pid:24120;line:116:_train_model] - INFO: [ Epoch 118 (valid) ]:  valid loglike is 1.9182199058304075, num_events is 17018, mark_ll is -1.4631404179581913, time_ll is 3.381360323788599[0m
[38;20m2026-09-28 09:45:21,941 - tpp_runner.py[pid:24120;line:136:_train_model] - INFO: [ Epoch 118 (test) ]: test loglike is 2.7431076247028674, num_events is 33655, mark_ll is -1.417494951791385, time_ll is 4.160602616392438[0m
[31;1m2026-09-28 09:45:21,941 - tpp_runner.py[pid:24120;line:140:_train_model] - CRITICAL: current best loglike on valid set is 1.9316 (updated at epoch-116)[0m
[38;20m2026-09-28 09:45:22,176 - tpp_runner.py[pid:24120;line:104:_train_model] - INFO: [ Epoch 119 (train) ]: train loglike is 2.2478259822014435, num_events is 66675, mark_ll is -1.4197713664698162, time_ll is 3.6675973779644733[0m
[38;20m2026-09-28 09:45:22,207 - tpp_runner.py[pid:24120;line:116:_train_model] - INFO: [ Epoch 119 (valid) ]:  valid loglike is 1.8995570780065592, num_events is 17018, mark_ll is -1.4614557357467093, time_ll is 3.3610128567913384[0m
[38;20m2026-09-28 09:45:22,269 - tpp_runner.py[pid:24120;line:136:_train_model] - INFO: [ Epoch 119 (test) ]: test loglike is 2.70042296429301, num_events is 33655, mark_ll is -1.41225865950221, time_ll is 4.112681587524142[0m
[31;1m2026-09-28 09:45:22,269 - tpp_runner.py[pid:24120;line:140:_train_model] - CRITICAL: current best loglike on valid set is 1.9316 (updated at epoch-116)[0m
[38;20m2026-09-28 09:45:22,505 - tpp_runner.py[pid:24120;line:104:_train_model] - INFO: [ Epoch 120 (train) ]: train loglike is 2.282257726817351, num_events is 66675, mark_ll is -1.4190987759830802, time_ll is 3.7013564442140043[0m
[38;20m2026-09-28 09:45:22,710 - tpp_runner.py[pid:24120;line:116:_train_model] - INFO: [ Epoch 120 (valid) ]:  valid loglike is 1.9764452858163966, num_events is 17018, mark_ll is -1.4634517123183908, time_ll is 3.4398970053077993[0m
[38;20m2026-09-28 09:45:22,774 - tpp_runner.py[pid:24120;line:136:_train_model] - INFO: [ Epoch 120 (test) ]: test loglike is 2.8386576059579745, num_events is 33655, mark_ll is -1.4152168052898901, time_ll is 4.253874374976786[0m
[31;1m2026-09-28 09:45:22,774 - tpp_runner.py[pid:24120;line:140:_train_model] - CRITICAL: current best loglike on valid set is 1.9764 (updated at epoch-120), best updated at this epoch[0m
[38;20m2026-09-28 09:45:23,016 - tpp_runner.py[pid:24120;line:104:_train_model] - INFO: [ Epoch 121 (train) ]: train loglike is 2.3266631221878513, num_events is 66675, mark_ll is -1.4201569420521654, time_ll is 3.746820060578365[0m
[38;20m2026-09-28 09:45:23,047 - tpp_runner.py[pid:24120;line:116:_train_model] - INFO: [ Epoch 121 (valid) ]:  valid loglike is 1.9793884370592902, num_events is 17018, mark_ll is -1.4625266233500926, time_ll is 3.4419152325616627[0m
[38;20m2026-09-28 09:45:23,107 - tpp_runner.py[pid:24120;line:136:_train_model] - INFO: [ Epoch 121 (test) ]: test loglike is 2.8360715724121603, num_events is 33655, mark_ll is -1.4159151613685745, time_ll is 4.2519869441529865[0m
[31;1m2026-09-28 09:45:23,107 - tpp_runner.py[pid:24120;line:140:_train_model] - CRITICAL: current best loglike on valid set is 1.9794 (updated at epoch-121), best updated at this epoch[0m
[38;20m2026-09-28 09:45:23,342 - tpp_runner.py[pid:24120;line:104:_train_model] - INFO: [ Epoch 122 (train) ]: train loglike is 2.332574401100253, num_events is 66675, mark_ll is -1.420516285561961, time_ll is 3.7530907122937758[0m
[38;20m2026-09-28 09:45:23,375 - tpp_runner.py[pid:24120;line:116:_train_model] - INFO: [ Epoch 122 (valid) ]:  valid loglike is 2.0180508479877006, num_events is 17018, mark_ll is -1.4627277976352244, time_ll is 3.48077853802775[0m
[38;20m2026-09-28 09:45:23,439 - tpp_runner.py[pid:24120;line:136:_train_model] - INFO: [ Epoch 122 (test) ]: test loglike is 2.8768572532870302, num_events is 33655, mark_ll is -1.4188907100194066, time_ll is 4.295747970560652[0m
[31;1m2026-09-28 09:45:23,439 - tpp_runner.py[pid:24120;line:140:_train_model] - CRITICAL: current best loglike on valid set is 2.0181 (updated at epoch-122), best updated at this epoch[0m
[38;20m2026-09-28 09:45:23,697 - tpp_runner.py[pid:24120;line:104:_train_model] - INFO: [ Epoch 123 (train) ]: train loglike is 2.362179664065429, num_events is 66675, mark_ll is -1.4196856105877391, time_ll is 3.7818652160667416[0m
[38;20m2026-09-28 09:45:23,735 - tpp_runner.py[pid:24120;line:116:_train_model] - INFO: [ Epoch 123 (valid) ]:  valid loglike is 2.0137094687541315, num_events is 17018, mark_ll is -1.4613972541826117, time_ll is 3.47510666555265[0m
[38;20m2026-09-28 09:45:23,798 - tpp_runner.py[pid:24120;line:136:_train_model] - INFO: [ Epoch 123 (test) ]: test loglike is 2.9013923306111646, num_events is 33655, mark_ll is -1.4146246618084701, time_ll is 4.316017017809389[0m
[31;1m2026-09-28 09:45:23,798 - tpp_runner.py[pid:24120;line:140:_train_model] - CRITICAL: current best loglike on valid set is 2.0181 (updated at epoch-122)[0m
[38;20m2026-09-28 09:45:24,164 - tpp_runner.py[pid:24120;line:104:_train_model] - INFO: [ Epoch 124 (train) ]: train loglike is 2.3741018481088303, num_events is 66675, mark_ll is -1.4183967055387607, time_ll is 3.792498549985939[0m
[38;20m2026-09-28 09:45:24,198 - tpp_runner.py[pid:24120;line:116:_train_model] - INFO: [ Epoch 124 (valid) ]:  valid loglike is 2.0203398205668264, num_events is 17018, mark_ll is -1.4623952998525458, time_ll is 3.4827350056511857[0m
[38;20m2026-09-28 09:45:24,268 - tpp_runner.py[pid:24120;line:136:_train_model] - INFO: [ Epoch 124 (test) ]: test loglike is 2.9001942098592335, num_events is 33655, mark_ll is -1.4168364902712265, time_ll is 4.317030692876244[0m
[31;1m2026-09-28 09:45:24,270 - tpp_runner.py[pid:24120;line:140:_train_model] - CRITICAL: current best loglike on valid set is 2.0203 (updated at epoch-124), best updated at this epoch[0m
[38;20m2026-09-28 09:45:24,491 - tpp_runner.py[pid:24120;line:104:_train_model] - INFO: [ Epoch 125 (train) ]: train loglike is 2.3842233490344955, num_events is 66675, mark_ll is -1.4188633171341865, time_ll is 3.8030867137701536[0m
[38;20m2026-09-28 09:45:24,525 - tpp_runner.py[pid:24120;line:116:_train_model] - INFO: [ Epoch 125 (valid) ]:  valid loglike is 2.017663440800733, num_events is 17018, mark_ll is -1.4625439820383197, time_ll is 3.4802073654549592[0m
[38;20m2026-09-28 09:45:24,591 - tpp_runner.py[pid:24120;line:136:_train_model] - INFO: [ Epoch 125 (test) ]: test loglike is 2.8774795053901725, num_events is 33655, mark_ll is -1.41586856754197, time_ll is 4.293347956864693[0m
[31;1m2026-09-28 09:45:24,591 - tpp_runner.py[pid:24120;line:140:_train_model] - CRITICAL: current best loglike on valid set is 2.0203 (updated at epoch-124)[0m
[38;20m2026-09-28 09:45:24,817 - tpp_runner.py[pid:24120;line:104:_train_model] - INFO: [ Epoch 126 (train) ]: train loglike is 2.372047101290073, num_events is 66675, mark_ll is -1.418808128720238, time_ll is 3.7908552153637047[0m
[38;20m2026-09-28 09:45:24,850 - tpp_runner.py[pid:24120;line:116:_train_model] - INFO: [ Epoch 126 (valid) ]:  valid loglike is 1.9747834281280299, num_events is 17018, mark_ll is -1.4617539393606218, time_ll is 3.4365373531426284[0m
[38;20m2026-09-28 09:45:24,920 - tpp_runner.py[pid:24120;line:136:_train_model] - INFO: [ Epoch 126 (test) ]: test loglike is 2.8154443627780976, num_events is 33655, mark_ll is -1.4155043152426738, time_ll is 4.230948688902095[0m
[31;1m2026-09-28 09:45:24,920 - tpp_runner.py[pid:24120;line:140:_train_model] - CRITICAL: current best loglike on valid set is 2.0203 (updated at epoch-124)[0m
[38;20m2026-09-28 09:45:25,139 - tpp_runner.py[pid:24120;line:104:_train_model] - INFO: [ Epoch 127 (train) ]: train loglike is 2.339119273909121, num_events is 66675, mark_ll is -1.4200568874203225, time_ll is 3.7591761942843083[0m
[38;20m2026-09-28 09:45:25,173 - tpp_runner.py[pid:24120;line:116:_train_model] - INFO: [ Epoch 127 (valid) ]:  valid loglike is 1.9914935111214964, num_events is 17018, mark_ll is -1.4642061123011296, time_ll is 3.4556996808067195[0m
[38;20m2026-09-28 09:45:25,245 - tpp_runner.py[pid:24120;line:136:_train_model] - INFO: [ Epoch 127 (test) ]: test loglike is 2.8593256568256944, num_events is 33655, mark_ll is -1.419052058282109, time_ll is 4.278377678836725[0m
[31;1m2026-09-28 09:45:25,245 - tpp_runner.py[pid:24120;line:140:_train_model] - CRITICAL: current best loglike on valid set is 2.0203 (updated at epoch-124)[0m
[38;20m2026-09-28 09:45:25,469 - tpp_runner.py[pid:24120;line:104:_train_model] - INFO: [ Epoch 128 (train) ]: train loglike is 2.3607813452029434, num_events is 66675, mark_ll is -1.4209767016427635, time_ll is 3.7817580175524936[0m
[38;20m2026-09-28 09:45:25,506 - tpp_runner.py[pid:24120;line:116:_train_model] - INFO: [ Epoch 128 (valid) ]:  valid loglike is 2.028857965589284, num_events is 17018, mark_ll is -1.4626790139828967, time_ll is 3.491537079994344[0m
[38;20m2026-09-28 09:45:25,572 - tpp_runner.py[pid:24120;line:136:_train_model] - INFO: [ Epoch 128 (test) ]: test loglike is 2.90603361400377, num_events is 33655, mark_ll is -1.4151717783738487, time_ll is 4.321205334343894[0m
[31;1m2026-09-28 09:45:25,574 - tpp_runner.py[pid:24120;line:140:_train_model] - CRITICAL: current best loglike on valid set is 2.0289 (updated at epoch-128), best updated at this epoch[0m
[38;20m2026-09-28 09:45:25,795 - tpp_runner.py[pid:24120;line:104:_train_model] - INFO: [ Epoch 129 (train) ]: train loglike is 2.3736681803934663, num_events is 66675, mark_ll is -1.4200128084575365, time_ll is 3.793680897309711[0m
[38;20m2026-09-28 09:45:25,834 - tpp_runner.py[pid:24120;line:116:_train_model] - INFO: [ Epoch 129 (valid) ]:  valid loglike is 2.0415471164722647, num_events is 17018, mark_ll is -1.4639809012539113, time_ll is 3.505528082283281[0m
[38;20m2026-09-28 09:45:25,906 - tpp_runner.py[pid:24120;line:136:_train_model] - INFO: [ Epoch 129 (test) ]: test loglike is 2.918358954255497, num_events is 33655, mark_ll is -1.4187240589251227, time_ll is 4.337082824571015[0m
[31;1m2026-09-28 09:45:25,906 - tpp_runner.py[pid:24120;line:140:_train_model] - CRITICAL: current best loglike on valid set is 2.0415 (updated at epoch-129), best updated at this epoch[0m
[38;20m2026-09-28 09:45:26,146 - tpp_runner.py[pid:24120;line:104:_train_model] - INFO: [ Epoch 130 (train) ]: train loglike is 2.390832454536933, num_events is 66675, mark_ll is -1.419954474684805, time_ll is 3.810787006116423[0m
[38;20m2026-09-28 09:45:26,193 - tpp_runner.py[pid:24120;line:116:_train_model] - INFO: [ Epoch 130 (valid) ]:  valid loglike is 2.0224732320419925, num_events is 17018, mark_ll is -1.4640972618491266, time_ll is 3.486570486718107[0m
[38;20m2026-09-28 09:45:26,267 - tpp_runner.py[pid:24120;line:136:_train_model] - INFO: [ Epoch 130 (test) ]: test loglike is 2.8920625824078887, num_events is 33655, mark_ll is -1.4153905219901388, time_ll is 4.307453184194399[0m
[31;1m2026-09-28 09:45:26,267 - tpp_runner.py[pid:24120;line:140:_train_model] - CRITICAL: current best loglike on valid set is 2.0415 (updated at epoch-129)[0m
[38;20m2026-09-28 09:45:26,500 - tpp_runner.py[pid:24120;line:104:_train_model] - INFO: [ Epoch 131 (train) ]: train loglike is 2.392387334639811, num_events is 66675, mark_ll is -1.4215320130882076, time_ll is 3.8139194172994[0m
[38;20m2026-09-28 09:45:26,533 - tpp_runner.py[pid:24120;line:116:_train_model] - INFO: [ Epoch 131 (valid) ]:  valid loglike is 2.0722809752449614, num_events is 17018, mark_ll is -1.4624858949898636, time_ll is 3.534767099771198[0m
[38;20m2026-09-28 09:45:26,600 - tpp_runner.py[pid:24120;line:136:_train_model] - INFO: [ Epoch 131 (test) ]: test loglike is 2.964952011913163, num_events is 33655, mark_ll is -1.415982360794505, time_ll is 4.380934151454093[0m
[31;1m2026-09-28 09:45:26,600 - tpp_runner.py[pid:24120;line:140:_train_model] - CRITICAL: current best loglike on valid set is 2.0723 (updated at epoch-131), best updated at this epoch[0m
[38;20m2026-09-28 09:45:26,989 - tpp_runner.py[pid:24120;line:104:_train_model] - INFO: [ Epoch 132 (train) ]: train loglike is 2.406262603405043, num_events is 66675, mark_ll is -1.41960933106018, time_ll is 3.82587183926228[0m
[38;20m2026-09-28 09:45:27,034 - tpp_runner.py[pid:24120;line:116:_train_model] - INFO: [ Epoch 132 (valid) ]:  valid loglike is 2.039977360253665, num_events is 17018, mark_ll is -1.4607251501626954, time_ll is 3.5007025678004537[0m
[38;20m2026-09-28 09:45:27,101 - tpp_runner.py[pid:24120;line:136:_train_model] - INFO: [ Epoch 132 (test) ]: test loglike is 2.9274664623105777, num_events is 33655, mark_ll is -1.4128762834158186, time_ll is 4.340342752980612[0m
[31;1m2026-09-28 09:45:27,101 - tpp_runner.py[pid:24120;line:140:_train_model] - CRITICAL: current best loglike on valid set is 2.0723 (updated at epoch-131)[0m
[38;20m2026-09-28 09:45:27,324 - tpp_runner.py[pid:24120;line:104:_train_model] - INFO: [ Epoch 133 (train) ]: train loglike is 2.425313473999344, num_events is 66675, mark_ll is -1.4199554084059804, time_ll is 3.8452687505858645[0m
[38;20m2026-09-28 09:45:27,361 - tpp_runner.py[pid:24120;line:116:_train_model] - INFO: [ Epoch 133 (valid) ]:  valid loglike is 1.9774508344565314, num_events is 17018, mark_ll is -1.464396426646602, time_ll is 3.44184720371904[0m
[38;20m2026-09-28 09:45:27,425 - tpp_runner.py[pid:24120;line:136:_train_model] - INFO: [ Epoch 133 (test) ]: test loglike is 2.814468699800828, num_events is 33655, mark_ll is -1.418518452693229, time_ll is 4.2329870944603325[0m
[31;1m2026-09-28 09:45:27,425 - tpp_runner.py[pid:24120;line:140:_train_model] - CRITICAL: current best loglike on valid set is 2.0723 (updated at epoch-131)[0m
[38;20m2026-09-28 09:45:27,648 - tpp_runner.py[pid:24120;line:104:_train_model] - INFO: [ Epoch 134 (train) ]: train loglike is 2.353815254294385, num_events is 66675, mark_ll is -1.4209750685461193, time_ll is 3.774790304532246[0m
[38;20m2026-09-28 09:45:27,684 - tpp_runner.py[pid:24120;line:116:_train_model] - INFO: [ Epoch 134 (valid) ]:  valid loglike is 2.0072943933675007, num_events is 17018, mark_ll is -1.4634173105544497, time_ll is 3.47071170392195[0m
[38;20m2026-09-28 09:45:27,747 - tpp_runner.py[pid:24120;line:136:_train_model] - INFO: [ Epoch 134 (test) ]: test loglike is 2.8414811715384043, num_events is 33655, mark_ll is -1.4166068943484438, time_ll is 4.258088131174788[0m
[31;1m2026-09-28 09:45:27,747 - tpp_runner.py[pid:24120;line:140:_train_model] - CRITICAL: current best loglike on valid set is 2.0723 (updated at epoch-131)[0m
[38;20m2026-09-28 09:45:27,964 - tpp_runner.py[pid:24120;line:104:_train_model] - INFO: [ Epoch 135 (train) ]: train loglike is 2.380591129722066, num_events is 66675, mark_ll is -1.419731168857799, time_ll is 3.8003223278730784[0m
[38;20m2026-09-28 09:45:28,003 - tpp_runner.py[pid:24120;line:116:_train_model] - INFO: [ Epoch 135 (valid) ]:  valid loglike is 2.0080829799238304, num_events is 17018, mark_ll is -1.4611615131542706, time_ll is 3.4692444500400312[0m
[38;20m2026-09-28 09:45:28,073 - tpp_runner.py[pid:24120;line:136:_train_model] - INFO: [ Epoch 135 (test) ]: test loglike is 2.8716958353838584, num_events is 33655, mark_ll is -1.4122057109827664, time_ll is 4.283901401282313[0m
[31;1m2026-09-28 09:45:28,073 - tpp_runner.py[pid:24120;line:140:_train_model] - CRITICAL: current best loglike on valid set is 2.0723 (updated at epoch-131)[0m
[38;20m2026-09-28 09:45:28,314 - tpp_runner.py[pid:24120;line:104:_train_model] - INFO: [ Epoch 136 (train) ]: train loglike is 2.390122050173416, num_events is 66675, mark_ll is -1.420486801942726, time_ll is 3.8106089253491753[0m
[38;20m2026-09-28 09:45:28,352 - tpp_runner.py[pid:24120;line:116:_train_model] - INFO: [ Epoch 136 (valid) ]:  valid loglike is 2.084507574470781, num_events is 17018, mark_ll is -1.4626717190300345, time_ll is 3.5471792217706986[0m
[38;20m2026-09-28 09:45:28,411 - tpp_runner.py[pid:24120;line:136:_train_model] - INFO: [ Epoch 136 (test) ]: test loglike is 2.985118716688642, num_events is 33655, mark_ll is -1.410543131824766, time_ll is 4.395662037123013[0m
[31;1m2026-09-28 09:45:28,411 - tpp_runner.py[pid:24120;line:140:_train_model] - CRITICAL: current best loglike on valid set is 2.0845 (updated at epoch-136), best updated at this epoch[0m
[38;20m2026-09-28 09:45:28,658 - tpp_runner.py[pid:24120;line:104:_train_model] - INFO: [ Epoch 137 (train) ]: train loglike is 2.4209927177071617, num_events is 66675, mark_ll is -1.4219499393630484, time_ll is 3.8429426058070866[0m
[38;20m2026-09-28 09:45:28,695 - tpp_runner.py[pid:24120;line:116:_train_model] - INFO: [ Epoch 137 (valid) ]:  valid loglike is 2.0492416921605066, num_events is 17018, mark_ll is -1.4637028394567517, time_ll is 3.512944474233165[0m
[38;20m2026-09-28 09:45:28,763 - tpp_runner.py[pid:24120;line:136:_train_model] - INFO: [ Epoch 137 (test) ]: test loglike is 2.938807956829873, num_events is 33655, mark_ll is -1.4184239375185708, time_ll is 4.357231829060503[0m
[31;1m2026-09-28 09:45:28,763 - tpp_runner.py[pid:24120;line:140:_train_model] - CRITICAL: current best loglike on valid set is 2.0845 (updated at epoch-136)[0m
[38;20m2026-09-28 09:45:28,993 - tpp_runner.py[pid:24120;line:104:_train_model] - INFO: [ Epoch 138 (train) ]: train loglike is 2.430861586637608, num_events is 66675, mark_ll is -1.423351817350956, time_ll is 3.8542133454021372[0m
[38;20m2026-09-28 09:45:29,029 - tpp_runner.py[pid:24120;line:116:_train_model] - INFO: [ Epoch 138 (valid) ]:  valid loglike is 2.042310454027537, num_events is 17018, mark_ll is -1.463971361148398, time_ll is 3.50628192277111[0m
[38;20m2026-09-28 09:45:29,094 - tpp_runner.py[pid:24120;line:136:_train_model] - INFO: [ Epoch 138 (test) ]: test loglike is 2.904013445543474, num_events is 33655, mark_ll is -1.4197230006801553, time_ll is 4.323736547782647[0m
[31;1m2026-09-28 09:45:29,096 - tpp_runner.py[pid:24120;line:140:_train_model] - CRITICAL: current best loglike on valid set is 2.0845 (updated at epoch-136)[0m
[38;20m2026-09-28 09:45:29,333 - tpp_runner.py[pid:24120;line:104:_train_model] - INFO: [ Epoch 139 (train) ]: train loglike is 2.4114893841394824, num_events is 66675, mark_ll is -1.4210427578388638, time_ll is 3.8325320540987065[0m
[38;20m2026-09-28 09:45:29,364 - tpp_runner.py[pid:24120;line:116:_train_model] - INFO: [ Epoch 139 (valid) ]:  valid loglike is 1.9804303456955503, num_events is 17018, mark_ll is -1.4637199901276405, time_ll is 3.444150285612109[0m
[38;20m2026-09-28 09:45:29,427 - tpp_runner.py[pid:24120;line:136:_train_model] - INFO: [ Epoch 139 (test) ]: test loglike is 2.7990836692518757, num_events is 33655, mark_ll is -1.4190814015840885, time_ll is 4.218165310225078[0m
[31;1m2026-09-28 09:45:29,427 - tpp_runner.py[pid:24120;line:140:_train_model] - CRITICAL: current best loglike on valid set is 2.0845 (updated at epoch-136)[0m
[38;20m2026-09-28 09:45:29,664 - tpp_runner.py[pid:24120;line:104:_train_model] - INFO: [ Epoch 140 (train) ]: train loglike is 2.4342541728182416, num_events is 66675, mark_ll is -1.4212512669314774, time_ll is 3.855505293283652[0m
[38;20m2026-09-28 09:45:29,696 - tpp_runner.py[pid:24120;line:116:_train_model] - INFO: [ Epoch 140 (valid) ]:  valid loglike is 2.1025545992432644, num_events is 17018, mark_ll is -1.4627831804582831, time_ll is 3.5653377868745593[0m
[38;20m2026-09-28 09:45:29,773 - tpp_runner.py[pid:24120;line:136:_train_model] - INFO: [ Epoch 140 (test) ]: test loglike is 3.001227805002043, num_events is 33655, mark_ll is -1.4174171793462618, time_ll is 4.418645016992275[0m
[31;1m2026-09-28 09:45:29,773 - tpp_runner.py[pid:24120;line:140:_train_model] - CRITICAL: current best loglike on valid set is 2.1026 (updated at epoch-140), best updated at this epoch[0m
[38;20m2026-09-28 09:45:29,997 - tpp_runner.py[pid:24120;line:104:_train_model] - INFO: [ Epoch 141 (train) ]: train loglike is 2.454481846995688, num_events is 66675, mark_ll is -1.4217529864431009, time_ll is 3.876234877378609[0m
[38;20m2026-09-28 09:45:30,038 - tpp_runner.py[pid:24120;line:116:_train_model] - INFO: [ Epoch 141 (valid) ]:  valid loglike is 2.0699386139400193, num_events is 17018, mark_ll is -1.4640127207336533, time_ll is 3.533951227078498[0m
[38;20m2026-09-28 09:45:30,111 - tpp_runner.py[pid:24120;line:136:_train_model] - INFO: [ Epoch 141 (test) ]: test loglike is 2.9772523251211744, num_events is 33655, mark_ll is -1.4162701826785582, time_ll is 4.393522449766008[0m
[31;1m2026-09-28 09:45:30,111 - tpp_runner.py[pid:24120;line:140:_train_model] - CRITICAL: current best loglike on valid set is 2.1026 (updated at epoch-140)[0m
[38;20m2026-09-28 09:45:30,340 - tpp_runner.py[pid:24120;line:104:_train_model] - INFO: [ Epoch 142 (train) ]: train loglike is 2.445596329267435, num_events is 66675, mark_ll is -1.420339123869282, time_ll is 3.8659355373547055[0m
[38;20m2026-09-28 09:45:30,374 - tpp_runner.py[pid:24120;line:116:_train_model] - INFO: [ Epoch 142 (valid) ]:  valid loglike is 2.07704132291682, num_events is 17018, mark_ll is -1.4675368285372474, time_ll is 3.5445783307793586[0m
[38;20m2026-09-28 09:45:30,467 - tpp_runner.py[pid:24120;line:136:_train_model] - INFO: [ Epoch 142 (test) ]: test loglike is 2.973242165737353, num_events is 33655, mark_ll is -1.425427918922244, time_ll is 4.398670142693322[0m
[31;1m2026-09-28 09:45:30,467 - tpp_runner.py[pid:24120;line:140:_train_model] - CRITICAL: current best loglike on valid set is 2.1026 (updated at epoch-140)[0m
[38;20m2026-09-28 09:45:30,688 - tpp_runner.py[pid:24120;line:104:_train_model] - INFO: [ Epoch 143 (train) ]: train loglike is 2.4281559226483407, num_events is 66675, mark_ll is -1.4225905672923698, time_ll is 3.850746486279059[0m
[38;20m2026-09-28 09:45:30,733 - tpp_runner.py[pid:24120;line:116:_train_model] - INFO: [ Epoch 143 (valid) ]:  valid loglike is 2.070491265796693, num_events is 17018, mark_ll is -1.4657509423041963, time_ll is 3.536242258311971[0m
[38;20m2026-09-28 09:45:30,800 - tpp_runner.py[pid:24120;line:136:_train_model] - INFO: [ Epoch 143 (test) ]: test loglike is 2.9462029984864806, num_events is 33655, mark_ll is -1.418475242958188, time_ll is 4.3646782813428535[0m
[31;1m2026-09-28 09:45:30,800 - tpp_runner.py[pid:24120;line:140:_train_model] - CRITICAL: current best loglike on valid set is 2.1026 (updated at epoch-140)[0m
[38;20m2026-09-28 09:45:31,018 - tpp_runner.py[pid:24120;line:104:_train_model] - INFO: [ Epoch 144 (train) ]: train loglike is 2.397091337703881, num_events is 66675, mark_ll is -1.423245841828365, time_ll is 3.8203372088254595[0m
[38;20m2026-09-28 09:45:31,066 - tpp_runner.py[pid:24120;line:116:_train_model] - INFO: [ Epoch 144 (valid) ]:  valid loglike is 1.9805355163925695, num_events is 17018, mark_ll is -1.4676273375984252, time_ll is 3.4481629687591813[0m
[38;20m2026-09-28 09:45:31,129 - tpp_runner.py[pid:24120;line:136:_train_model] - INFO: [ Epoch 144 (test) ]: test loglike is 2.8030701073507838, num_events is 33655, mark_ll is -1.418228371121026, time_ll is 4.2212985074886715[0m
[31;1m2026-09-28 09:45:31,129 - tpp_runner.py[pid:24120;line:140:_train_model] - CRITICAL: current best loglike on valid set is 2.1026 (updated at epoch-140)[0m
[38;20m2026-09-28 09:45:31,351 - tpp_runner.py[pid:24120;line:104:_train_model] - INFO: [ Epoch 145 (train) ]: train loglike is 2.3941782814257593, num_events is 66675, mark_ll is -1.4243250404246344, time_ll is 3.8185032339707536[0m
[38;20m2026-09-28 09:45:31,399 - tpp_runner.py[pid:24120;line:116:_train_model] - INFO: [ Epoch 145 (valid) ]:  valid loglike is 2.0681491340281246, num_events is 17018, mark_ll is -1.465464029010643, time_ll is 3.5336132778069542[0m
[38;20m2026-09-28 09:45:31,509 - tpp_runner.py[pid:24120;line:136:_train_model] - INFO: [ Epoch 145 (test) ]: test loglike is 2.9414795683567636, num_events is 33655, mark_ll is -1.4169470771604795, time_ll is 4.358426612873273[0m
[31;1m2026-09-28 09:45:31,509 - tpp_runner.py[pid:24120;line:140:_train_model] - CRITICAL: current best loglike on valid set is 2.1026 (updated at epoch-140)[0m
[38;20m2026-09-28 09:45:31,825 - tpp_runner.py[pid:24120;line:104:_train_model] - INFO: [ Epoch 146 (train) ]: train loglike is 2.4291278641439353, num_events is 66675, mark_ll is -1.4215030201302963, time_ll is 3.8506308952591866[0m
[38;20m2026-09-28 09:45:31,857 - tpp_runner.py[pid:24120;line:116:_train_model] - INFO: [ Epoch 146 (valid) ]:  valid loglike is 2.0411311678718858, num_events is 17018, mark_ll is -1.4631240778376204, time_ll is 3.5042553030935992[0m
[38;20m2026-09-28 09:45:31,925 - tpp_runner.py[pid:24120;line:136:_train_model] - INFO: [ Epoch 146 (test) ]: test loglike is 2.914593051564125, num_events is 33655, mark_ll is -1.4145603024079354, time_ll is 4.329153154481132[0m
[31;1m2026-09-28 09:45:31,925 - tpp_runner.py[pid:24120;line:140:_train_model] - CRITICAL: current best loglike on valid set is 2.1026 (updated at epoch-140)[0m
[38;20m2026-09-28 09:45:32,158 - tpp_runner.py[pid:24120;line:104:_train_model] - INFO: [ Epoch 147 (train) ]: train loglike is 2.4413937930610237, num_events is 66675, mark_ll is -1.4204498888322554, time_ll is 3.8618436562617173[0m
[38;20m2026-09-28 09:45:32,205 - tpp_runner.py[pid:24120;line:116:_train_model] - INFO: [ Epoch 147 (valid) ]:  valid loglike is 2.0347066312828694, num_events is 17018, mark_ll is -1.4629875036955355, time_ll is 3.4976941349784054[0m
[38;20m2026-09-28 09:45:32,273 - tpp_runner.py[pid:24120;line:136:_train_model] - INFO: [ Epoch 147 (test) ]: test loglike is 2.8860074016212303, num_events is 33655, mark_ll is -1.4154131188716388, time_ll is 4.301420491476007[0m
[31;1m2026-09-28 09:45:32,273 - tpp_runner.py[pid:24120;line:140:_train_model] - CRITICAL: current best loglike on valid set is 2.1026 (updated at epoch-140)[0m
[38;20m2026-09-28 09:45:32,491 - tpp_runner.py[pid:24120;line:104:_train_model] - INFO: [ Epoch 148 (train) ]: train loglike is 2.442152091828365, num_events is 66675, mark_ll is -1.4197634426556056, time_ll is 3.861915453927634[0m
[38;20m2026-09-28 09:45:32,538 - tpp_runner.py[pid:24120;line:116:_train_model] - INFO: [ Epoch 148 (valid) ]:  valid loglike is 2.071775823071527, num_events is 17018, mark_ll is -1.4619719056660594, time_ll is 3.533747843505773[0m
[38;20m2026-09-28 09:45:32,602 - tpp_runner.py[pid:24120;line:136:_train_model] - INFO: [ Epoch 148 (test) ]: test loglike is 2.9510106790758246, num_events is 33655, mark_ll is -1.4138186422894072, time_ll is 4.364829372144741[0m
[31;1m2026-09-28 09:45:32,602 - tpp_runner.py[pid:24120;line:140:_train_model] - CRITICAL: current best loglike on valid set is 2.1026 (updated at epoch-140)[0m
[38;20m2026-09-28 09:45:32,853 - tpp_runner.py[pid:24120;line:104:_train_model] - INFO: [ Epoch 149 (train) ]: train loglike is 2.452948413186633, num_events is 66675, mark_ll is -1.4192554543963254, time_ll is 3.872203867582958[0m
[38;20m2026-09-28 09:45:32,885 - tpp_runner.py[pid:24120;line:116:_train_model] - INFO: [ Epoch 149 (valid) ]:  valid loglike is 2.0413266467857563, num_events is 17018, mark_ll is -1.4622928262079122, time_ll is 3.5036196451459483[0m
[38;20m2026-09-28 09:45:32,948 - tpp_runner.py[pid:24120;line:136:_train_model] - INFO: [ Epoch 149 (test) ]: test loglike is 2.8943141458364283, num_events is 33655, mark_ll is -1.4142531552936042, time_ll is 4.308567185062584[0m
[31;1m2026-09-28 09:45:32,948 - tpp_runner.py[pid:24120;line:140:_train_model] - CRITICAL: current best loglike on valid set is 2.1026 (updated at epoch-140)[0m
[38;20m2026-09-28 09:45:33,180 - tpp_runner.py[pid:24120;line:104:_train_model] - INFO: [ Epoch 150 (train) ]: train loglike is 2.4538639213067115, num_events is 66675, mark_ll is -1.4190199662542182, time_ll is 3.87288388756093[0m
[38;20m2026-09-28 09:45:33,214 - tpp_runner.py[pid:24120;line:116:_train_model] - INFO: [ Epoch 150 (valid) ]:  valid loglike is 2.05911970390726, num_events is 17018, mark_ll is -1.4613924123997386, time_ll is 3.5205122310751853[0m
[38;20m2026-09-28 09:45:33,278 - tpp_runner.py[pid:24120;line:136:_train_model] - INFO: [ Epoch 150 (test) ]: test loglike is 2.9333633416050735, num_events is 33655, mark_ll is -1.4132725231786696, time_ll is 4.346635552852474[0m
[31;1m2026-09-28 09:45:33,280 - tpp_runner.py[pid:24120;line:140:_train_model] - CRITICAL: current best loglike on valid set is 2.1026 (updated at epoch-140)[0m
[38;20m2026-09-28 09:45:33,511 - tpp_runner.py[pid:24120;line:104:_train_model] - INFO: [ Epoch 151 (train) ]: train loglike is 2.4595263800032807, num_events is 66675, mark_ll is -1.41886690189117, time_ll is 3.8783932526012372[0m
[38;20m2026-09-28 09:45:33,532 - tpp_runner.py[pid:24120;line:116:_train_model] - INFO: [ Epoch 151 (valid) ]:  valid loglike is 2.0670697033678493, num_events is 17018, mark_ll is -1.4616926674949868, time_ll is 3.5287623708628364[0m
[38;20m2026-09-28 09:45:33,610 - tpp_runner.py[pid:24120;line:136:_train_model] - INFO: [ Epoch 151 (test) ]: test loglike is 2.93339570266073, num_events is 33655, mark_ll is -1.4136059269262553, time_ll is 4.347001658603848[0m
[31;1m2026-09-28 09:45:33,610 - tpp_runner.py[pid:24120;line:140:_train_model] - CRITICAL: current best loglike on valid set is 2.1026 (updated at epoch-140)[0m
[38;20m2026-09-28 09:45:33,830 - tpp_runner.py[pid:24120;line:104:_train_model] - INFO: [ Epoch 152 (train) ]: train loglike is 2.4616514341957254, num_events is 66675, mark_ll is -1.4190309951490439, time_ll is 3.8806824439913763[0m
[38;20m2026-09-28 09:45:33,872 - tpp_runner.py[pid:24120;line:116:_train_model] - INFO: [ Epoch 152 (valid) ]:  valid loglike is 2.0621156700350363, num_events is 17018, mark_ll is -1.4614260538244432, time_ll is 3.5235416664753862[0m
[38;20m2026-09-28 09:45:33,941 - tpp_runner.py[pid:24120;line:136:_train_model] - INFO: [ Epoch 152 (test) ]: test loglike is 2.9375641417740677, num_events is 33655, mark_ll is -1.4135945668246732, time_ll is 4.351158672327663[0m
[31;1m2026-09-28 09:45:33,941 - tpp_runner.py[pid:24120;line:140:_train_model] - CRITICAL: current best loglike on valid set is 2.1026 (updated at epoch-140)[0m
[38;20m2026-09-28 09:45:34,178 - tpp_runner.py[pid:24120;line:104:_train_model] - INFO: [ Epoch 153 (train) ]: train loglike is 2.464694076326397, num_events is 66675, mark_ll is -1.418933016673697, time_ll is 3.8836270930000936[0m
[38;20m2026-09-28 09:45:34,210 - tpp_runner.py[pid:24120;line:116:_train_model] - INFO: [ Epoch 153 (valid) ]:  valid loglike is 2.0729681569353957, num_events is 17018, mark_ll is -1.4619150954136797, time_ll is 3.5348831447539[0m
[38;20m2026-09-28 09:45:34,275 - tpp_runner.py[pid:24120;line:136:_train_model] - INFO: [ Epoch 153 (test) ]: test loglike is 2.9428954679143144, num_events is 33655, mark_ll is -1.4143278229344636, time_ll is 4.3572232545777005[0m
[31;1m2026-09-28 09:45:34,275 - tpp_runner.py[pid:24120;line:140:_train_model] - CRITICAL: current best loglike on valid set is 2.1026 (updated at epoch-140)[0m
[38;20m2026-09-28 09:45:34,588 - tpp_runner.py[pid:24120;line:104:_train_model] - INFO: [ Epoch 154 (train) ]: train loglike is 2.466408802171213, num_events is 66675, mark_ll is -1.419084217256046, time_ll is 3.8854930047806526[0m
[38;20m2026-09-28 09:45:34,636 - tpp_runner.py[pid:24120;line:116:_train_model] - INFO: [ Epoch 154 (valid) ]:  valid loglike is 2.0703219038182916, num_events is 17018, mark_ll is -1.4615114485283045, time_ll is 3.5318333666926196[0m
[38;20m2026-09-28 09:45:34,700 - tpp_runner.py[pid:24120;line:136:_train_model] - INFO: [ Epoch 154 (test) ]: test loglike is 2.948781647240845, num_events is 33655, mark_ll is -1.4137552041742498, time_ll is 4.362536764364507[0m
[31;1m2026-09-28 09:45:34,700 - tpp_runner.py[pid:24120;line:140:_train_model] - CRITICAL: current best loglike on valid set is 2.1026 (updated at epoch-140)[0m
[38;20m2026-09-28 09:45:34,935 - tpp_runner.py[pid:24120;line:104:_train_model] - INFO: [ Epoch 155 (train) ]: train loglike is 2.469642893759374, num_events is 66675, mark_ll is -1.418998714027934, time_ll is 3.888641585817398[0m
[38;20m2026-09-28 09:45:34,967 - tpp_runner.py[pid:24120;line:116:_train_model] - INFO: [ Epoch 155 (valid) ]:  valid loglike is 2.0735600810309305, num_events is 17018, mark_ll is -1.461997455933607, time_ll is 3.5355577665009106[0m
[38;20m2026-09-28 09:45:35,043 - tpp_runner.py[pid:24120;line:136:_train_model] - INFO: [ Epoch 155 (test) ]: test loglike is 2.9429331970894927, num_events is 33655, mark_ll is -1.414517226875882, time_ll is 4.357450659727381[0m
[31;1m2026-09-28 09:45:35,043 - tpp_runner.py[pid:24120;line:140:_train_model] - CRITICAL: current best loglike on valid set is 2.1026 (updated at epoch-140)[0m
[38;20m2026-09-28 09:45:35,264 - tpp_runner.py[pid:24120;line:104:_train_model] - INFO: [ Epoch 156 (train) ]: train loglike is 2.469870077275497, num_events is 66675, mark_ll is -1.4191531368637513, time_ll is 3.8890231885076867[0m
[38;20m2026-09-28 09:45:35,298 - tpp_runner.py[pid:24120;line:116:_train_model] - INFO: [ Epoch 156 (valid) ]:  valid loglike is 2.0774823125009183, num_events is 17018, mark_ll is -1.4615198050868934, time_ll is 3.5390022897400915[0m
[38;20m2026-09-28 09:45:35,370 - tpp_runner.py[pid:24120;line:136:_train_model] - INFO: [ Epoch 156 (test) ]: test loglike is 2.9588030776444807, num_events is 33655, mark_ll is -1.41379563191762, time_ll is 4.372598622511514[0m
[31;1m2026-09-28 09:45:35,370 - tpp_runner.py[pid:24120;line:140:_train_model] - CRITICAL: current best loglike on valid set is 2.1026 (updated at epoch-140)[0m
[38;20m2026-09-28 09:45:35,589 - tpp_runner.py[pid:24120;line:104:_train_model] - INFO: [ Epoch 157 (train) ]: train loglike is 2.4738828154293215, num_events is 66675, mark_ll is -1.4190905775449945, time_ll is 3.8929733490344955[0m
[38;20m2026-09-28 09:45:35,626 - tpp_runner.py[pid:24120;line:116:_train_model] - INFO: [ Epoch 157 (valid) ]:  valid loglike is 2.077237325460542, num_events is 17018, mark_ll is -1.4620888687942546, time_ll is 3.5393260221025162[0m
[38;20m2026-09-28 09:45:35,700 - tpp_runner.py[pid:24120;line:136:_train_model] - INFO: [ Epoch 157 (test) ]: test loglike is 2.948156689315295, num_events is 33655, mark_ll is -1.4146209150061284, time_ll is 4.362777705880442[0m
[31;1m2026-09-28 09:45:35,700 - tpp_runner.py[pid:24120;line:140:_train_model] - CRITICAL: current best loglike on valid set is 2.1026 (updated at epoch-140)[0m
[38;20m2026-09-28 09:45:35,912 - tpp_runner.py[pid:24120;line:104:_train_model] - INFO: [ Epoch 158 (train) ]: train loglike is 2.47386800038667, num_events is 66675, mark_ll is -1.4192852858724692, time_ll is 3.893153245980971[0m
[38;20m2026-09-28 09:45:35,943 - tpp_runner.py[pid:24120;line:116:_train_model] - INFO: [ Epoch 158 (valid) ]:  valid loglike is 2.0804546005171916, num_events is 17018, mark_ll is -1.461610256763978, time_ll is 3.5420651513746475[0m
[38;20m2026-09-28 09:45:36,008 - tpp_runner.py[pid:24120;line:136:_train_model] - INFO: [ Epoch 158 (test) ]: test loglike is 2.962872649053818, num_events is 33655, mark_ll is -1.4139553878800049, time_ll is 4.376828018798284[0m
[31;1m2026-09-28 09:45:36,008 - tpp_runner.py[pid:24120;line:140:_train_model] - CRITICAL: current best loglike on valid set is 2.1026 (updated at epoch-140)[0m
[38;20m2026-09-28 09:45:36,233 - tpp_runner.py[pid:24120;line:104:_train_model] - INFO: [ Epoch 159 (train) ]: train loglike is 2.477696960243251, num_events is 66675, mark_ll is -1.419173799564117, time_ll is 3.8968708257170976[0m
[38;20m2026-09-28 09:45:36,275 - tpp_runner.py[pid:24120;line:116:_train_model] - INFO: [ Epoch 159 (valid) ]:  valid loglike is 2.082299075909515, num_events is 17018, mark_ll is -1.462140779879668, time_ll is 3.5444399060002643[0m
[38;20m2026-09-28 09:45:36,338 - tpp_runner.py[pid:24120;line:136:_train_model] - INFO: [ Epoch 159 (test) ]: test loglike is 2.955449584362465, num_events is 33655, mark_ll is -1.4146403490496398, time_ll is 4.370089969683182[0m
[31;1m2026-09-28 09:45:36,338 - tpp_runner.py[pid:24120;line:140:_train_model] - CRITICAL: current best loglike on valid set is 2.1026 (updated at epoch-140)[0m
[38;20m2026-09-28 09:45:36,575 - tpp_runner.py[pid:24120;line:104:_train_model] - INFO: [ Epoch 160 (train) ]: train loglike is 2.477996073244751, num_events is 66675, mark_ll is -1.4194020852373923, time_ll is 3.897398103557368[0m
[38;20m2026-09-28 09:45:36,613 - tpp_runner.py[pid:24120;line:116:_train_model] - INFO: [ Epoch 160 (valid) ]:  valid loglike is 2.0832071648401693, num_events is 17018, mark_ll is -1.4616853295040546, time_ll is 3.5448924369601302[0m
[38;20m2026-09-28 09:45:36,686 - tpp_runner.py[pid:24120;line:136:_train_model] - INFO: [ Epoch 160 (test) ]: test loglike is 2.966750491545647, num_events is 33655, mark_ll is -1.4140742989816242, time_ll is 4.3808247578833015[0m
[31;1m2026-09-28 09:45:36,686 - tpp_runner.py[pid:24120;line:140:_train_model] - CRITICAL: current best loglike on valid set is 2.1026 (updated at epoch-140)[0m
[38;20m2026-09-28 09:45:36,907 - tpp_runner.py[pid:24120;line:104:_train_model] - INFO: [ Epoch 161 (train) ]: train loglike is 2.481470596204771, num_events is 66675, mark_ll is -1.4192305771348894, time_ll is 3.9007011184148856[0m
[38;20m2026-09-28 09:45:36,938 - tpp_runner.py[pid:24120;line:116:_train_model] - INFO: [ Epoch 161 (valid) ]:  valid loglike is 2.0867799343548925, num_events is 17018, mark_ll is -1.462198393509354, time_ll is 3.548978327864247[0m
[38;20m2026-09-28 09:45:37,018 - tpp_runner.py[pid:24120;line:136:_train_model] - INFO: [ Epoch 161 (test) ]: test loglike is 2.9619249075522767, num_events is 33655, mark_ll is -1.4146776502260994, time_ll is 4.376602514253083[0m
[31;1m2026-09-28 09:45:37,018 - tpp_runner.py[pid:24120;line:140:_train_model] - CRITICAL: current best loglike on valid set is 2.1026 (updated at epoch-140)[0m
[38;20m2026-09-28 09:45:37,255 - tpp_runner.py[pid:24120;line:104:_train_model] - INFO: [ Epoch 162 (train) ]: train loglike is 2.481853147262842, num_events is 66675, mark_ll is -1.4194899502308305, time_ll is 3.9013430352455942[0m
[38;20m2026-09-28 09:45:37,286 - tpp_runner.py[pid:24120;line:116:_train_model] - INFO: [ Epoch 162 (valid) ]:  valid loglike is 2.086764906895456, num_events is 17018, mark_ll is -1.4617581068803986, time_ll is 3.5485231285440415[0m
[38;20m2026-09-28 09:45:37,349 - tpp_runner.py[pid:24120;line:136:_train_model] - INFO: [ Epoch 162 (test) ]: test loglike is 2.971599267266194, num_events is 33655, mark_ll is -1.4141296087482358, time_ll is 4.3857288542517825[0m
[31;1m2026-09-28 09:45:37,349 - tpp_runner.py[pid:24120;line:140:_train_model] - CRITICAL: current best loglike on valid set is 2.1026 (updated at epoch-140)[0m
[38;20m2026-09-28 09:45:37,587 - tpp_runner.py[pid:24120;line:104:_train_model] - INFO: [ Epoch 163 (train) ]: train loglike is 2.485270142013498, num_events is 66675, mark_ll is -1.4193224296669948, time_ll is 3.9045925021091112[0m
[38;20m2026-09-28 09:45:37,625 - tpp_runner.py[pid:24120;line:116:_train_model] - INFO: [ Epoch 163 (valid) ]:  valid loglike is 2.090195586222125, num_events is 17018, mark_ll is -1.4622304353524578, time_ll is 3.5524261363427696[0m
[38;20m2026-09-28 09:45:37,681 - tpp_runner.py[pid:24120;line:136:_train_model] - INFO: [ Epoch 163 (test) ]: test loglike is 2.9667591966043307, num_events is 33655, mark_ll is -1.4146443134784485, time_ll is 4.381403470184594[0m
[31;1m2026-09-28 09:45:37,681 - tpp_runner.py[pid:24120;line:140:_train_model] - CRITICAL: current best loglike on valid set is 2.1026 (updated at epoch-140)[0m
[38;20m2026-09-28 09:45:38,127 - tpp_runner.py[pid:24120;line:104:_train_model] - INFO: [ Epoch 164 (train) ]: train loglike is 2.4855833047724505, num_events is 66675, mark_ll is -1.4195627621742595, time_ll is 3.9051460266685414[0m
[38;20m2026-09-28 09:45:38,172 - tpp_runner.py[pid:24120;line:116:_train_model] - INFO: [ Epoch 164 (valid) ]:  valid loglike is 2.0903550422714186, num_events is 17018, mark_ll is -1.4618581130090198, time_ll is 3.5522131552804384[0m
[38;20m2026-09-28 09:45:38,267 - tpp_runner.py[pid:24120;line:136:_train_model] - INFO: [ Epoch 164 (test) ]: test loglike is 2.97657268491866, num_events is 33655, mark_ll is -1.414229891024272, time_ll is 4.39080261221401[0m
[31;1m2026-09-28 09:45:38,267 - tpp_runner.py[pid:24120;line:140:_train_model] - CRITICAL: current best loglike on valid set is 2.1026 (updated at epoch-140)[0m
[38;20m2026-09-28 09:45:38,486 - tpp_runner.py[pid:24120;line:104:_train_model] - INFO: [ Epoch 165 (train) ]: train loglike is 2.4890567621918356, num_events is 66675, mark_ll is -1.4194197783382545, time_ll is 3.90847651856018[0m
[38;20m2026-09-28 09:45:38,532 - tpp_runner.py[pid:24120;line:116:_train_model] - INFO: [ Epoch 165 (valid) ]:  valid loglike is 2.093334309628041, num_events is 17018, mark_ll is -1.4622384117414282, time_ll is 3.5555726066012823[0m
[38;20m2026-09-28 09:45:38,596 - tpp_runner.py[pid:24120;line:136:_train_model] - INFO: [ Epoch 165 (test) ]: test loglike is 2.9712371368249517, num_events is 33655, mark_ll is -1.4145630408743128, time_ll is 4.385800090648678[0m
[31;1m2026-09-28 09:45:38,596 - tpp_runner.py[pid:24120;line:140:_train_model] - CRITICAL: current best loglike on valid set is 2.1026 (updated at epoch-140)[0m
[38;20m2026-09-28 09:45:38,824 - tpp_runner.py[pid:24120;line:104:_train_model] - INFO: [ Epoch 166 (train) ]: train loglike is 2.4892846743766404, num_events is 66675, mark_ll is -1.419614808891076, time_ll is 3.90889955650075[0m
[38;20m2026-09-28 09:45:38,859 - tpp_runner.py[pid:24120;line:116:_train_model] - INFO: [ Epoch 166 (valid) ]:  valid loglike is 2.0936830327631037, num_events is 17018, mark_ll is -1.461988145364467, time_ll is 3.555671063359384[0m
[38;20m2026-09-28 09:45:38,923 - tpp_runner.py[pid:24120;line:136:_train_model] - INFO: [ Epoch 166 (test) ]: test loglike is 2.9810686446107564, num_events is 33655, mark_ll is -1.4143850659495245, time_ll is 4.395453754085574[0m
[31;1m2026-09-28 09:45:38,923 - tpp_runner.py[pid:24120;line:140:_train_model] - CRITICAL: current best loglike on valid set is 2.1026 (updated at epoch-140)[0m
[38;20m2026-09-28 09:45:39,155 - tpp_runner.py[pid:24120;line:104:_train_model] - INFO: [ Epoch 167 (train) ]: train loglike is 2.4927972016193287, num_events is 66675, mark_ll is -1.4195496168447694, time_ll is 3.9123468257874014[0m
[38;20m2026-09-28 09:45:39,196 - tpp_runner.py[pid:24120;line:116:_train_model] - INFO: [ Epoch 167 (valid) ]:  valid loglike is 2.0963900269429794, num_events is 17018, mark_ll is -1.4622819806142762, time_ll is 3.5586718784430458[0m
[38;20m2026-09-28 09:45:39,270 - tpp_runner.py[pid:24120;line:136:_train_model] - INFO: [ Epoch 167 (test) ]: test loglike is 2.9754427683015154, num_events is 33655, mark_ll is -1.414598260090904, time_ll is 4.390041151714084[0m
[31;1m2026-09-28 09:45:39,270 - tpp_runner.py[pid:24120;line:140:_train_model] - CRITICAL: current best loglike on valid set is 2.1026 (updated at epoch-140)[0m
[38;20m2026-09-28 09:45:39,509 - tpp_runner.py[pid:24120;line:104:_train_model] - INFO: [ Epoch 168 (train) ]: train loglike is 2.4929807236009562, num_events is 66675, mark_ll is -1.4196836406191413, time_ll is 3.9126644081599173[0m
[38;20m2026-09-28 09:45:39,543 - tpp_runner.py[pid:24120;line:116:_train_model] - INFO: [ Epoch 168 (valid) ]:  valid loglike is 2.096731218415795, num_events is 17018, mark_ll is -1.4620272239320131, time_ll is 3.558758212811435[0m
[38;20m2026-09-28 09:45:39,610 - tpp_runner.py[pid:24120;line:136:_train_model] - INFO: [ Epoch 168 (test) ]: test loglike is 2.985186180893441, num_events is 33655, mark_ll is -1.4143101262755813, time_ll is 4.399496209237112[0m
[31;1m2026-09-28 09:45:39,610 - tpp_runner.py[pid:24120;line:140:_train_model] - CRITICAL: current best loglike on valid set is 2.1026 (updated at epoch-140)[0m
[38;20m2026-09-28 09:45:39,845 - tpp_runner.py[pid:24120;line:104:_train_model] - INFO: [ Epoch 169 (train) ]: train loglike is 2.496229718111408, num_events is 66675, mark_ll is -1.4196266140560554, time_ll is 3.9158563285058117[0m
[38;20m2026-09-28 09:45:39,885 - tpp_runner.py[pid:24120;line:116:_train_model] - INFO: [ Epoch 169 (valid) ]:  valid loglike is 2.099306745637891, num_events is 17018, mark_ll is -1.4624338476172287, time_ll is 3.561740664985236[0m
[38;20m2026-09-28 09:45:39,947 - tpp_runner.py[pid:24120;line:136:_train_model] - INFO: [ Epoch 169 (test) ]: test loglike is 2.9792915213889097, num_events is 33655, mark_ll is -1.4148464920934853, time_ll is 4.394138158566706[0m
[31;1m2026-09-28 09:45:39,947 - tpp_runner.py[pid:24120;line:140:_train_model] - CRITICAL: current best loglike on valid set is 2.1026 (updated at epoch-140)[0m
[38;20m2026-09-28 09:45:40,177 - tpp_runner.py[pid:24120;line:104:_train_model] - INFO: [ Epoch 170 (train) ]: train loglike is 2.4964683186574335, num_events is 66675, mark_ll is -1.4198408719417885, time_ll is 3.9163092162307835[0m
[38;20m2026-09-28 09:45:40,214 - tpp_runner.py[pid:24120;line:116:_train_model] - INFO: [ Epoch 170 (valid) ]:  valid loglike is 2.0996064340652176, num_events is 17018, mark_ll is -1.462009477901156, time_ll is 3.5616160267345607[0m
[38;20m2026-09-28 09:45:40,281 - tpp_runner.py[pid:24120;line:136:_train_model] - INFO: [ Epoch 170 (test) ]: test loglike is 2.9890973782684593, num_events is 33655, mark_ll is -1.4141565871759396, time_ll is 4.403254139545573[0m
[31;1m2026-09-28 09:45:40,281 - tpp_runner.py[pid:24120;line:140:_train_model] - CRITICAL: current best loglike on valid set is 2.1026 (updated at epoch-140)[0m
[38;20m2026-09-28 09:45:40,508 - tpp_runner.py[pid:24120;line:104:_train_model] - INFO: [ Epoch 171 (train) ]: train loglike is 2.4993624698279904, num_events is 66675, mark_ll is -1.419702556711661, time_ll is 3.9190651363892015[0m
[38;20m2026-09-28 09:45:40,547 - tpp_runner.py[pid:24120;line:116:_train_model] - INFO: [ Epoch 171 (valid) ]:  valid loglike is 2.102589144467439, num_events is 17018, mark_ll is -1.4626478472472162, time_ll is 3.5652370490987484[0m
[38;20m2026-09-28 09:45:40,619 - tpp_runner.py[pid:24120;line:136:_train_model] - INFO: [ Epoch 171 (test) ]: test loglike is 2.983637456648808, num_events is 33655, mark_ll is -1.4152266420062027, time_ll is 4.398864018858639[0m
[31;1m2026-09-28 09:45:40,619 - tpp_runner.py[pid:24120;line:140:_train_model] - CRITICAL: current best loglike on valid set is 2.1026 (updated at epoch-171), best updated at this epoch[0m
[38;20m2026-09-28 09:45:40,983 - tpp_runner.py[pid:24120;line:104:_train_model] - INFO: [ Epoch 172 (train) ]: train loglike is 2.499501641884608, num_events is 66675, mark_ll is -1.4201388754628328, time_ll is 3.919640359896419[0m
[38;20m2026-09-28 09:45:41,019 - tpp_runner.py[pid:24120;line:116:_train_model] - INFO: [ Epoch 172 (valid) ]:  valid loglike is 2.1042659363660903, num_events is 17018, mark_ll is -1.4623608120124647, time_ll is 3.5666269779149284[0m
[38;20m2026-09-28 09:45:41,091 - tpp_runner.py[pid:24120;line:136:_train_model] - INFO: [ Epoch 172 (test) ]: test loglike is 2.994569000937825, num_events is 33655, mark_ll is -1.4150655621494763, time_ll is 4.409634454274068[0m
[31;1m2026-09-28 09:45:41,091 - tpp_runner.py[pid:24120;line:140:_train_model] - CRITICAL: current best loglike on valid set is 2.1043 (updated at epoch-172), best updated at this epoch[0m
[38;20m2026-09-28 09:45:41,319 - tpp_runner.py[pid:24120;line:104:_train_model] - INFO: [ Epoch 173 (train) ]: train loglike is 2.503597265185602, num_events is 66675, mark_ll is -1.4200237970741938, time_ll is 3.9236211538010872[0m
[38;20m2026-09-28 09:45:41,359 - tpp_runner.py[pid:24120;line:116:_train_model] - INFO: [ Epoch 173 (valid) ]:  valid loglike is 2.1062852826097735, num_events is 17018, mark_ll is -1.4624325564751293, time_ll is 3.5687178534309263[0m
[38;20m2026-09-28 09:45:41,418 - tpp_runner.py[pid:24120;line:136:_train_model] - INFO: [ Epoch 173 (test) ]: test loglike is 2.9885395290911454, num_events is 33655, mark_ll is -1.4146964277631018, time_ll is 4.403235757363319[0m
[31;1m2026-09-28 09:45:41,418 - tpp_runner.py[pid:24120;line:140:_train_model] - CRITICAL: current best loglike on valid set is 2.1063 (updated at epoch-173), best updated at this epoch[0m
[38;20m2026-09-28 09:45:41,686 - tpp_runner.py[pid:24120;line:104:_train_model] - INFO: [ Epoch 174 (train) ]: train loglike is 2.5035058410667417, num_events is 66675, mark_ll is -1.4199963237017248, time_ll is 3.923502179415073[0m
[38;20m2026-09-28 09:45:41,733 - tpp_runner.py[pid:24120;line:116:_train_model] - INFO: [ Epoch 174 (valid) ]:  valid loglike is 2.1066278513008285, num_events is 17018, mark_ll is -1.4622807038181997, time_ll is 3.5689086125031215[0m
[38;20m2026-09-28 09:45:41,797 - tpp_runner.py[pid:24120;line:136:_train_model] - INFO: [ Epoch 174 (test) ]: test loglike is 2.998317370190165, num_events is 33655, mark_ll is -1.4144840859920518, time_ll is 4.412801311097906[0m
[31;1m2026-09-28 09:45:41,797 - tpp_runner.py[pid:24120;line:140:_train_model] - CRITICAL: current best loglike on valid set is 2.1066 (updated at epoch-174), best updated at this epoch[0m
[38;20m2026-09-28 09:45:42,034 - tpp_runner.py[pid:24120;line:104:_train_model] - INFO: [ Epoch 175 (train) ]: train loglike is 2.506545971304368, num_events is 66675, mark_ll is -1.4199305384678478, time_ll is 3.926476465832396[0m
[38;20m2026-09-28 09:45:42,067 - tpp_runner.py[pid:24120;line:116:_train_model] - INFO: [ Epoch 175 (valid) ]:  valid loglike is 2.1087376635676196, num_events is 17018, mark_ll is -1.4626232581632317, time_ll is 3.571360907384828[0m
[38;20m2026-09-28 09:45:42,144 - tpp_runner.py[pid:24120;line:136:_train_model] - INFO: [ Epoch 175 (test) ]: test loglike is 2.992000631406923, num_events is 33655, mark_ll is -1.414958167115074, time_ll is 4.406958707844303[0m
[31;1m2026-09-28 09:45:42,144 - tpp_runner.py[pid:24120;line:140:_train_model] - CRITICAL: current best loglike on valid set is 2.1087 (updated at epoch-175), best updated at this epoch[0m
[38;20m2026-09-28 09:45:42,368 - tpp_runner.py[pid:24120;line:104:_train_model] - INFO: [ Epoch 176 (train) ]: train loglike is 2.506917343339895, num_events is 66675, mark_ll is -1.4201072863938882, time_ll is 3.92702464438039[0m
[38;20m2026-09-28 09:45:42,399 - tpp_runner.py[pid:24120;line:116:_train_model] - INFO: [ Epoch 176 (valid) ]:  valid loglike is 2.1091628796990687, num_events is 17018, mark_ll is -1.4623312592044087, time_ll is 3.571494009789267[0m
[38;20m2026-09-28 09:45:42,462 - tpp_runner.py[pid:24120;line:136:_train_model] - INFO: [ Epoch 176 (test) ]: test loglike is 3.001728287842631, num_events is 33655, mark_ll is -1.4144490916561432, time_ll is 4.416177219906031[0m
[31;1m2026-09-28 09:45:42,462 - tpp_runner.py[pid:24120;line:140:_train_model] - CRITICAL: current best loglike on valid set is 2.1092 (updated at epoch-176), best updated at this epoch[0m
[38;20m2026-09-28 09:45:42,683 - tpp_runner.py[pid:24120;line:104:_train_model] - INFO: [ Epoch 177 (train) ]: train loglike is 2.5098778253304275, num_events is 66675, mark_ll is -1.4201014680293869, time_ll is 3.9299792018185227[0m
[38;20m2026-09-28 09:45:42,720 - tpp_runner.py[pid:24120;line:116:_train_model] - INFO: [ Epoch 177 (valid) ]:  valid loglike is 2.1124011214688125, num_events is 17018, mark_ll is -1.4628514747023373, time_ll is 3.575252495748986[0m
[38;20m2026-09-28 09:45:42,793 - tpp_runner.py[pid:24120;line:136:_train_model] - INFO: [ Epoch 177 (test) ]: test loglike is 2.997251290670034, num_events is 33655, mark_ll is -1.4153697930691485, time_ll is 4.412620942281979[0m
[31;1m2026-09-28 09:45:42,793 - tpp_runner.py[pid:24120;line:140:_train_model] - CRITICAL: current best loglike on valid set is 2.1124 (updated at epoch-177), best updated at this epoch[0m
[38;20m2026-09-28 09:45:43,037 - tpp_runner.py[pid:24120;line:104:_train_model] - INFO: [ Epoch 178 (train) ]: train loglike is 2.5101294027699663, num_events is 66675, mark_ll is -1.4204157109755813, time_ll is 3.9305451467004127[0m
[38;20m2026-09-28 09:45:43,077 - tpp_runner.py[pid:24120;line:116:_train_model] - INFO: [ Epoch 178 (valid) ]:  valid loglike is 2.11292977960147, num_events is 17018, mark_ll is -1.4626584059203858, time_ll is 3.575588307463054[0m
[38;20m2026-09-28 09:45:43,155 - tpp_runner.py[pid:24120;line:136:_train_model] - INFO: [ Epoch 178 (test) ]: test loglike is 3.0057875292489973, num_events is 33655, mark_ll is -1.4153211281639986, time_ll is 4.4211086356503495[0m
[31;1m2026-09-28 09:45:43,155 - tpp_runner.py[pid:24120;line:140:_train_model] - CRITICAL: current best loglike on valid set is 2.1129 (updated at epoch-178), best updated at this epoch[0m
[38;20m2026-09-28 09:45:43,392 - tpp_runner.py[pid:24120;line:104:_train_model] - INFO: [ Epoch 179 (train) ]: train loglike is 2.513670337106299, num_events is 66675, mark_ll is -1.420399530136858, time_ll is 3.934069911182977[0m
[38;20m2026-09-28 09:45:43,439 - tpp_runner.py[pid:24120;line:116:_train_model] - INFO: [ Epoch 179 (valid) ]:  valid loglike is 2.1157326841203066, num_events is 17018, mark_ll is -1.4627674930817738, time_ll is 3.5785000624338936[0m
[38;20m2026-09-28 09:45:43,503 - tpp_runner.py[pid:24120;line:136:_train_model] - INFO: [ Epoch 179 (test) ]: test loglike is 3.0013648661510177, num_events is 33655, mark_ll is -1.4153144361501355, time_ll is 4.41667935670777[0m
[31;1m2026-09-28 09:45:43,503 - tpp_runner.py[pid:24120;line:140:_train_model] - CRITICAL: current best loglike on valid set is 2.1157 (updated at epoch-179), best updated at this epoch[0m
[38;20m2026-09-28 09:45:43,757 - tpp_runner.py[pid:24120;line:104:_train_model] - INFO: [ Epoch 180 (train) ]: train loglike is 2.513754361027137, num_events is 66675, mark_ll is -1.4204147259912823, time_ll is 3.9341690687101614[0m
[38;20m2026-09-28 09:45:43,794 - tpp_runner.py[pid:24120;line:116:_train_model] - INFO: [ Epoch 180 (valid) ]:  valid loglike is 2.11607968573257, num_events is 17018, mark_ll is -1.4626899815177312, time_ll is 3.5787697246343946[0m
[38;20m2026-09-28 09:45:43,854 - tpp_runner.py[pid:24120;line:136:_train_model] - INFO: [ Epoch 180 (test) ]: test loglike is 3.0100868924449378, num_events is 33655, mark_ll is -1.4152672293423154, time_ll is 4.425354179820977[0m
[31;1m2026-09-28 09:45:43,854 - tpp_runner.py[pid:24120;line:140:_train_model] - CRITICAL: current best loglike on valid set is 2.1161 (updated at epoch-180), best updated at this epoch[0m
[38;20m2026-09-28 09:45:44,199 - tpp_runner.py[pid:24120;line:104:_train_model] - INFO: [ Epoch 181 (train) ]: train loglike is 2.516889573373641, num_events is 66675, mark_ll is -1.4204581238868579, time_ll is 3.9373476972604986[0m
[38;20m2026-09-28 09:45:44,229 - tpp_runner.py[pid:24120;line:116:_train_model] - INFO: [ Epoch 181 (valid) ]:  valid loglike is 2.1182272208677024, num_events is 17018, mark_ll is -1.4628858047361617, time_ll is 3.5811127888944796[0m
[38;20m2026-09-28 09:45:44,307 - tpp_runner.py[pid:24120;line:136:_train_model] - INFO: [ Epoch 181 (test) ]: test loglike is 3.004404462271115, num_events is 33655, mark_ll is -1.4155343513222405, time_ll is 4.419938690271691[0m
[31;1m2026-09-28 09:45:44,307 - tpp_runner.py[pid:24120;line:140:_train_model] - CRITICAL: current best loglike on valid set is 2.1182 (updated at epoch-181), best updated at this epoch[0m
[38;20m2026-09-28 09:45:44,525 - tpp_runner.py[pid:24120;line:104:_train_model] - INFO: [ Epoch 182 (train) ]: train loglike is 2.517015211965692, num_events is 66675, mark_ll is -1.4205154946452005, time_ll is 3.9375307212574993[0m
[38;20m2026-09-28 09:45:44,560 - tpp_runner.py[pid:24120;line:116:_train_model] - INFO: [ Epoch 182 (valid) ]:  valid loglike is 2.1191314291990464, num_events is 17018, mark_ll is -1.4627480613931756, time_ll is 3.5818796125334207[0m
[38;20m2026-09-28 09:45:44,633 - tpp_runner.py[pid:24120;line:136:_train_model] - INFO: [ Epoch 182 (test) ]: test loglike is 3.014290601554375, num_events is 33655, mark_ll is -1.4152925755715162, time_ll is 4.429583010278933[0m
[31;1m2026-09-28 09:45:44,633 - tpp_runner.py[pid:24120;line:140:_train_model] - CRITICAL: current best loglike on valid set is 2.1191 (updated at epoch-182), best updated at this epoch[0m
[38;20m2026-09-28 09:45:44,843 - tpp_runner.py[pid:24120;line:104:_train_model] - INFO: [ Epoch 183 (train) ]: train loglike is 2.5202477107353767, num_events is 66675, mark_ll is -1.4205753406800712, time_ll is 3.940823066062055[0m
[38;20m2026-09-28 09:45:44,891 - tpp_runner.py[pid:24120;line:116:_train_model] - INFO: [ Epoch 183 (valid) ]:  valid loglike is 2.121682582527508, num_events is 17018, mark_ll is -1.4629935720634035, time_ll is 3.584676211975004[0m
[38;20m2026-09-28 09:45:44,954 - tpp_runner.py[pid:24120;line:136:_train_model] - INFO: [ Epoch 183 (test) ]: test loglike is 3.008982619479832, num_events is 33655, mark_ll is -1.4155477208415355, time_ll is 4.424530391100877[0m
[31;1m2026-09-28 09:45:44,954 - tpp_runner.py[pid:24120;line:140:_train_model] - CRITICAL: current best loglike on valid set is 2.1217 (updated at epoch-183), best updated at this epoch[0m
[38;20m2026-09-28 09:45:45,174 - tpp_runner.py[pid:24120;line:104:_train_model] - INFO: [ Epoch 184 (train) ]: train loglike is 2.520209874888686, num_events is 66675, mark_ll is -1.4207006021220003, time_ll is 3.940910389131046[0m
[38;20m2026-09-28 09:45:45,206 - tpp_runner.py[pid:24120;line:116:_train_model] - INFO: [ Epoch 184 (valid) ]:  valid loglike is 2.1221109834761354, num_events is 17018, mark_ll is -1.4628698519582206, time_ll is 3.5849809932406127[0m
[38;20m2026-09-28 09:45:45,289 - tpp_runner.py[pid:24120;line:136:_train_model] - INFO: [ Epoch 184 (test) ]: test loglike is 3.018382370863356, num_events is 33655, mark_ll is -1.415453695326428, time_ll is 4.433836084325323[0m
[31;1m2026-09-28 09:45:45,289 - tpp_runner.py[pid:24120;line:140:_train_model] - CRITICAL: current best loglike on valid set is 2.1221 (updated at epoch-184), best updated at this epoch[0m
[38;20m2026-09-28 09:45:45,509 - tpp_runner.py[pid:24120;line:104:_train_model] - INFO: [ Epoch 185 (train) ]: train loglike is 2.5235777449205568, num_events is 66675, mark_ll is -1.4206663400473378, time_ll is 3.9442439568100864[0m
[38;20m2026-09-28 09:45:45,538 - tpp_runner.py[pid:24120;line:116:_train_model] - INFO: [ Epoch 185 (valid) ]:  valid loglike is 2.124848728357015, num_events is 17018, mark_ll is -1.4630854942078793, time_ll is 3.5879339930285212[0m
[38;20m2026-09-28 09:45:45,613 - tpp_runner.py[pid:24120;line:136:_train_model] - INFO: [ Epoch 185 (test) ]: test loglike is 3.0131438116318154, num_events is 33655, mark_ll is -1.4156685905813586, time_ll is 4.428812569060132[0m
[31;1m2026-09-28 09:45:45,613 - tpp_runner.py[pid:24120;line:140:_train_model] - CRITICAL: current best loglike on valid set is 2.1248 (updated at epoch-185), best updated at this epoch[0m
[38;20m2026-09-28 09:45:45,836 - tpp_runner.py[pid:24120;line:104:_train_model] - INFO: [ Epoch 186 (train) ]: train loglike is 2.52339174400075, num_events is 66675, mark_ll is -1.4208214036721973, time_ll is 3.9442131769661604[0m
[38;20m2026-09-28 09:45:45,880 - tpp_runner.py[pid:24120;line:116:_train_model] - INFO: [ Epoch 186 (valid) ]:  valid loglike is 2.1259857367819186, num_events is 17018, mark_ll is -1.4629702526024835, time_ll is 3.5889561041525884[0m
[38;20m2026-09-28 09:45:45,947 - tpp_runner.py[pid:24120;line:136:_train_model] - INFO: [ Epoch 186 (test) ]: test loglike is 3.0235501362051513, num_events is 33655, mark_ll is -1.4154614246931176, time_ll is 4.439011517372975[0m
[31;1m2026-09-28 09:45:45,947 - tpp_runner.py[pid:24120;line:140:_train_model] - CRITICAL: current best loglike on valid set is 2.1260 (updated at epoch-186), best updated at this epoch[0m
[38;20m2026-09-28 09:45:46,194 - tpp_runner.py[pid:24120;line:104:_train_model] - INFO: [ Epoch 187 (train) ]: train loglike is 2.526685033511436, num_events is 66675, mark_ll is -1.420811099784402, time_ll is 3.947496155265748[0m
[38;20m2026-09-28 09:45:46,231 - tpp_runner.py[pid:24120;line:116:_train_model] - INFO: [ Epoch 187 (valid) ]:  valid loglike is 2.1279479786797437, num_events is 17018, mark_ll is -1.463187042534008, time_ll is 3.5911348920995416[0m
[38;20m2026-09-28 09:45:46,295 - tpp_runner.py[pid:24120;line:136:_train_model] - INFO: [ Epoch 187 (test) ]: test loglike is 3.0180037298274773, num_events is 33655, mark_ll is -1.415896249628584, time_ll is 4.433899863388612[0m
[31;1m2026-09-28 09:45:46,295 - tpp_runner.py[pid:24120;line:140:_train_model] - CRITICAL: current best loglike on valid set is 2.1279 (updated at epoch-187), best updated at this epoch[0m
[38;20m2026-09-28 09:45:46,519 - tpp_runner.py[pid:24120;line:104:_train_model] - INFO: [ Epoch 188 (train) ]: train loglike is 2.5268088119844396, num_events is 66675, mark_ll is -1.4208347430692256, time_ll is 3.94764360997844[0m
[38;20m2026-09-28 09:45:46,548 - tpp_runner.py[pid:24120;line:116:_train_model] - INFO: [ Epoch 188 (valid) ]:  valid loglike is 2.1287896670414233, num_events is 17018, mark_ll is -1.4630315459871532, time_ll is 3.5918213780078445[0m
[38;20m2026-09-28 09:45:46,619 - tpp_runner.py[pid:24120;line:136:_train_model] - INFO: [ Epoch 188 (test) ]: test loglike is 3.027011173232989, num_events is 33655, mark_ll is -1.4155615981559204, time_ll is 4.442573003523807[0m
[31;1m2026-09-28 09:45:46,619 - tpp_runner.py[pid:24120;line:140:_train_model] - CRITICAL: current best loglike on valid set is 2.1288 (updated at epoch-188), best updated at this epoch[0m
[38;20m2026-09-28 09:45:46,864 - tpp_runner.py[pid:24120;line:104:_train_model] - INFO: [ Epoch 189 (train) ]: train loglike is 2.5298364852830897, num_events is 66675, mark_ll is -1.4209045158417697, time_ll is 3.950740971831646[0m
[38;20m2026-09-28 09:45:46,911 - tpp_runner.py[pid:24120;line:116:_train_model] - INFO: [ Epoch 189 (valid) ]:  valid loglike is 2.1317390372854295, num_events is 17018, mark_ll is -1.4631820214258433, time_ll is 3.5949211232683775[0m
[38;20m2026-09-28 09:45:46,974 - tpp_runner.py[pid:24120;line:136:_train_model] - INFO: [ Epoch 189 (test) ]: test loglike is 3.023206743402726, num_events is 33655, mark_ll is -1.4158994632460815, time_ll is 4.439106344478904[0m
[31;1m2026-09-28 09:45:46,974 - tpp_runner.py[pid:24120;line:140:_train_model] - CRITICAL: current best loglike on valid set is 2.1317 (updated at epoch-189), best updated at this epoch[0m
[38;20m2026-09-28 09:45:47,227 - tpp_runner.py[pid:24120;line:104:_train_model] - INFO: [ Epoch 190 (train) ]: train loglike is 2.530148187043026, num_events is 66675, mark_ll is -1.4208875038081177, time_ll is 3.9510357347909637[0m
[38;20m2026-09-28 09:45:47,259 - tpp_runner.py[pid:24120;line:116:_train_model] - INFO: [ Epoch 190 (valid) ]:  valid loglike is 2.131303283999846, num_events is 17018, mark_ll is -1.463080329639481, time_ll is 3.5943835060441516[0m
[38;20m2026-09-28 09:45:47,339 - tpp_runner.py[pid:24120;line:136:_train_model] - INFO: [ Epoch 190 (test) ]: test loglike is 3.030184587867702, num_events is 33655, mark_ll is -1.4156853985988338, time_ll is 4.4458700590086915[0m
[31;1m2026-09-28 09:45:47,339 - tpp_runner.py[pid:24120;line:140:_train_model] - CRITICAL: current best loglike on valid set is 2.1317 (updated at epoch-189)[0m
[38;20m2026-09-28 09:45:47,702 - tpp_runner.py[pid:24120;line:104:_train_model] - INFO: [ Epoch 191 (train) ]: train loglike is 2.533092158646185, num_events is 66675, mark_ll is -1.4210014031449194, time_ll is 3.9540934922197226[0m
[38;20m2026-09-28 09:45:47,734 - tpp_runner.py[pid:24120;line:116:_train_model] - INFO: [ Epoch 191 (valid) ]:  valid loglike is 2.13557274661847, num_events is 17018, mark_ll is -1.463266806423713, time_ll is 3.5988395100041135[0m
[38;20m2026-09-28 09:45:47,796 - tpp_runner.py[pid:24120;line:136:_train_model] - INFO: [ Epoch 191 (test) ]: test loglike is 3.027532722315592, num_events is 33655, mark_ll is -1.4157249195652577, time_ll is 4.443257554830263[0m
[31;1m2026-09-28 09:45:47,796 - tpp_runner.py[pid:24120;line:140:_train_model] - CRITICAL: current best loglike on valid set is 2.1356 (updated at epoch-191), best updated at this epoch[0m
[38;20m2026-09-28 09:45:48,034 - tpp_runner.py[pid:24120;line:104:_train_model] - INFO: [ Epoch 192 (train) ]: train loglike is 2.5328733163725627, num_events is 66675, mark_ll is -1.4211983963430352, time_ll is 3.954071668775778[0m
[38;20m2026-09-28 09:45:48,066 - tpp_runner.py[pid:24120;line:116:_train_model] - INFO: [ Epoch 192 (valid) ]:  valid loglike is 2.1346093322488504, num_events is 17018, mark_ll is -1.463180766148802, time_ll is 3.5977902705499325[0m
[38;20m2026-09-28 09:45:48,145 - tpp_runner.py[pid:24120;line:136:_train_model] - INFO: [ Epoch 192 (test) ]: test loglike is 3.035227080160823, num_events is 33655, mark_ll is -1.4158253142816353, time_ll is 4.4510524996285845[0m
[31;1m2026-09-28 09:45:48,145 - tpp_runner.py[pid:24120;line:140:_train_model] - CRITICAL: current best loglike on valid set is 2.1356 (updated at epoch-191)[0m
[38;20m2026-09-28 09:45:48,399 - tpp_runner.py[pid:24120;line:104:_train_model] - INFO: [ Epoch 193 (train) ]: train loglike is 2.5361245005507125, num_events is 66675, mark_ll is -1.421016122984627, time_ll is 3.957140594242126[0m
[38;20m2026-09-28 09:45:48,442 - tpp_runner.py[pid:24120;line:116:_train_model] - INFO: [ Epoch 193 (valid) ]:  valid loglike is 2.1377880882328637, num_events is 17018, mark_ll is -1.4633706429405628, time_ll is 3.6011586020592166[0m
[38;20m2026-09-28 09:45:48,510 - tpp_runner.py[pid:24120;line:136:_train_model] - INFO: [ Epoch 193 (test) ]: test loglike is 3.031587712751634, num_events is 33655, mark_ll is -1.4160587585657778, time_ll is 4.447646384266825[0m
[31;1m2026-09-28 09:45:48,510 - tpp_runner.py[pid:24120;line:140:_train_model] - CRITICAL: current best loglike on valid set is 2.1378 (updated at epoch-193), best updated at this epoch[0m
[38;20m2026-09-28 09:45:48,744 - tpp_runner.py[pid:24120;line:104:_train_model] - INFO: [ Epoch 194 (train) ]: train loglike is 2.53617810713114, num_events is 66675, mark_ll is -1.4211906153332396, time_ll is 3.9573686858478627[0m
[38;20m2026-09-28 09:45:48,778 - tpp_runner.py[pid:24120;line:116:_train_model] - INFO: [ Epoch 194 (valid) ]:  valid loglike is 2.1382692251632465, num_events is 17018, mark_ll is -1.463187085572078, time_ll is 3.601456425503511[0m
[38;20m2026-09-28 09:45:48,854 - tpp_runner.py[pid:24120;line:136:_train_model] - INFO: [ Epoch 194 (test) ]: test loglike is 3.0402194458243574, num_events is 33655, mark_ll is -1.415638724975858, time_ll is 4.455858286867665[0m
[31;1m2026-09-28 09:45:48,854 - tpp_runner.py[pid:24120;line:140:_train_model] - CRITICAL: current best loglike on valid set is 2.1383 (updated at epoch-194), best updated at this epoch[0m
[38;20m2026-09-28 09:45:49,097 - tpp_runner.py[pid:24120;line:104:_train_model] - INFO: [ Epoch 195 (train) ]: train loglike is 2.539296168301228, num_events is 66675, mark_ll is -1.4211369904445539, time_ll is 3.9604330269263217[0m
[38;20m2026-09-28 09:45:49,127 - tpp_runner.py[pid:24120;line:116:_train_model] - INFO: [ Epoch 195 (valid) ]:  valid loglike is 2.14118862656452, num_events is 17018, mark_ll is -1.4634553131702461, time_ll is 3.604643882350673[0m
[38;20m2026-09-28 09:45:49,190 - tpp_runner.py[pid:24120;line:136:_train_model] - INFO: [ Epoch 195 (test) ]: test loglike is 3.036473434192078, num_events is 33655, mark_ll is -1.4159820379819121, time_ll is 4.452455653529379[0m
[31;1m2026-09-28 09:45:49,190 - tpp_runner.py[pid:24120;line:140:_train_model] - CRITICAL: current best loglike on valid set is 2.1412 (updated at epoch-195), best updated at this epoch[0m
[38;20m2026-09-28 09:45:49,427 - tpp_runner.py[pid:24120;line:104:_train_model] - INFO: [ Epoch 196 (train) ]: train loglike is 2.539260199896888, num_events is 66675, mark_ll is -1.4213328485306524, time_ll is 3.960592975194507[0m
[38;20m2026-09-28 09:45:49,474 - tpp_runner.py[pid:24120;line:116:_train_model] - INFO: [ Epoch 196 (valid) ]:  valid loglike is 2.1413119306350263, num_events is 17018, mark_ll is -1.4633605146480932, time_ll is 3.604672445283119[0m
[38;20m2026-09-28 09:45:49,590 - tpp_runner.py[pid:24120;line:136:_train_model] - INFO: [ Epoch 196 (test) ]: test loglike is 3.0446925619916247, num_events is 33655, mark_ll is -1.4159206528097608, time_ll is 4.460613367139913[0m
[31;1m2026-09-28 09:45:49,590 - tpp_runner.py[pid:24120;line:140:_train_model] - CRITICAL: current best loglike on valid set is 2.1413 (updated at epoch-196), best updated at this epoch[0m
[38;20m2026-09-28 09:45:50,013 - tpp_runner.py[pid:24120;line:104:_train_model] - INFO: [ Epoch 197 (train) ]: train loglike is 2.542415877214567, num_events is 66675, mark_ll is -1.4212607286393888, time_ll is 3.9636766424704724[0m
[38;20m2026-09-28 09:45:50,057 - tpp_runner.py[pid:24120;line:116:_train_model] - INFO: [ Epoch 197 (valid) ]:  valid loglike is 2.144639863742618, num_events is 17018, mark_ll is -1.4635270863249574, time_ll is 3.6081669500675755[0m
[38;20m2026-09-28 09:45:50,136 - tpp_runner.py[pid:24120;line:136:_train_model] - INFO: [ Epoch 197 (test) ]: test loglike is 3.041474178474595, num_events is 33655, mark_ll is -1.416096150419932, time_ll is 4.457570615436042[0m
[31;1m2026-09-28 09:45:50,136 - tpp_runner.py[pid:24120;line:140:_train_model] - CRITICAL: current best loglike on valid set is 2.1446 (updated at epoch-197), best updated at this epoch[0m
[38;20m2026-09-28 09:45:50,415 - tpp_runner.py[pid:24120;line:104:_train_model] - INFO: [ Epoch 198 (train) ]: train loglike is 2.5425682312171918, num_events is 66675, mark_ll is -1.4214068431875704, time_ll is 3.9639751476377953[0m
[38;20m2026-09-28 09:45:50,460 - tpp_runner.py[pid:24120;line:116:_train_model] - INFO: [ Epoch 198 (valid) ]:  valid loglike is 2.1443059313576067, num_events is 17018, mark_ll is -1.4634107974598587, time_ll is 3.607716714471442[0m
[38;20m2026-09-28 09:45:50,546 - tpp_runner.py[pid:24120;line:136:_train_model] - INFO: [ Epoch 198 (test) ]: test loglike is 3.04848480473973, num_events is 33655, mark_ll is -1.4158646466384546, time_ll is 4.464349389717353[0m
[31;1m2026-09-28 09:45:50,546 - tpp_runner.py[pid:24120;line:140:_train_model] - CRITICAL: current best loglike on valid set is 2.1446 (updated at epoch-197)[0m
[38;20m2026-09-28 09:45:50,830 - tpp_runner.py[pid:24120;line:104:_train_model] - INFO: [ Epoch 199 (train) ]: train loglike is 2.545233591406543, num_events is 66675, mark_ll is -1.4213752284870642, time_ll is 3.9666087466605737[0m
[38;20m2026-09-28 09:45:50,888 - tpp_runner.py[pid:24120;line:116:_train_model] - INFO: [ Epoch 199 (valid) ]:  valid loglike is 2.148057918568758, num_events is 17018, mark_ll is -1.4636309228418072, time_ll is 3.6116887266423787[0m
[38;20m2026-09-28 09:45:50,977 - tpp_runner.py[pid:24120;line:136:_train_model] - INFO: [ Epoch 199 (test) ]: test loglike is 3.0468537161315186, num_events is 33655, mark_ll is -1.4163126706191502, time_ll is 4.463166241666357[0m
[31;1m2026-09-28 09:45:50,977 - tpp_runner.py[pid:24120;line:140:_train_model] - CRITICAL: current best loglike on valid set is 2.1481 (updated at epoch-199), best updated at this epoch[0m
[38;20m2026-09-28 09:45:51,207 - tpp_runner.py[pid:24120;line:104:_train_model] - INFO: [ Epoch 200 (train) ]: train loglike is 2.5457566546857424, num_events is 66675, mark_ll is -1.421436619738939, time_ll is 3.9671933073795462[0m
[38;20m2026-09-28 09:45:51,245 - tpp_runner.py[pid:24120;line:116:_train_model] - INFO: [ Epoch 200 (valid) ]:  valid loglike is 2.146679029017529, num_events is 17018, mark_ll is -1.4635044267811104, time_ll is 3.61018345579864[0m
[38;20m2026-09-28 09:45:51,309 - tpp_runner.py[pid:24120;line:136:_train_model] - INFO: [ Epoch 200 (test) ]: test loglike is 3.0516170589553, num_events is 33655, mark_ll is -1.4160069562123943, time_ll is 4.467623913608676[0m
[31;1m2026-09-28 09:45:51,309 - tpp_runner.py[pid:24120;line:140:_train_model] - CRITICAL: current best loglike on valid set is 2.1481 (updated at epoch-199)[0m
[38;20m2026-09-28 09:45:51,543 - tpp_runner.py[pid:24120;line:104:_train_model] - INFO: [ Epoch 201 (train) ]: train loglike is 2.548292718293026, num_events is 66675, mark_ll is -1.421480065235986, time_ll is 3.969772743250844[0m
[38;20m2026-09-28 09:45:51,578 - tpp_runner.py[pid:24120;line:116:_train_model] - INFO: [ Epoch 201 (valid) ]:  valid loglike is 2.1520517438681654, num_events is 17018, mark_ll is -1.4636732005725555, time_ll is 3.6157251237660124[0m
[38;20m2026-09-28 09:45:51,647 - tpp_runner.py[pid:24120;line:136:_train_model] - INFO: [ Epoch 201 (test) ]: test loglike is 3.052407666893385, num_events is 33655, mark_ll is -1.4162591091184908, time_ll is 4.468666837672709[0m
[31;1m2026-09-28 09:45:51,647 - tpp_runner.py[pid:24120;line:140:_train_model] - CRITICAL: current best loglike on valid set is 2.1521 (updated at epoch-201), best updated at this epoch[0m
[38;20m2026-09-28 09:45:52,001 - tpp_runner.py[pid:24120;line:104:_train_model] - INFO: [ Epoch 202 (train) ]: train loglike is 2.5488911859650356, num_events is 66675, mark_ll is -1.42157257320374, time_ll is 3.9704636969206972[0m
[38;20m2026-09-28 09:45:52,036 - tpp_runner.py[pid:24120;line:116:_train_model] - INFO: [ Epoch 202 (valid) ]:  valid loglike is 2.1496471279949905, num_events is 17018, mark_ll is -1.4635901227514616, time_ll is 3.6132374228987323[0m
[38;20m2026-09-28 09:45:52,104 - tpp_runner.py[pid:24120;line:136:_train_model] - INFO: [ Epoch 202 (test) ]: test loglike is 3.055594567114842, num_events is 33655, mark_ll is -1.416123516948169, time_ll is 4.471717989758209[0m
[31;1m2026-09-28 09:45:52,104 - tpp_runner.py[pid:24120;line:140:_train_model] - CRITICAL: current best loglike on valid set is 2.1521 (updated at epoch-201)[0m
[38;20m2026-09-28 09:45:52,334 - tpp_runner.py[pid:24120;line:104:_train_model] - INFO: [ Epoch 203 (train) ]: train loglike is 2.5513375720613047, num_events is 66675, mark_ll is -1.4215950813765468, time_ll is 3.972932755964098[0m
[38;20m2026-09-28 09:45:52,356 - tpp_runner.py[pid:24120;line:116:_train_model] - INFO: [ Epoch 203 (valid) ]:  valid loglike is 2.1549776655370416, num_events is 17018, mark_ll is -1.4637768218990554, time_ll is 3.6187545448201903[0m
[38;20m2026-09-28 09:45:52,442 - tpp_runner.py[pid:24120;line:136:_train_model] - INFO: [ Epoch 203 (test) ]: test loglike is 3.056495199740473, num_events is 33655, mark_ll is -1.41633931172583, time_ll is 4.472834544110273[0m
[31;1m2026-09-28 09:45:52,442 - tpp_runner.py[pid:24120;line:140:_train_model] - CRITICAL: current best loglike on valid set is 2.1550 (updated at epoch-203), best updated at this epoch[0m
[38;20m2026-09-28 09:45:52,683 - tpp_runner.py[pid:24120;line:104:_train_model] - INFO: [ Epoch 204 (train) ]: train loglike is 2.5517576733572365, num_events is 66675, mark_ll is -1.4217184607295181, time_ll is 3.973476130425103[0m
[38;20m2026-09-28 09:45:52,717 - tpp_runner.py[pid:24120;line:116:_train_model] - INFO: [ Epoch 204 (valid) ]:  valid loglike is 2.1534808588470664, num_events is 17018, mark_ll is -1.463696297670114, time_ll is 3.6171771565171804[0m
[38;20m2026-09-28 09:45:52,789 - tpp_runner.py[pid:24120;line:136:_train_model] - INFO: [ Epoch 204 (test) ]: test loglike is 3.060881809387071, num_events is 33655, mark_ll is -1.41611493521115, time_ll is 4.47699679537773[0m
[31;1m2026-09-28 09:45:52,789 - tpp_runner.py[pid:24120;line:140:_train_model] - CRITICAL: current best loglike on valid set is 2.1550 (updated at epoch-203)[0m
[38;20m2026-09-28 09:45:53,018 - tpp_runner.py[pid:24120;line:104:_train_model] - INFO: [ Epoch 205 (train) ]: train loglike is 2.55422186606557, num_events is 66675, mark_ll is -1.4217438542838394, time_ll is 3.9759657972440943[0m
[38;20m2026-09-28 09:45:53,047 - tpp_runner.py[pid:24120;line:116:_train_model] - INFO: [ Epoch 205 (valid) ]:  valid loglike is 2.157342205794049, num_events is 17018, mark_ll is -1.4639187614538651, time_ll is 3.621261024632007[0m
[38;20m2026-09-28 09:45:53,132 - tpp_runner.py[pid:24120;line:136:_train_model] - INFO: [ Epoch 205 (test) ]: test loglike is 3.0604346813019982, num_events is 33655, mark_ll is -1.4164923285219506, time_ll is 4.476926806705913[0m
[31;1m2026-09-28 09:45:53,132 - tpp_runner.py[pid:24120;line:140:_train_model] - CRITICAL: current best loglike on valid set is 2.1573 (updated at epoch-205), best updated at this epoch[0m
[38;20m2026-09-28 09:45:53,347 - tpp_runner.py[pid:24120;line:104:_train_model] - INFO: [ Epoch 206 (train) ]: train loglike is 2.554689843457068, num_events is 66675, mark_ll is -1.4218357763873266, time_ll is 3.9765255612579677[0m
[38;20m2026-09-28 09:45:53,395 - tpp_runner.py[pid:24120;line:116:_train_model] - INFO: [ Epoch 206 (valid) ]:  valid loglike is 2.155335326244638, num_events is 17018, mark_ll is -1.4637727261093951, time_ll is 3.6191081169111383[0m
[38;20m2026-09-28 09:45:53,465 - tpp_runner.py[pid:24120;line:136:_train_model] - INFO: [ Epoch 206 (test) ]: test loglike is 3.064189557585704, num_events is 33655, mark_ll is -1.4163729241336727, time_ll is 4.480562387414574[0m
[31;1m2026-09-28 09:45:53,465 - tpp_runner.py[pid:24120;line:140:_train_model] - CRITICAL: current best loglike on valid set is 2.1573 (updated at epoch-205)[0m
[38;20m2026-09-28 09:45:53,692 - tpp_runner.py[pid:24120;line:104:_train_model] - INFO: [ Epoch 207 (train) ]: train loglike is 2.5570853289334927, num_events is 66675, mark_ll is -1.421709756983502, time_ll is 3.9787950895786466[0m
[38;20m2026-09-28 09:45:53,726 - tpp_runner.py[pid:24120;line:116:_train_model] - INFO: [ Epoch 207 (valid) ]:  valid loglike is 2.162050907781926, num_events is 17018, mark_ll is -1.463962688977296, time_ll is 3.6260134317799535[0m
[38;20m2026-09-28 09:45:53,794 - tpp_runner.py[pid:24120;line:136:_train_model] - INFO: [ Epoch 207 (test) ]: test loglike is 3.065728169453833, num_events is 33655, mark_ll is -1.4164405987107227, time_ll is 4.482168688368184[0m
[31;1m2026-09-28 09:45:53,794 - tpp_runner.py[pid:24120;line:140:_train_model] - CRITICAL: current best loglike on valid set is 2.1621 (updated at epoch-207), best updated at this epoch[0m
[38;20m2026-09-28 09:45:54,151 - tpp_runner.py[pid:24120;line:104:_train_model] - INFO: [ Epoch 208 (train) ]: train loglike is 2.557312706517154, num_events is 66675, mark_ll is -1.42202800211497, time_ll is 3.9793406537073492[0m
[38;20m2026-09-28 09:45:54,199 - tpp_runner.py[pid:24120;line:116:_train_model] - INFO: [ Epoch 208 (valid) ]:  valid loglike is 2.1596943510869004, num_events is 17018, mark_ll is -1.46385257607524, time_ll is 3.6235468052209425[0m
[38;20m2026-09-28 09:45:54,266 - tpp_runner.py[pid:24120;line:136:_train_model] - INFO: [ Epoch 208 (test) ]: test loglike is 3.0698501888417398, num_events is 33655, mark_ll is -1.4163180605013186, time_ll is 4.486168401681585[0m
[31;1m2026-09-28 09:45:54,266 - tpp_runner.py[pid:24120;line:140:_train_model] - CRITICAL: current best loglike on valid set is 2.1621 (updated at epoch-207)[0m
[38;20m2026-09-28 09:45:54,495 - tpp_runner.py[pid:24120;line:104:_train_model] - INFO: [ Epoch 209 (train) ]: train loglike is 2.559900586157199, num_events is 66675, mark_ll is -1.4218826931301556, time_ll is 3.9817833122422197[0m
[38;20m2026-09-28 09:45:54,528 - tpp_runner.py[pid:24120;line:116:_train_model] - INFO: [ Epoch 209 (valid) ]:  valid loglike is 2.163679346408949, num_events is 17018, mark_ll is -1.4640689714911235, time_ll is 3.627748425495248[0m
[38;20m2026-09-28 09:45:54,592 - tpp_runner.py[pid:24120;line:136:_train_model] - INFO: [ Epoch 209 (test) ]: test loglike is 3.0700962735965125, num_events is 33655, mark_ll is -1.4167688265754996, time_ll is 4.486865140070198[0m
[31;1m2026-09-28 09:45:54,592 - tpp_runner.py[pid:24120;line:140:_train_model] - CRITICAL: current best loglike on valid set is 2.1637 (updated at epoch-209), best updated at this epoch[0m
[38;20m2026-09-28 09:45:54,838 - tpp_runner.py[pid:24120;line:104:_train_model] - INFO: [ Epoch 210 (train) ]: train loglike is 2.560666087393373, num_events is 66675, mark_ll is -1.4219774859685508, time_ll is 3.9826436832114736[0m
[38;20m2026-09-28 09:45:54,872 - tpp_runner.py[pid:24120;line:116:_train_model] - INFO: [ Epoch 210 (valid) ]:  valid loglike is 2.1627065856051315, num_events is 17018, mark_ll is -1.4639592459316972, time_ll is 3.6266656020004553[0m
[38;20m2026-09-28 09:45:54,943 - tpp_runner.py[pid:24120;line:136:_train_model] - INFO: [ Epoch 210 (test) ]: test loglike is 3.073424500445699, num_events is 33655, mark_ll is -1.4163873455142253, time_ll is 4.48981191850208[0m
[31;1m2026-09-28 09:45:54,945 - tpp_runner.py[pid:24120;line:140:_train_model] - CRITICAL: current best loglike on valid set is 2.1637 (updated at epoch-209)[0m
[38;20m2026-09-28 09:45:55,169 - tpp_runner.py[pid:24120;line:104:_train_model] - INFO: [ Epoch 211 (train) ]: train loglike is 2.5628382926743534, num_events is 66675, mark_ll is -1.4220680898774372, time_ll is 3.9849063349503187[0m
[38;20m2026-09-28 09:45:55,203 - tpp_runner.py[pid:24120;line:116:_train_model] - INFO: [ Epoch 211 (valid) ]:  valid loglike is 2.1672910582039973, num_events is 17018, mark_ll is -1.4641322733190592, time_ll is 3.631423317177033[0m
[38;20m2026-09-28 09:45:55,284 - tpp_runner.py[pid:24120;line:136:_train_model] - INFO: [ Epoch 211 (test) ]: test loglike is 3.0750061951000967, num_events is 33655, mark_ll is -1.4166783665073448, time_ll is 4.491684478183962[0m
[31;1m2026-09-28 09:45:55,284 - tpp_runner.py[pid:24120;line:140:_train_model] - CRITICAL: current best loglike on valid set is 2.1673 (updated at epoch-211), best updated at this epoch[0m
[38;20m2026-09-28 09:45:55,498 - tpp_runner.py[pid:24120;line:104:_train_model] - INFO: [ Epoch 212 (train) ]: train loglike is 2.56358060467051, num_events is 66675, mark_ll is -1.4221502536792276, time_ll is 3.9857309462293777[0m
[38;20m2026-09-28 09:45:55,531 - tpp_runner.py[pid:24120;line:116:_train_model] - INFO: [ Epoch 212 (valid) ]:  valid loglike is 2.164075590746287, num_events is 17018, mark_ll is -1.4640452933796202, time_ll is 3.6281208912989187[0m
[38;20m2026-09-28 09:45:55,594 - tpp_runner.py[pid:24120;line:136:_train_model] - INFO: [ Epoch 212 (test) ]: test loglike is 3.076461840504754, num_events is 33655, mark_ll is -1.4166800349769257, time_ll is 4.4931419371425125[0m
[31;1m2026-09-28 09:45:55,594 - tpp_runner.py[pid:24120;line:140:_train_model] - CRITICAL: current best loglike on valid set is 2.1673 (updated at epoch-211)[0m
[38;20m2026-09-28 09:45:55,815 - tpp_runner.py[pid:24120;line:104:_train_model] - INFO: [ Epoch 213 (train) ]: train loglike is 2.5657762408605174, num_events is 66675, mark_ll is -1.4220675882311586, time_ll is 3.987843858384889[0m
[38;20m2026-09-28 09:45:55,851 - tpp_runner.py[pid:24120;line:116:_train_model] - INFO: [ Epoch 213 (valid) ]:  valid loglike is 2.171243617167301, num_events is 17018, mark_ll is -1.4642094047134835, time_ll is 3.635453143821983[0m
[38;20m2026-09-28 09:45:55,917 - tpp_runner.py[pid:24120;line:136:_train_model] - INFO: [ Epoch 213 (test) ]: test loglike is 3.0796532818651574, num_events is 33655, mark_ll is -1.4167293128632912, time_ll is 4.496382656389281[0m
[31;1m2026-09-28 09:45:55,917 - tpp_runner.py[pid:24120;line:140:_train_model] - CRITICAL: current best loglike on valid set is 2.1712 (updated at epoch-213), best updated at this epoch[0m
[38;20m2026-09-28 09:45:56,153 - tpp_runner.py[pid:24120;line:104:_train_model] - INFO: [ Epoch 214 (train) ]: train loglike is 2.5662830830228254, num_events is 66675, mark_ll is -1.4222993488118674, time_ll is 3.9885824281730407[0m
[38;20m2026-09-28 09:45:56,191 - tpp_runner.py[pid:24120;line:116:_train_model] - INFO: [ Epoch 214 (valid) ]:  valid loglike is 2.167801389291853, num_events is 17018, mark_ll is -1.4640960639561789, time_ll is 3.6318972237116585[0m
[38;20m2026-09-28 09:45:56,258 - tpp_runner.py[pid:24120;line:136:_train_model] - INFO: [ Epoch 214 (test) ]: test loglike is 3.0814548445392584, num_events is 33655, mark_ll is -1.4165820341516862, time_ll is 4.498036617539184[0m
[31;1m2026-09-28 09:45:56,258 - tpp_runner.py[pid:24120;line:140:_train_model] - CRITICAL: current best loglike on valid set is 2.1712 (updated at epoch-213)[0m
[38;20m2026-09-28 09:45:56,492 - tpp_runner.py[pid:24120;line:104:_train_model] - INFO: [ Epoch 215 (train) ]: train loglike is 2.568539352502812, num_events is 66675, mark_ll is -1.4221743143923415, time_ll is 3.990713531414042[0m
[38;20m2026-09-28 09:45:56,527 - tpp_runner.py[pid:24120;line:116:_train_model] - INFO: [ Epoch 215 (valid) ]:  valid loglike is 2.1731497302488543, num_events is 17018, mark_ll is -1.464311835320047, time_ll is 3.6374615153578196[0m
[38;20m2026-09-28 09:45:56,591 - tpp_runner.py[pid:24120;line:136:_train_model] - INFO: [ Epoch 215 (test) ]: test loglike is 3.083567301130033, num_events is 33655, mark_ll is -1.4169336169634899, time_ll is 4.500500976127247[0m
[31;1m2026-09-28 09:45:56,591 - tpp_runner.py[pid:24120;line:140:_train_model] - CRITICAL: current best loglike on valid set is 2.1731 (updated at epoch-215), best updated at this epoch[0m
[38;20m2026-09-28 09:45:56,820 - tpp_runner.py[pid:24120;line:104:_train_model] - INFO: [ Epoch 216 (train) ]: train loglike is 2.5693187570303713, num_events is 66675, mark_ll is -1.4223499784694882, time_ll is 3.991668658605174[0m
[38;20m2026-09-28 09:45:56,856 - tpp_runner.py[pid:24120;line:116:_train_model] - INFO: [ Epoch 216 (valid) ]:  valid loglike is 2.17127831302472, num_events is 17018, mark_ll is -1.4642198844835248, time_ll is 3.6354984772557[0m
[38;20m2026-09-28 09:45:56,933 - tpp_runner.py[pid:24120;line:136:_train_model] - INFO: [ Epoch 216 (test) ]: test loglike is 3.085912944480296, num_events is 33655, mark_ll is -1.416704463547857, time_ll is 4.502617408028153[0m
[31;1m2026-09-28 09:45:56,933 - tpp_runner.py[pid:24120;line:140:_train_model] - CRITICAL: current best loglike on valid set is 2.1731 (updated at epoch-215)[0m
[38;20m2026-09-28 09:45:57,293 - tpp_runner.py[pid:24120;line:104:_train_model] - INFO: [ Epoch 217 (train) ]: train loglike is 2.5713880479295557, num_events is 66675, mark_ll is -1.4223546177821522, time_ll is 3.993742632756843[0m
[38;20m2026-09-28 09:45:57,329 - tpp_runner.py[pid:24120;line:116:_train_model] - INFO: [ Epoch 217 (valid) ]:  valid loglike is 2.175882159928091, num_events is 17018, mark_ll is -1.4643882996243867, time_ll is 3.6402702228430925[0m
[38;20m2026-09-28 09:45:57,398 - tpp_runner.py[pid:24120;line:136:_train_model] - INFO: [ Epoch 217 (test) ]: test loglike is 3.0876780764838063, num_events is 33655, mark_ll is -1.4169781215760102, time_ll is 4.504656219822463[0m
[31;1m2026-09-28 09:45:57,400 - tpp_runner.py[pid:24120;line:140:_train_model] - CRITICAL: current best loglike on valid set is 2.1759 (updated at epoch-217), best updated at this epoch[0m
[38;20m2026-09-28 09:45:57,618 - tpp_runner.py[pid:24120;line:104:_train_model] - INFO: [ Epoch 218 (train) ]: train loglike is 2.5721622895282623, num_events is 66675, mark_ll is -1.4224578250960818, time_ll is 3.994620103639389[0m
[38;20m2026-09-28 09:45:57,656 - tpp_runner.py[pid:24120;line:116:_train_model] - INFO: [ Epoch 218 (valid) ]:  valid loglike is 2.173683653372073, num_events is 17018, mark_ll is -1.4643112901711606, time_ll is 3.6379949291972102[0m
[38;20m2026-09-28 09:45:57,723 - tpp_runner.py[pid:24120;line:136:_train_model] - INFO: [ Epoch 218 (test) ]: test loglike is 3.0897019300856114, num_events is 33655, mark_ll is -1.4168541397777077, time_ll is 4.506556040846457[0m
[31;1m2026-09-28 09:45:57,723 - tpp_runner.py[pid:24120;line:140:_train_model] - CRITICAL: current best loglike on valid set is 2.1759 (updated at epoch-217)[0m
[38;20m2026-09-28 09:45:57,940 - tpp_runner.py[pid:24120;line:104:_train_model] - INFO: [ Epoch 219 (train) ]: train loglike is 2.574223158628609, num_events is 66675, mark_ll is -1.422441970144357, time_ll is 3.9966651287729658[0m
[38;20m2026-09-28 09:45:57,973 - tpp_runner.py[pid:24120;line:116:_train_model] - INFO: [ Epoch 219 (valid) ]:  valid loglike is 2.178934448543454, num_events is 17018, mark_ll is -1.464462992194845, time_ll is 3.643397383354206[0m
[38;20m2026-09-28 09:45:58,044 - tpp_runner.py[pid:24120;line:136:_train_model] - INFO: [ Epoch 219 (test) ]: test loglike is 3.0919881178850654, num_events is 33655, mark_ll is -1.4170705838076623, time_ll is 4.509058629150572[0m
[31;1m2026-09-28 09:45:58,044 - tpp_runner.py[pid:24120;line:140:_train_model] - CRITICAL: current best loglike on valid set is 2.1789 (updated at epoch-219), best updated at this epoch[0m
[38;20m2026-09-28 09:45:58,277 - tpp_runner.py[pid:24120;line:104:_train_model] - INFO: [ Epoch 220 (train) ]: train loglike is 2.5749946942667323, num_events is 66675, mark_ll is -1.4225509518829678, time_ll is 3.997545609533183[0m
[38;20m2026-09-28 09:45:58,313 - tpp_runner.py[pid:24120;line:116:_train_model] - INFO: [ Epoch 220 (valid) ]:  valid loglike is 2.1773903143225186, num_events is 17018, mark_ll is -1.4644068705515851, time_ll is 3.641797141836034[0m
[38;20m2026-09-28 09:45:58,383 - tpp_runner.py[pid:24120;line:136:_train_model] - INFO: [ Epoch 220 (test) ]: test loglike is 3.0939648263398825, num_events is 33655, mark_ll is -1.4168447673311915, time_ll is 4.510809651704799[0m
[31;1m2026-09-28 09:45:58,383 - tpp_runner.py[pid:24120;line:140:_train_model] - CRITICAL: current best loglike on valid set is 2.1789 (updated at epoch-219)[0m
[38;20m2026-09-28 09:45:58,607 - tpp_runner.py[pid:24120;line:104:_train_model] - INFO: [ Epoch 221 (train) ]: train loglike is 2.5767852455943006, num_events is 66675, mark_ll is -1.4226280442971972, time_ll is 3.9994132129968127[0m
[38;20m2026-09-28 09:45:58,642 - tpp_runner.py[pid:24120;line:116:_train_model] - INFO: [ Epoch 221 (valid) ]:  valid loglike is 2.181323986746111, num_events is 17018, mark_ll is -1.4646024785796656, time_ll is 3.6459264007686714[0m
[38;20m2026-09-28 09:45:58,704 - tpp_runner.py[pid:24120;line:136:_train_model] - INFO: [ Epoch 221 (test) ]: test loglike is 3.0958492103931436, num_events is 33655, mark_ll is -1.4171955811961447, time_ll is 4.513044994707324[0m
[31;1m2026-09-28 09:45:58,704 - tpp_runner.py[pid:24120;line:140:_train_model] - CRITICAL: current best loglike on valid set is 2.1813 (updated at epoch-221), best updated at this epoch[0m
[38;20m2026-09-28 09:45:58,934 - tpp_runner.py[pid:24120;line:104:_train_model] - INFO: [ Epoch 222 (train) ]: train loglike is 2.5777245837434384, num_events is 66675, mark_ll is -1.4226915043822648, time_ll is 4.000416073479096[0m
[38;20m2026-09-28 09:45:58,968 - tpp_runner.py[pid:24120;line:116:_train_model] - INFO: [ Epoch 222 (valid) ]:  valid loglike is 2.1789453945592534, num_events is 17018, mark_ll is -1.4645388396201815, time_ll is 3.643484105065225[0m
[38;20m2026-09-28 09:45:59,033 - tpp_runner.py[pid:24120;line:136:_train_model] - INFO: [ Epoch 222 (test) ]: test loglike is 3.0974451740895668, num_events is 33655, mark_ll is -1.4170879141286585, time_ll is 4.5145330084218545[0m
[31;1m2026-09-28 09:45:59,033 - tpp_runner.py[pid:24120;line:140:_train_model] - CRITICAL: current best loglike on valid set is 2.1813 (updated at epoch-221)[0m
[38;20m2026-09-28 09:45:59,266 - tpp_runner.py[pid:24120;line:104:_train_model] - INFO: [ Epoch 223 (train) ]: train loglike is 2.579703054696288, num_events is 66675, mark_ll is -1.422683283974269, time_ll is 4.002386378948725[0m
[38;20m2026-09-28 09:45:59,300 - tpp_runner.py[pid:24120;line:116:_train_model] - INFO: [ Epoch 223 (valid) ]:  valid loglike is 2.184640737128518, num_events is 17018, mark_ll is -1.4646754783193714, time_ll is 3.6493161508907845[0m
[38;20m2026-09-28 09:45:59,380 - tpp_runner.py[pid:24120;line:136:_train_model] - INFO: [ Epoch 223 (test) ]: test loglike is 3.1001562848202346, num_events is 33655, mark_ll is -1.4172509888946665, time_ll is 4.517407476832937[0m
[31;1m2026-09-28 09:45:59,380 - tpp_runner.py[pid:24120;line:140:_train_model] - CRITICAL: current best loglike on valid set is 2.1846 (updated at epoch-223), best updated at this epoch[0m
[38;20m2026-09-28 09:45:59,610 - tpp_runner.py[pid:24120;line:104:_train_model] - INFO: [ Epoch 224 (train) ]: train loglike is 2.580510661264998, num_events is 66675, mark_ll is -1.422798922595613, time_ll is 4.003309598507218[0m
[38;20m2026-09-28 09:45:59,645 - tpp_runner.py[pid:24120;line:116:_train_model] - INFO: [ Epoch 224 (valid) ]:  valid loglike is 2.1818714525153515, num_events is 17018, mark_ll is -1.4645979452362938, time_ll is 3.6464692829834586[0m
[38;20m2026-09-28 09:45:59,724 - tpp_runner.py[pid:24120;line:136:_train_model] - INFO: [ Epoch 224 (test) ]: test loglike is 3.101252686961447, num_events is 33655, mark_ll is -1.417130880847478, time_ll is 4.518383604080003[0m
[31;1m2026-09-28 09:45:59,724 - tpp_runner.py[pid:24120;line:140:_train_model] - CRITICAL: current best loglike on valid set is 2.1846 (updated at epoch-223)[0m
[38;20m2026-09-28 09:45:59,949 - tpp_runner.py[pid:24120;line:104:_train_model] - INFO: [ Epoch 225 (train) ]: train loglike is 2.582349659905793, num_events is 66675, mark_ll is -1.4227790910901763, time_ll is 4.005128655793026[0m
[38;20m2026-09-28 09:45:59,982 - tpp_runner.py[pid:24120;line:116:_train_model] - INFO: [ Epoch 225 (valid) ]:  valid loglike is 2.1874283846515454, num_events is 17018, mark_ll is -1.4647648038336247, time_ll is 3.6521932458692636[0m
[38;20m2026-09-28 09:46:00,050 - tpp_runner.py[pid:24120;line:136:_train_model] - INFO: [ Epoch 225 (test) ]: test loglike is 3.104130325464734, num_events is 33655, mark_ll is -1.4173872339443898, time_ll is 4.521517570290447[0m
[31;1m2026-09-28 09:46:00,050 - tpp_runner.py[pid:24120;line:140:_train_model] - CRITICAL: current best loglike on valid set is 2.1874 (updated at epoch-225), best updated at this epoch[0m
[38;20m2026-09-28 09:46:00,276 - tpp_runner.py[pid:24120;line:104:_train_model] - INFO: [ Epoch 226 (train) ]: train loglike is 2.5831661349948445, num_events is 66675, mark_ll is -1.4229122946545745, time_ll is 4.0060784735892385[0m
[38;20m2026-09-28 09:46:00,308 - tpp_runner.py[pid:24120;line:116:_train_model] - INFO: [ Epoch 226 (valid) ]:  valid loglike is 2.1848476498229816, num_events is 17018, mark_ll is -1.4646987332231864, time_ll is 3.6495463902191796[0m
[38;20m2026-09-28 09:46:00,391 - tpp_runner.py[pid:24120;line:136:_train_model] - INFO: [ Epoch 226 (test) ]: test loglike is 3.1053861244846606, num_events is 33655, mark_ll is -1.4172496105937082, time_ll is 4.522635967213267[0m
[31;1m2026-09-28 09:46:00,391 - tpp_runner.py[pid:24120;line:140:_train_model] - CRITICAL: current best loglike on valid set is 2.1874 (updated at epoch-225)[0m
[38;20m2026-09-28 09:46:00,625 - tpp_runner.py[pid:24120;line:104:_train_model] - INFO: [ Epoch 227 (train) ]: train loglike is 2.5849878066999437, num_events is 66675, mark_ll is -1.4228950263053055, time_ll is 4.007882884268373[0m
[38;20m2026-09-28 09:46:00,895 - tpp_runner.py[pid:24120;line:116:_train_model] - INFO: [ Epoch 227 (valid) ]:  valid loglike is 2.1900512322315895, num_events is 17018, mark_ll is -1.4648488141462348, time_ll is 3.6549001683190223[0m
[38;20m2026-09-28 09:46:00,958 - tpp_runner.py[pid:24120;line:136:_train_model] - INFO: [ Epoch 227 (test) ]: test loglike is 3.108045498149885, num_events is 33655, mark_ll is -1.417466424588657, time_ll is 4.525511828433739[0m
[31;1m2026-09-28 09:46:00,958 - tpp_runner.py[pid:24120;line:140:_train_model] - CRITICAL: current best loglike on valid set is 2.1901 (updated at epoch-227), best updated at this epoch[0m
[38;20m2026-09-28 09:46:01,195 - tpp_runner.py[pid:24120;line:104:_train_model] - INFO: [ Epoch 228 (train) ]: train loglike is 2.5858243952416102, num_events is 66675, mark_ll is -1.4230124042111925, time_ll is 4.008836883670791[0m
[38;20m2026-09-28 09:46:01,226 - tpp_runner.py[pid:24120;line:116:_train_model] - INFO: [ Epoch 228 (valid) ]:  valid loglike is 2.1875875537803724, num_events is 17018, mark_ll is -1.4647892351113527, time_ll is 3.6523766023934217[0m
[38;20m2026-09-28 09:46:01,290 - tpp_runner.py[pid:24120;line:136:_train_model] - INFO: [ Epoch 228 (test) ]: test loglike is 3.109311525613765, num_events is 33655, mark_ll is -1.417346022745738, time_ll is 4.5266575447323945[0m
[31;1m2026-09-28 09:46:01,290 - tpp_runner.py[pid:24120;line:140:_train_model] - CRITICAL: current best loglike on valid set is 2.1901 (updated at epoch-227)[0m
[38;20m2026-09-28 09:46:01,545 - tpp_runner.py[pid:24120;line:104:_train_model] - INFO: [ Epoch 229 (train) ]: train loglike is 2.5875908602245032, num_events is 66675, mark_ll is -1.423006640771466, time_ll is 4.0105974790260595[0m
[38;20m2026-09-28 09:46:01,583 - tpp_runner.py[pid:24120;line:116:_train_model] - INFO: [ Epoch 229 (valid) ]:  valid loglike is 2.192759632321751, num_events is 17018, mark_ll is -1.4649334915489298, time_ll is 3.657693296022961[0m
[38;20m2026-09-28 09:46:01,652 - tpp_runner.py[pid:24120;line:136:_train_model] - INFO: [ Epoch 229 (test) ]: test loglike is 3.112013104305174, num_events is 33655, mark_ll is -1.4175620460311897, time_ll is 4.529575030641807[0m
[31;1m2026-09-28 09:46:01,652 - tpp_runner.py[pid:24120;line:140:_train_model] - CRITICAL: current best loglike on valid set is 2.1928 (updated at epoch-229), best updated at this epoch[0m
[38;20m2026-09-28 09:46:01,878 - tpp_runner.py[pid:24120;line:104:_train_model] - INFO: [ Epoch 230 (train) ]: train loglike is 2.5884294516896325, num_events is 66675, mark_ll is -1.4231172812382826, time_ll is 4.011546835454162[0m
[38;20m2026-09-28 09:46:01,913 - tpp_runner.py[pid:24120;line:116:_train_model] - INFO: [ Epoch 230 (valid) ]:  valid loglike is 2.1902862272667174, num_events is 17018, mark_ll is -1.4648773053485649, time_ll is 3.6551634178470955[0m
[38;20m2026-09-28 09:46:01,988 - tpp_runner.py[pid:24120;line:136:_train_model] - INFO: [ Epoch 230 (test) ]: test loglike is 3.1131366444668327, num_events is 33655, mark_ll is -1.4174460112260436, time_ll is 4.530582597659151[0m
[31;1m2026-09-28 09:46:01,988 - tpp_runner.py[pid:24120;line:140:_train_model] - CRITICAL: current best loglike on valid set is 2.1928 (updated at epoch-229)[0m
[38;20m2026-09-28 09:46:02,227 - tpp_runner.py[pid:24120;line:104:_train_model] - INFO: [ Epoch 231 (train) ]: train loglike is 2.590139523575178, num_events is 66675, mark_ll is -1.4231154760440101, time_ll is 4.01325500328084[0m
[38;20m2026-09-28 09:46:02,259 - tpp_runner.py[pid:24120;line:116:_train_model] - INFO: [ Epoch 231 (valid) ]:  valid loglike is 2.1954197795624486, num_events is 17018, mark_ll is -1.4650178605121231, time_ll is 3.660437747669747[0m
[38;20m2026-09-28 09:46:02,322 - tpp_runner.py[pid:24120;line:136:_train_model] - INFO: [ Epoch 231 (test) ]: test loglike is 3.115862785932161, num_events is 33655, mark_ll is -1.4176564777823688, time_ll is 4.533519234697668[0m
[31;1m2026-09-28 09:46:02,322 - tpp_runner.py[pid:24120;line:140:_train_model] - CRITICAL: current best loglike on valid set is 2.1954 (updated at epoch-231), best updated at this epoch[0m
[38;20m2026-09-28 09:46:02,559 - tpp_runner.py[pid:24120;line:104:_train_model] - INFO: [ Epoch 232 (train) ]: train loglike is 2.590986624718785, num_events is 66675, mark_ll is -1.4232223633178664, time_ll is 4.014208966066741[0m
[38;20m2026-09-28 09:46:02,593 - tpp_runner.py[pid:24120;line:116:_train_model] - INFO: [ Epoch 232 (valid) ]:  valid loglike is 2.1929264191889652, num_events is 17018, mark_ll is -1.46496607854092, time_ll is 3.6578925622869902[0m
[38;20m2026-09-28 09:46:02,669 - tpp_runner.py[pid:24120;line:136:_train_model] - INFO: [ Epoch 232 (test) ]: test loglike is 3.1168955468401798, num_events is 33655, mark_ll is -1.4175497972882, time_ll is 4.534445293348871[0m
[31;1m2026-09-28 09:46:02,669 - tpp_runner.py[pid:24120;line:140:_train_model] - CRITICAL: current best loglike on valid set is 2.1954 (updated at epoch-231)[0m
[38;20m2026-09-28 09:46:02,895 - tpp_runner.py[pid:24120;line:104:_train_model] - INFO: [ Epoch 233 (train) ]: train loglike is 2.5926444008952005, num_events is 66675, mark_ll is -1.4232241318956225, time_ll is 4.015868529129171[0m
[38;20m2026-09-28 09:46:02,929 - tpp_runner.py[pid:24120;line:116:_train_model] - INFO: [ Epoch 233 (valid) ]:  valid loglike is 2.1980730837500184, num_events is 17018, mark_ll is -1.465100830738042, time_ll is 3.663173964699142[0m
[38;20m2026-09-28 09:46:02,999 - tpp_runner.py[pid:24120;line:136:_train_model] - INFO: [ Epoch 233 (test) ]: test loglike is 3.119754708856411, num_events is 33655, mark_ll is -1.4177545910479499, time_ll is 4.53750929990436[0m
[31;1m2026-09-28 09:46:02,999 - tpp_runner.py[pid:24120;line:140:_train_model] - CRITICAL: current best loglike on valid set is 2.1981 (updated at epoch-233), best updated at this epoch[0m
[38;20m2026-09-28 09:46:03,235 - tpp_runner.py[pid:24120;line:104:_train_model] - INFO: [ Epoch 234 (train) ]: train loglike is 2.5935048597440944, num_events is 66675, mark_ll is -1.4233277163596738, time_ll is 4.016832466254218[0m
[38;20m2026-09-28 09:46:03,266 - tpp_runner.py[pid:24120;line:116:_train_model] - INFO: [ Epoch 234 (valid) ]:  valid loglike is 2.195519756999023, num_events is 17018, mark_ll is -1.4650535462451522, time_ll is 3.6605734323583854[0m
[38;20m2026-09-28 09:46:03,346 - tpp_runner.py[pid:24120;line:136:_train_model] - INFO: [ Epoch 234 (test) ]: test loglike is 3.1205594987859344, num_events is 33655, mark_ll is -1.4176541092809853, time_ll is 4.538213611694028[0m
[31;1m2026-09-28 09:46:03,346 - tpp_runner.py[pid:24120;line:140:_train_model] - CRITICAL: current best loglike on valid set is 2.1981 (updated at epoch-233)[0m
[38;20m2026-09-28 09:46:03,583 - tpp_runner.py[pid:24120;line:104:_train_model] - INFO: [ Epoch 235 (train) ]: train loglike is 2.5951007979471314, num_events is 66675, mark_ll is -1.4233334797994002, time_ll is 4.018434365626172[0m
[38;20m2026-09-28 09:46:03,630 - tpp_runner.py[pid:24120;line:116:_train_model] - INFO: [ Epoch 235 (valid) ]:  valid loglike is 2.2006703810625146, num_events is 17018, mark_ll is -1.4651834494863893, time_ll is 3.665854002701184[0m
[38;20m2026-09-28 09:46:03,741 - tpp_runner.py[pid:24120;line:136:_train_model] - INFO: [ Epoch 235 (test) ]: test loglike is 3.123600487715421, num_events is 33655, mark_ll is -1.4178541950548302, time_ll is 4.541454563075694[0m
[31;1m2026-09-28 09:46:03,741 - tpp_runner.py[pid:24120;line:140:_train_model] - CRITICAL: current best loglike on valid set is 2.2007 (updated at epoch-235), best updated at this epoch[0m
[38;20m2026-09-28 09:46:04,041 - tpp_runner.py[pid:24120;line:104:_train_model] - INFO: [ Epoch 236 (train) ]: train loglike is 2.595974607178009, num_events is 66675, mark_ll is -1.423432981521841, time_ll is 4.019407464203693[0m
[38;20m2026-09-28 09:46:04,072 - tpp_runner.py[pid:24120;line:116:_train_model] - INFO: [ Epoch 236 (valid) ]:  valid loglike is 2.198070680791111, num_events is 17018, mark_ll is -1.4651405835686846, time_ll is 3.663211149591609[0m
[38;20m2026-09-28 09:46:04,144 - tpp_runner.py[pid:24120;line:136:_train_model] - INFO: [ Epoch 236 (test) ]: test loglike is 3.1241867589093375, num_events is 33655, mark_ll is -1.4177616493996992, time_ll is 4.541948430071684[0m
[31;1m2026-09-28 09:46:04,144 - tpp_runner.py[pid:24120;line:140:_train_model] - CRITICAL: current best loglike on valid set is 2.2007 (updated at epoch-235)[0m
[38;20m2026-09-28 09:46:04,373 - tpp_runner.py[pid:24120;line:104:_train_model] - INFO: [ Epoch 237 (train) ]: train loglike is 2.5974998608572366, num_events is 66675, mark_ll is -1.4234429998008062, time_ll is 4.020942860658042[0m
[38;20m2026-09-28 09:46:04,413 - tpp_runner.py[pid:24120;line:116:_train_model] - INFO: [ Epoch 237 (valid) ]:  valid loglike is 2.2032138305764484, num_events is 17018, mark_ll is -1.465265207473337, time_ll is 3.668478923281599[0m
[38;20m2026-09-28 09:46:04,484 - tpp_runner.py[pid:24120;line:136:_train_model] - INFO: [ Epoch 237 (test) ]: test loglike is 3.1273770468494653, num_events is 33655, mark_ll is -1.4179558302420703, time_ll is 4.54533286983732[0m
[31;1m2026-09-28 09:46:04,484 - tpp_runner.py[pid:24120;line:140:_train_model] - CRITICAL: current best loglike on valid set is 2.2032 (updated at epoch-237), best updated at this epoch[0m
[38;20m2026-09-28 09:46:04,710 - tpp_runner.py[pid:24120;line:104:_train_model] - INFO: [ Epoch 238 (train) ]: train loglike is 2.5983874745149045, num_events is 66675, mark_ll is -1.4235376827896513, time_ll is 4.021925106041432[0m
[38;20m2026-09-28 09:46:04,743 - tpp_runner.py[pid:24120;line:116:_train_model] - INFO: [ Epoch 238 (valid) ]:  valid loglike is 2.20058566062175, num_events is 17018, mark_ll is -1.4652270398782723, time_ll is 3.6658127148460453[0m
[38;20m2026-09-28 09:46:04,801 - tpp_runner.py[pid:24120;line:136:_train_model] - INFO: [ Epoch 238 (test) ]: test loglike is 3.1277540629410563, num_events is 33655, mark_ll is -1.4178698859231076, time_ll is 4.545624039541859[0m
[31;1m2026-09-28 09:46:04,801 - tpp_runner.py[pid:24120;line:140:_train_model] - CRITICAL: current best loglike on valid set is 2.2032 (updated at epoch-237)[0m
[38;20m2026-09-28 09:46:05,038 - tpp_runner.py[pid:24120;line:104:_train_model] - INFO: [ Epoch 239 (train) ]: train loglike is 2.5998420766251873, num_events is 66675, mark_ll is -1.4235526516216723, time_ll is 4.023394819788152[0m
[38;20m2026-09-28 09:46:05,069 - tpp_runner.py[pid:24120;line:116:_train_model] - INFO: [ Epoch 239 (valid) ]:  valid loglike is 2.2057078580400162, num_events is 17018, mark_ll is -1.4653462266400834, time_ll is 3.6710540918531116[0m
[38;20m2026-09-28 09:46:05,145 - tpp_runner.py[pid:24120;line:136:_train_model] - INFO: [ Epoch 239 (test) ]: test loglike is 3.1310859531691055, num_events is 33655, mark_ll is -1.4180592826103104, time_ll is 4.549145235779416[0m
[31;1m2026-09-28 09:46:05,145 - tpp_runner.py[pid:24120;line:140:_train_model] - CRITICAL: current best loglike on valid set is 2.2057 (updated at epoch-239), best updated at this epoch[0m
[38;20m2026-09-28 09:46:05,369 - tpp_runner.py[pid:24120;line:104:_train_model] - INFO: [ Epoch 240 (train) ]: train loglike is 2.6007434837246906, num_events is 66675, mark_ll is -1.4236418641029247, time_ll is 4.024385333181009[0m
[38;20m2026-09-28 09:46:05,400 - tpp_runner.py[pid:24120;line:116:_train_model] - INFO: [ Epoch 240 (valid) ]:  valid loglike is 2.2030519500492125, num_events is 17018, mark_ll is -1.4653126928105535, time_ll is 3.6683645280915793[0m
[38;20m2026-09-28 09:46:05,478 - tpp_runner.py[pid:24120;line:136:_train_model] - INFO: [ Epoch 240 (test) ]: test loglike is 3.131219205854906, num_events is 33655, mark_ll is -1.4179795297643367, time_ll is 4.549198713856597[0m
[31;1m2026-09-28 09:46:05,478 - tpp_runner.py[pid:24120;line:140:_train_model] - CRITICAL: current best loglike on valid set is 2.2057 (updated at epoch-239)[0m
[38;20m2026-09-28 09:46:05,808 - tpp_runner.py[pid:24120;line:104:_train_model] - INFO: [ Epoch 241 (train) ]: train loglike is 2.602120521067679, num_events is 66675, mark_ll is -1.4236618823525966, time_ll is 4.025782472991657[0m
[38;20m2026-09-28 09:46:05,871 - tpp_runner.py[pid:24120;line:116:_train_model] - INFO: [ Epoch 241 (valid) ]:  valid loglike is 2.2081516313838656, num_events is 17018, mark_ll is -1.4654260909519516, time_ll is 3.6735777295088288[0m
[38;20m2026-09-28 09:46:05,965 - tpp_runner.py[pid:24120;line:136:_train_model] - INFO: [ Epoch 241 (test) ]: test loglike is 3.1347401917202125, num_events is 33655, mark_ll is -1.4181642075843115, time_ll is 4.552904297745506[0m
[31;1m2026-09-28 09:46:05,965 - tpp_runner.py[pid:24120;line:140:_train_model] - CRITICAL: current best loglike on valid set is 2.2082 (updated at epoch-241), best updated at this epoch[0m
[38;20m2026-09-28 09:46:06,199 - tpp_runner.py[pid:24120;line:104:_train_model] - INFO: [ Epoch 242 (train) ]: train loglike is 2.6030355019099174, num_events is 66675, mark_ll is -1.423745294777606, time_ll is 4.026780873582209[0m
[38;20m2026-09-28 09:46:06,236 - tpp_runner.py[pid:24120;line:116:_train_model] - INFO: [ Epoch 242 (valid) ]:  valid loglike is 2.205483357120953, num_events is 17018, mark_ll is -1.46539729131012, time_ll is 3.670880877967446[0m
[38;20m2026-09-28 09:46:06,298 - tpp_runner.py[pid:24120;line:136:_train_model] - INFO: [ Epoch 242 (test) ]: test loglike is 3.1346358180665947, num_events is 33655, mark_ll is -1.4180894311302183, time_ll is 4.552725423297987[0m
[31;1m2026-09-28 09:46:06,298 - tpp_runner.py[pid:24120;line:140:_train_model] - CRITICAL: current best loglike on valid set is 2.2082 (updated at epoch-241)[0m
[38;20m2026-09-28 09:46:06,518 - tpp_runner.py[pid:24120;line:104:_train_model] - INFO: [ Epoch 243 (train) ]: train loglike is 2.604332458930915, num_events is 66675, mark_ll is -1.4237703441366705, time_ll is 4.028102700541338[0m
[38;20m2026-09-28 09:46:06,566 - tpp_runner.py[pid:24120;line:116:_train_model] - INFO: [ Epoch 243 (valid) ]:  valid loglike is 2.2105305893943177, num_events is 17018, mark_ll is -1.4655054316339684, time_ll is 3.6760359492981696[0m
[38;20m2026-09-28 09:46:06,629 - tpp_runner.py[pid:24120;line:136:_train_model] - INFO: [ Epoch 243 (test) ]: test loglike is 3.1383297661937304, num_events is 33655, mark_ll is -1.4182677433760307, time_ll is 4.556597418892067[0m
[31;1m2026-09-28 09:46:06,629 - tpp_runner.py[pid:24120;line:140:_train_model] - CRITICAL: current best loglike on valid set is 2.2105 (updated at epoch-243), best updated at this epoch[0m
[38;20m2026-09-28 09:46:06,851 - tpp_runner.py[pid:24120;line:104:_train_model] - INFO: [ Epoch 244 (train) ]: train loglike is 2.6052606693206317, num_events is 66675, mark_ll is -1.4238482274676603, time_ll is 4.029108871156731[0m
[38;20m2026-09-28 09:46:06,898 - tpp_runner.py[pid:24120;line:116:_train_model] - INFO: [ Epoch 244 (valid) ]:  valid loglike is 2.2078812231901517, num_events is 17018, mark_ll is -1.4654811294704504, time_ll is 3.6733625104668586[0m
[38;20m2026-09-28 09:46:06,961 - tpp_runner.py[pid:24120;line:136:_train_model] - INFO: [ Epoch 244 (test) ]: test loglike is 3.1380096884401465, num_events is 33655, mark_ll is -1.418197700297597, time_ll is 4.556207417754606[0m
[31;1m2026-09-28 09:46:06,961 - tpp_runner.py[pid:24120;line:140:_train_model] - CRITICAL: current best loglike on valid set is 2.2105 (updated at epoch-243)[0m
[38;20m2026-09-28 09:46:07,198 - tpp_runner.py[pid:24120;line:104:_train_model] - INFO: [ Epoch 245 (train) ]: train loglike is 2.606474986525122, num_events is 66675, mark_ll is -1.4238775353276154, time_ll is 4.0303524925595235[0m
[38;20m2026-09-28 09:46:07,230 - tpp_runner.py[pid:24120;line:116:_train_model] - INFO: [ Epoch 245 (valid) ]:  valid loglike is 2.2128562160630474, num_events is 17018, mark_ll is -1.4655842343401104, time_ll is 3.6784405149602626[0m
[38;20m2026-09-28 09:46:07,296 - tpp_runner.py[pid:24120;line:136:_train_model] - INFO: [ Epoch 245 (test) ]: test loglike is 3.1418169183976192, num_events is 33655, mark_ll is -1.4183702925944324, time_ll is 4.560187327059501[0m
[31;1m2026-09-28 09:46:07,296 - tpp_runner.py[pid:24120;line:140:_train_model] - CRITICAL: current best loglike on valid set is 2.2129 (updated at epoch-245), best updated at this epoch[0m
[38;20m2026-09-28 09:46:07,532 - tpp_runner.py[pid:24120;line:104:_train_model] - INFO: [ Epoch 246 (train) ]: train loglike is 2.607413193223894, num_events is 66675, mark_ll is -1.4239504388123359, time_ll is 4.031363511201725[0m
[38;20m2026-09-28 09:46:07,563 - tpp_runner.py[pid:24120;line:116:_train_model] - INFO: [ Epoch 246 (valid) ]:  valid loglike is 2.210219280688095, num_events is 17018, mark_ll is -1.4655642503296142, time_ll is 3.675783645785896[0m
[38;20m2026-09-28 09:46:07,643 - tpp_runner.py[pid:24120;line:136:_train_model] - INFO: [ Epoch 246 (test) ]: test loglike is 3.1412690365124982, num_events is 33655, mark_ll is -1.4183028973046816, time_ll is 4.55957196646115[0m
[31;1m2026-09-28 09:46:07,643 - tpp_runner.py[pid:24120;line:140:_train_model] - CRITICAL: current best loglike on valid set is 2.2129 (updated at epoch-245)[0m
[38;20m2026-09-28 09:46:07,863 - tpp_runner.py[pid:24120;line:104:_train_model] - INFO: [ Epoch 247 (train) ]: train loglike is 2.6085446875292932, num_events is 66675, mark_ll is -1.4239835767599363, time_ll is 4.032528267950881[0m
[38;20m2026-09-28 09:46:07,894 - tpp_runner.py[pid:24120;line:116:_train_model] - INFO: [ Epoch 247 (valid) ]:  valid loglike is 2.215128217296576, num_events is 17018, mark_ll is -1.465662793163856, time_ll is 3.6807912973808983[0m
[38;20m2026-09-28 09:46:07,974 - tpp_runner.py[pid:24120;line:136:_train_model] - INFO: [ Epoch 247 (test) ]: test loglike is 3.1452201973610903, num_events is 33655, mark_ll is -1.4184698712115584, time_ll is 4.563690126606374[0m
[31;1m2026-09-28 09:46:07,974 - tpp_runner.py[pid:24120;line:140:_train_model] - CRITICAL: current best loglike on valid set is 2.2151 (updated at epoch-247), best updated at this epoch[0m
[38;20m2026-09-28 09:46:08,336 - tpp_runner.py[pid:24120;line:104:_train_model] - INFO: [ Epoch 248 (train) ]: train loglike is 2.6094915869891264, num_events is 66675, mark_ll is -1.4240519105033747, time_ll is 4.033543482845895[0m
[38;20m2026-09-28 09:46:08,384 - tpp_runner.py[pid:24120;line:116:_train_model] - INFO: [ Epoch 248 (valid) ]:  valid loglike is 2.212508160018069, num_events is 17018, mark_ll is -1.4656469623271131, time_ll is 3.678155129518194[0m
[38;20m2026-09-28 09:46:08,448 - tpp_runner.py[pid:24120;line:136:_train_model] - INFO: [ Epoch 248 (test) ]: test loglike is 3.144480891235515, num_events is 33655, mark_ll is -1.4184072020432514, time_ll is 4.562888100532982[0m
[31;1m2026-09-28 09:46:08,448 - tpp_runner.py[pid:24120;line:140:_train_model] - CRITICAL: current best loglike on valid set is 2.2151 (updated at epoch-247)[0m
[38;20m2026-09-28 09:46:08,684 - tpp_runner.py[pid:24120;line:104:_train_model] - INFO: [ Epoch 249 (train) ]: train loglike is 2.610544743918729, num_events is 66675, mark_ll is -1.4240881718398481, time_ll is 4.034632882803712[0m
[38;20m2026-09-28 09:46:08,718 - tpp_runner.py[pid:24120;line:116:_train_model] - INFO: [ Epoch 249 (valid) ]:  valid loglike is 2.2173294998081077, num_events is 17018, mark_ll is -1.4657413519876015, time_ll is 3.683070665297406[0m
[38;20m2026-09-28 09:46:08,794 - tpp_runner.py[pid:24120;line:136:_train_model] - INFO: [ Epoch 249 (test) ]: test loglike is 3.148529069963137, num_events is 33655, mark_ll is -1.4185680787819417, time_ll is 4.5670971995245875[0m
[31;1m2026-09-28 09:46:08,794 - tpp_runner.py[pid:24120;line:140:_train_model] - CRITICAL: current best loglike on valid set is 2.2173 (updated at epoch-249), best updated at this epoch[0m
[38;20m2026-09-28 09:46:09,034 - tpp_runner.py[pid:24120;line:104:_train_model] - INFO: [ Epoch 250 (train) ]: train loglike is 2.6114947191659637, num_events is 66675, mark_ll is -1.4241525729693945, time_ll is 4.035647372691694[0m
[38;20m2026-09-28 09:46:09,068 - tpp_runner.py[pid:24120;line:116:_train_model] - INFO: [ Epoch 250 (valid) ]:  valid loglike is 2.2147127421149664, num_events is 17018, mark_ll is -1.4657293730581222, time_ll is 3.6804420577889956[0m
[38;20m2026-09-28 09:46:09,133 - tpp_runner.py[pid:24120;line:136:_train_model] - INFO: [ Epoch 250 (test) ]: test loglike is 3.1475489383890767, num_events is 33655, mark_ll is -1.4185097766514077, time_ll is 4.5660587150404846[0m
[31;1m2026-09-28 09:46:09,133 - tpp_runner.py[pid:24120;line:140:_train_model] - CRITICAL: current best loglike on valid set is 2.2173 (updated at epoch-249)[0m
[38;20m2026-09-28 09:46:09,352 - tpp_runner.py[pid:24120;line:104:_train_model] - INFO: [ Epoch 251 (train) ]: train loglike is 2.612469787712083, num_events is 66675, mark_ll is -1.4241915695596645, time_ll is 4.036661269392107[0m
[38;20m2026-09-28 09:46:09,386 - tpp_runner.py[pid:24120;line:116:_train_model] - INFO: [ Epoch 251 (valid) ]:  valid loglike is 2.2194427694665206, num_events is 17018, mark_ll is -1.465820075790615, time_ll is 3.6852627376619607[0m
[38;20m2026-09-28 09:46:09,462 - tpp_runner.py[pid:24120;line:136:_train_model] - INFO: [ Epoch 251 (test) ]: test loglike is 3.151711400028785, num_events is 33655, mark_ll is -1.418665241745283, time_ll is 4.570376641774068[0m
[31;1m2026-09-28 09:46:09,462 - tpp_runner.py[pid:24120;line:140:_train_model] - CRITICAL: current best loglike on valid set is 2.2194 (updated at epoch-251), best updated at this epoch[0m
[38;20m2026-09-28 09:46:09,690 - tpp_runner.py[pid:24120;line:104:_train_model] - INFO: [ Epoch 252 (train) ]: train loglike is 2.6134171998031497, num_events is 66675, mark_ll is -1.4242524152254405, time_ll is 4.037669644321803[0m
[38;20m2026-09-28 09:46:09,725 - tpp_runner.py[pid:24120;line:116:_train_model] - INFO: [ Epoch 252 (valid) ]:  valid loglike is 2.2168537139444267, num_events is 17018, mark_ll is -1.4658117622700964, time_ll is 3.682665705750896[0m
[38;20m2026-09-28 09:46:09,792 - tpp_runner.py[pid:24120;line:136:_train_model] - INFO: [ Epoch 252 (test) ]: test loglike is 3.150535237787383, num_events is 33655, mark_ll is -1.4186081002892401, time_ll is 4.569143207500743[0m
[31;1m2026-09-28 09:46:09,792 - tpp_runner.py[pid:24120;line:140:_train_model] - CRITICAL: current best loglike on valid set is 2.2194 (updated at epoch-251)[0m
[38;20m2026-09-28 09:46:10,031 - tpp_runner.py[pid:24120;line:104:_train_model] - INFO: [ Epoch 253 (train) ]: train loglike is 2.6143174608056805, num_events is 66675, mark_ll is -1.4242935758518467, time_ll is 4.038611098905606[0m
[38;20m2026-09-28 09:46:10,071 - tpp_runner.py[pid:24120;line:116:_train_model] - INFO: [ Epoch 253 (valid) ]:  valid loglike is 2.221449326230407, num_events is 17018, mark_ll is -1.4658989071888038, time_ll is 3.687348305149327[0m
[38;20m2026-09-28 09:46:10,142 - tpp_runner.py[pid:24120;line:136:_train_model] - INFO: [ Epoch 253 (test) ]: test loglike is 3.1547260851726153, num_events is 33655, mark_ll is -1.418761991218337, time_ll is 4.573488134424677[0m
[31;1m2026-09-28 09:46:10,143 - tpp_runner.py[pid:24120;line:140:_train_model] - CRITICAL: current best loglike on valid set is 2.2214 (updated at epoch-253), best updated at this epoch[0m
[38;20m2026-09-28 09:46:10,503 - tpp_runner.py[pid:24120;line:104:_train_model] - INFO: [ Epoch 254 (train) ]: train loglike is 2.615254528730784, num_events is 66675, mark_ll is -1.4243513310836144, time_ll is 4.039606020927072[0m
[38;20m2026-09-28 09:46:10,537 - tpp_runner.py[pid:24120;line:116:_train_model] - INFO: [ Epoch 254 (valid) ]:  valid loglike is 2.2189295691739996, num_events is 17018, mark_ll is -1.4658940151948487, time_ll is 3.68482341938958[0m
[38;20m2026-09-28 09:46:10,607 - tpp_runner.py[pid:24120;line:136:_train_model] - INFO: [ Epoch 254 (test) ]: test loglike is 3.1534114544644183, num_events is 33655, mark_ll is -1.4187061011144797, time_ll is 4.572117377850616[0m
[31;1m2026-09-28 09:46:10,607 - tpp_runner.py[pid:24120;line:140:_train_model] - CRITICAL: current best loglike on valid set is 2.2214 (updated at epoch-253)[0m
[38;20m2026-09-28 09:46:10,839 - tpp_runner.py[pid:24120;line:104:_train_model] - INFO: [ Epoch 255 (train) ]: train loglike is 2.616086283892248, num_events is 66675, mark_ll is -1.4243945166033933, time_ll is 4.0404807968339895[0m
[38;20m2026-09-28 09:46:10,873 - tpp_runner.py[pid:24120;line:116:_train_model] - INFO: [ Epoch 255 (valid) ]:  valid loglike is 2.223359513582585, num_events is 17018, mark_ll is -1.4659778461821673, time_ll is 3.6893371374013912[0m
[38;20m2026-09-28 09:46:10,939 - tpp_runner.py[pid:24120;line:136:_train_model] - INFO: [ Epoch 255 (test) ]: test loglike is 3.1576133862910414, num_events is 33655, mark_ll is -1.4188553021932104, time_ll is 4.576468804551701[0m
[31;1m2026-09-28 09:46:10,939 - tpp_runner.py[pid:24120;line:140:_train_model] - CRITICAL: current best loglike on valid set is 2.2234 (updated at epoch-255), best updated at this epoch[0m
[38;20m2026-09-28 09:46:11,164 - tpp_runner.py[pid:24120;line:104:_train_model] - INFO: [ Epoch 256 (train) ]: train loglike is 2.6170084562183633, num_events is 66675, mark_ll is -1.4244492290026247, time_ll is 4.0414576449428194[0m
[38;20m2026-09-28 09:46:11,199 - tpp_runner.py[pid:24120;line:116:_train_model] - INFO: [ Epoch 256 (valid) ]:  valid loglike is 2.2209295984972712, num_events is 17018, mark_ll is -1.465976655462231, time_ll is 3.6869061320183043[0m
[38;20m2026-09-28 09:46:11,270 - tpp_runner.py[pid:24120;line:136:_train_model] - INFO: [ Epoch 256 (test) ]: test loglike is 3.1561644800526483, num_events is 33655, mark_ll is -1.4188037900084498, time_ll is 4.574968328094823[0m
[31;1m2026-09-28 09:46:11,270 - tpp_runner.py[pid:24120;line:140:_train_model] - CRITICAL: current best loglike on valid set is 2.2234 (updated at epoch-255)[0m
[38;20m2026-09-28 09:46:11,490 - tpp_runner.py[pid:24120;line:104:_train_model] - INFO: [ Epoch 257 (train) ]: train loglike is 2.617777743602362, num_events is 66675, mark_ll is -1.4244944906788994, time_ll is 4.0422722892060365[0m
[38;20m2026-09-28 09:46:11,524 - tpp_runner.py[pid:24120;line:116:_train_model] - INFO: [ Epoch 257 (valid) ]:  valid loglike is 2.225156001526876, num_events is 17018, mark_ll is -1.4660569860198576, time_ll is 3.6912129947197454[0m
[38;20m2026-09-28 09:46:11,594 - tpp_runner.py[pid:24120;line:136:_train_model] - INFO: [ Epoch 257 (test) ]: test loglike is 3.16030279966294, num_events is 33655, mark_ll is -1.4189474778833475, time_ll is 4.579250128834868[0m
[31;1m2026-09-28 09:46:11,825 - tpp_runner.py[pid:24120;line:140:_train_model] - CRITICAL: current best loglike on valid set is 2.2252 (updated at epoch-257), best updated at this epoch[0m
[38;20m2026-09-28 09:46:12,044 - tpp_runner.py[pid:24120;line:104:_train_model] - INFO: [ Epoch 258 (train) ]: train loglike is 2.618676466711192, num_events is 66675, mark_ll is -1.4245464019146044, time_ll is 4.043222883272404[0m
[38;20m2026-09-28 09:46:12,081 - tpp_runner.py[pid:24120;line:116:_train_model] - INFO: [ Epoch 258 (valid) ]:  valid loglike is 2.2228461483107957, num_events is 17018, mark_ll is -1.4660598552245232, time_ll is 3.6889061254765174[0m
[38;20m2026-09-28 09:46:12,154 - tpp_runner.py[pid:24120;line:136:_train_model] - INFO: [ Epoch 258 (test) ]: test loglike is 3.158790346496156, num_events is 33655, mark_ll is -1.4188970429495988, time_ll is 4.577687353174677[0m
[31;1m2026-09-28 09:46:12,154 - tpp_runner.py[pid:24120;line:140:_train_model] - CRITICAL: current best loglike on valid set is 2.2252 (updated at epoch-257)[0m
[38;20m2026-09-28 09:46:12,387 - tpp_runner.py[pid:24120;line:104:_train_model] - INFO: [ Epoch 259 (train) ]: train loglike is 2.619388698238892, num_events is 66675, mark_ll is -1.4245941791455756, time_ll is 4.043982866399513[0m
[38;20m2026-09-28 09:46:12,420 - tpp_runner.py[pid:24120;line:116:_train_model] - INFO: [ Epoch 259 (valid) ]:  valid loglike is 2.226828633078762, num_events is 17018, mark_ll is -1.4661371013871343, time_ll is 3.692965978348293[0m
[38;20m2026-09-28 09:46:12,488 - tpp_runner.py[pid:24120;line:136:_train_model] - INFO: [ Epoch 259 (test) ]: test loglike is 3.162780172313735, num_events is 33655, mark_ll is -1.4190378545280233, time_ll is 4.581818034095974[0m
[31;1m2026-09-28 09:46:12,490 - tpp_runner.py[pid:24120;line:140:_train_model] - CRITICAL: current best loglike on valid set is 2.2268 (updated at epoch-259), best updated at this epoch[0m
[38;20m2026-09-28 09:46:12,727 - tpp_runner.py[pid:24120;line:104:_train_model] - INFO: [ Epoch 260 (train) ]: train loglike is 2.6202562387221127, num_events is 66675, mark_ll is -1.4246431134584738, time_ll is 4.044899260639295[0m
[38;20m2026-09-28 09:46:12,759 - tpp_runner.py[pid:24120;line:116:_train_model] - INFO: [ Epoch 260 (valid) ]:  valid loglike is 2.2246743911777234, num_events is 17018, mark_ll is -1.4661447836826265, time_ll is 3.6908191676873385[0m
[38;20m2026-09-28 09:46:12,831 - tpp_runner.py[pid:24120;line:136:_train_model] - INFO: [ Epoch 260 (test) ]: test loglike is 3.1612809363277186, num_events is 33655, mark_ll is -1.4189909995496583, time_ll is 4.580271899606299[0m
[31;1m2026-09-28 09:46:12,831 - tpp_runner.py[pid:24120;line:140:_train_model] - CRITICAL: current best loglike on valid set is 2.2268 (updated at epoch-259)[0m
[38;20m2026-09-28 09:46:13,053 - tpp_runner.py[pid:24120;line:104:_train_model] - INFO: [ Epoch 261 (train) ]: train loglike is 2.62091832026856, num_events is 66675, mark_ll is -1.4246936076349832, time_ll is 4.04561187664042[0m
[38;20m2026-09-28 09:46:13,091 - tpp_runner.py[pid:24120;line:116:_train_model] - INFO: [ Epoch 261 (valid) ]:  valid loglike is 2.228381747910301, num_events is 17018, mark_ll is -1.4662186943948137, time_ll is 3.6946003347099396[0m
[38;20m2026-09-28 09:46:13,154 - tpp_runner.py[pid:24120;line:136:_train_model] - INFO: [ Epoch 261 (test) ]: test loglike is 3.1650663020794645, num_events is 33655, mark_ll is -1.4191284959515673, time_ll is 4.584194892335834[0m
[31;1m2026-09-28 09:46:13,154 - tpp_runner.py[pid:24120;line:140:_train_model] - CRITICAL: current best loglike on valid set is 2.2284 (updated at epoch-261), best updated at this epoch[0m
[38;20m2026-09-28 09:46:13,406 - tpp_runner.py[pid:24120;line:104:_train_model] - INFO: [ Epoch 262 (train) ]: train loglike is 2.6217431366001125, num_events is 66675, mark_ll is -1.42473955404012, time_ll is 4.046482690640232[0m
[38;20m2026-09-28 09:46:13,438 - tpp_runner.py[pid:24120;line:116:_train_model] - INFO: [ Epoch 262 (valid) ]:  valid loglike is 2.226419541877534, num_events is 17018, mark_ll is -1.4662321007536139, time_ll is 3.6926517143612645[0m
[38;20m2026-09-28 09:46:13,504 - tpp_runner.py[pid:24120;line:136:_train_model] - INFO: [ Epoch 262 (test) ]: test loglike is 3.163637091036343, num_events is 33655, mark_ll is -1.4190847820485442, time_ll is 4.582721880339102[0m
[31;1m2026-09-28 09:46:13,504 - tpp_runner.py[pid:24120;line:140:_train_model] - CRITICAL: current best loglike on valid set is 2.2284 (updated at epoch-261)[0m
[38;20m2026-09-28 09:46:13,877 - tpp_runner.py[pid:24120;line:104:_train_model] - INFO: [ Epoch 263 (train) ]: train loglike is 2.6223577375093736, num_events is 66675, mark_ll is -1.4247936915600394, time_ll is 4.047151454700975[0m
[38;20m2026-09-28 09:46:13,915 - tpp_runner.py[pid:24120;line:116:_train_model] - INFO: [ Epoch 263 (valid) ]:  valid loglike is 2.2297919476574437, num_events is 17018, mark_ll is -1.4663030274929487, time_ll is 3.6960948460361824[0m
[38;20m2026-09-28 09:46:13,975 - tpp_runner.py[pid:24120;line:136:_train_model] - INFO: [ Epoch 263 (test) ]: test loglike is 3.1671220379586984, num_events is 33655, mark_ll is -1.4192185425294348, time_ll is 4.586340486183331[0m
[31;1m2026-09-28 09:46:13,975 - tpp_runner.py[pid:24120;line:140:_train_model] - CRITICAL: current best loglike on valid set is 2.2298 (updated at epoch-263), best updated at this epoch[0m
[38;20m2026-09-28 09:46:14,211 - tpp_runner.py[pid:24120;line:104:_train_model] - INFO: [ Epoch 264 (train) ]: train loglike is 2.623127043201631, num_events is 66675, mark_ll is -1.4248364413432697, time_ll is 4.047963616364361[0m
[38;20m2026-09-28 09:46:14,256 - tpp_runner.py[pid:24120;line:116:_train_model] - INFO: [ Epoch 264 (valid) ]:  valid loglike is 2.2280701235915648, num_events is 17018, mark_ll is -1.4663233701540281, time_ll is 3.694393493745593[0m
[38;20m2026-09-28 09:46:14,324 - tpp_runner.py[pid:24120;line:136:_train_model] - INFO: [ Epoch 264 (test) ]: test loglike is 3.1658304974186597, num_events is 33655, mark_ll is -1.4191759747924715, time_ll is 4.585006595532796[0m
[31;1m2026-09-28 09:46:14,324 - tpp_runner.py[pid:24120;line:140:_train_model] - CRITICAL: current best loglike on valid set is 2.2298 (updated at epoch-263)[0m
[38;20m2026-09-28 09:46:14,549 - tpp_runner.py[pid:24120;line:104:_train_model] - INFO: [ Epoch 265 (train) ]: train loglike is 2.623701116950225, num_events is 66675, mark_ll is -1.424894954536933, time_ll is 4.048596078810461[0m
[38;20m2026-09-28 09:46:14,588 - tpp_runner.py[pid:24120;line:116:_train_model] - INFO: [ Epoch 265 (valid) ]:  valid loglike is 2.23106444709967, num_events is 17018, mark_ll is -1.4663906816954841, time_ll is 3.6974550068539562[0m
[38;20m2026-09-28 09:46:14,657 - tpp_runner.py[pid:24120;line:136:_train_model] - INFO: [ Epoch 265 (test) ]: test loglike is 3.1689886999633226, num_events is 33655, mark_ll is -1.4193058687764635, time_ll is 4.588294394638613[0m
[31;1m2026-09-28 09:46:14,657 - tpp_runner.py[pid:24120;line:140:_train_model] - CRITICAL: current best loglike on valid set is 2.2311 (updated at epoch-265), best updated at this epoch[0m
[38;20m2026-09-28 09:46:14,886 - tpp_runner.py[pid:24120;line:104:_train_model] - INFO: [ Epoch 266 (train) ]: train loglike is 2.624399954156121, num_events is 66675, mark_ll is -1.4249336655183726, time_ll is 4.049333579396325[0m
[38;20m2026-09-28 09:46:14,924 - tpp_runner.py[pid:24120;line:116:_train_model] - INFO: [ Epoch 266 (valid) ]:  valid loglike is 2.2296275278840785, num_events is 17018, mark_ll is -1.4664205142509952, time_ll is 3.6960482071143423[0m
[38;20m2026-09-28 09:46:14,993 - tpp_runner.py[pid:24120;line:136:_train_model] - INFO: [ Epoch 266 (test) ]: test loglike is 3.167889316339511, num_events is 33655, mark_ll is -1.4192611646730149, time_ll is 4.587150665995023[0m
[31;1m2026-09-28 09:46:14,993 - tpp_runner.py[pid:24120;line:140:_train_model] - CRITICAL: current best loglike on valid set is 2.2311 (updated at epoch-265)[0m
[38;20m2026-09-28 09:46:15,217 - tpp_runner.py[pid:24120;line:104:_train_model] - INFO: [ Epoch 267 (train) ]: train loglike is 2.624935620840364, num_events is 66675, mark_ll is -1.4249982936703225, time_ll is 4.049933870570866[0m
[38;20m2026-09-28 09:46:15,264 - tpp_runner.py[pid:24120;line:116:_train_model] - INFO: [ Epoch 267 (valid) ]:  valid loglike is 2.2321513233460526, num_events is 17018, mark_ll is -1.4664824675527384, time_ll is 3.698633833936861[0m
[38;20m2026-09-28 09:46:15,331 - tpp_runner.py[pid:24120;line:136:_train_model] - INFO: [ Epoch 267 (test) ]: test loglike is 3.170619578199283, num_events is 33655, mark_ll is -1.419382574851898, time_ll is 4.590002124034319[0m
[31;1m2026-09-28 09:46:15,331 - tpp_runner.py[pid:24120;line:140:_train_model] - CRITICAL: current best loglike on valid set is 2.2322 (updated at epoch-267), best updated at this epoch[0m
[38;20m2026-09-28 09:46:15,554 - tpp_runner.py[pid:24120;line:104:_train_model] - INFO: [ Epoch 268 (train) ]: train loglike is 2.625551770628281, num_events is 66675, mark_ll is -1.4250292602584833, time_ll is 4.050580957653731[0m
[38;20m2026-09-28 09:46:15,583 - tpp_runner.py[pid:24120;line:116:_train_model] - INFO: [ Epoch 268 (valid) ]:  valid loglike is 2.2310034693275136, num_events is 17018, mark_ll is -1.4665263233460528, time_ll is 3.6975298500576597[0m
[38;20m2026-09-28 09:46:15,658 - tpp_runner.py[pid:24120;line:136:_train_model] - INFO: [ Epoch 268 (test) ]: test loglike is 3.169712010543567, num_events is 33655, mark_ll is -1.4193174537587283, time_ll is 4.589029159625241[0m
[31;1m2026-09-28 09:46:15,658 - tpp_runner.py[pid:24120;line:140:_train_model] - CRITICAL: current best loglike on valid set is 2.2322 (updated at epoch-267)[0m
[38;20m2026-09-28 09:46:15,872 - tpp_runner.py[pid:24120;line:104:_train_model] - INFO: [ Epoch 269 (train) ]: train loglike is 2.6260351745582584, num_events is 66675, mark_ll is -1.4251049649067304, time_ll is 4.051140018630484[0m
[38;20m2026-09-28 09:46:15,909 - tpp_runner.py[pid:24120;line:116:_train_model] - INFO: [ Epoch 269 (valid) ]:  valid loglike is 2.23301347631001, num_events is 17018, mark_ll is -1.4665740310466309, time_ll is 3.6995872132631624[0m
[38;20m2026-09-28 09:46:15,979 - tpp_runner.py[pid:24120;line:136:_train_model] - INFO: [ Epoch 269 (test) ]: test loglike is 3.1718664400256276, num_events is 33655, mark_ll is -1.4194144426208959, time_ll is 4.591280853629661[0m
[31;1m2026-09-28 09:46:15,979 - tpp_runner.py[pid:24120;line:140:_train_model] - CRITICAL: current best loglike on valid set is 2.2330 (updated at epoch-269), best updated at this epoch[0m
[38;20m2026-09-28 09:46:16,205 - tpp_runner.py[pid:24120;line:104:_train_model] - INFO: [ Epoch 270 (train) ]: train loglike is 2.626687662577334, num_events is 66675, mark_ll is -1.4251131816530747, time_ll is 4.051800844230408[0m
[38;20m2026-09-28 09:46:16,240 - tpp_runner.py[pid:24120;line:116:_train_model] - INFO: [ Epoch 270 (valid) ]:  valid loglike is 2.231509855258954, num_events is 17018, mark_ll is -1.4665683141563344, time_ll is 3.6980780976851717[0m
[38;20m2026-09-28 09:46:16,309 - tpp_runner.py[pid:24120;line:136:_train_model] - INFO: [ Epoch 270 (test) ]: test loglike is 3.1708578138928094, num_events is 33655, mark_ll is -1.419193834671204, time_ll is 4.590051771885678[0m
[31;1m2026-09-28 09:46:16,309 - tpp_runner.py[pid:24120;line:140:_train_model] - CRITICAL: current best loglike on valid set is 2.2330 (updated at epoch-269)[0m
[38;20m2026-09-28 09:46:16,536 - tpp_runner.py[pid:24120;line:104:_train_model] - INFO: [ Epoch 271 (train) ]: train loglike is 2.626679171207115, num_events is 66675, mark_ll is -1.4252053820420885, time_ll is 4.051884666760405[0m
[38;20m2026-09-28 09:46:16,571 - tpp_runner.py[pid:24120;line:116:_train_model] - INFO: [ Epoch 271 (valid) ]:  valid loglike is 2.2343964903429456, num_events is 17018, mark_ll is -1.466729391306264, time_ll is 3.7011259964173964[0m
[38;20m2026-09-28 09:46:16,640 - tpp_runner.py[pid:24120;line:136:_train_model] - INFO: [ Epoch 271 (test) ]: test loglike is 3.1734837093531794, num_events is 33655, mark_ll is -1.4196274771695327, time_ll is 4.5931110486926165[0m
[31;1m2026-09-28 09:46:16,640 - tpp_runner.py[pid:24120;line:140:_train_model] - CRITICAL: current best loglike on valid set is 2.2344 (updated at epoch-271), best updated at this epoch[0m
[38;20m2026-09-28 09:46:16,863 - tpp_runner.py[pid:24120;line:104:_train_model] - INFO: [ Epoch 272 (train) ]: train loglike is 2.6266218407269406, num_events is 66675, mark_ll is -1.4253408192140045, time_ll is 4.051962557414698[0m
[38;20m2026-09-28 09:46:16,902 - tpp_runner.py[pid:24120;line:116:_train_model] - INFO: [ Epoch 272 (valid) ]:  valid loglike is 2.233810067947357, num_events is 17018, mark_ll is -1.466754783767555, time_ll is 3.7005647369467254[0m
[38;20m2026-09-28 09:46:16,972 - tpp_runner.py[pid:24120;line:136:_train_model] - INFO: [ Epoch 272 (test) ]: test loglike is 3.172334293404583, num_events is 33655, mark_ll is -1.4198920093944993, time_ll is 4.592226281036436[0m
[31;1m2026-09-28 09:46:16,972 - tpp_runner.py[pid:24120;line:140:_train_model] - CRITICAL: current best loglike on valid set is 2.2344 (updated at epoch-271)[0m
[38;20m2026-09-28 09:46:17,209 - tpp_runner.py[pid:24120;line:104:_train_model] - INFO: [ Epoch 273 (train) ]: train loglike is 2.627042747586239, num_events is 66675, mark_ll is -1.4253622471995688, time_ll is 4.052404921552775[0m
[38;20m2026-09-28 09:46:17,249 - tpp_runner.py[pid:24120;line:116:_train_model] - INFO: [ Epoch 273 (valid) ]:  valid loglike is 2.226657707383818, num_events is 17018, mark_ll is -1.4669670044906495, time_ll is 3.693624719047479[0m
[38;20m2026-09-28 09:46:17,325 - tpp_runner.py[pid:24120;line:136:_train_model] - INFO: [ Epoch 273 (test) ]: test loglike is 3.1651297764656996, num_events is 33655, mark_ll is -1.420206446995478, time_ll is 4.5853360384786805[0m
[31;1m2026-09-28 09:46:17,325 - tpp_runner.py[pid:24120;line:140:_train_model] - CRITICAL: current best loglike on valid set is 2.2344 (updated at epoch-271)[0m
[38;20m2026-09-28 09:46:17,553 - tpp_runner.py[pid:24120;line:104:_train_model] - INFO: [ Epoch 274 (train) ]: train loglike is 2.6247344533593457, num_events is 66675, mark_ll is -1.4253994056407011, time_ll is 4.050133899278215[0m
[38;20m2026-09-28 09:46:17,588 - tpp_runner.py[pid:24120;line:116:_train_model] - INFO: [ Epoch 274 (valid) ]:  valid loglike is 2.233379113406577, num_events is 17018, mark_ll is -1.4668211628174948, time_ll is 3.7002004483763513[0m
[38;20m2026-09-28 09:46:17,657 - tpp_runner.py[pid:24120;line:136:_train_model] - INFO: [ Epoch 274 (test) ]: test loglike is 3.1734135683428355, num_events is 33655, mark_ll is -1.4199920087561284, time_ll is 4.5934053957435745[0m
[31;1m2026-09-28 09:46:17,657 - tpp_runner.py[pid:24120;line:140:_train_model] - CRITICAL: current best loglike on valid set is 2.2344 (updated at epoch-271)[0m
[38;20m2026-09-28 09:46:17,895 - tpp_runner.py[pid:24120;line:104:_train_model] - INFO: [ Epoch 275 (train) ]: train loglike is 2.628974539803618, num_events is 66675, mark_ll is -1.4253341440230127, time_ll is 4.054308790014529[0m
[38;20m2026-09-28 09:46:17,931 - tpp_runner.py[pid:24120;line:116:_train_model] - INFO: [ Epoch 275 (valid) ]:  valid loglike is 2.236800195243639, num_events is 17018, mark_ll is -1.4669022752333927, time_ll is 3.7037024130929384[0m
[38;20m2026-09-28 09:46:18,005 - tpp_runner.py[pid:24120;line:136:_train_model] - INFO: [ Epoch 275 (test) ]: test loglike is 3.1773262093067522, num_events is 33655, mark_ll is -1.4199361005167324, time_ll is 4.597262404128287[0m
[31;1m2026-09-28 09:46:18,005 - tpp_runner.py[pid:24120;line:140:_train_model] - CRITICAL: current best loglike on valid set is 2.2368 (updated at epoch-275), best updated at this epoch[0m
[38;20m2026-09-28 09:46:18,239 - tpp_runner.py[pid:24120;line:104:_train_model] - INFO: [ Epoch 276 (train) ]: train loglike is 2.6298674775028124, num_events is 66675, mark_ll is -1.4254862563566273, time_ll is 4.055353781460911[0m
[38;20m2026-09-28 09:46:18,273 - tpp_runner.py[pid:24120;line:116:_train_model] - INFO: [ Epoch 276 (valid) ]:  valid loglike is 2.2376339861194765, num_events is 17018, mark_ll is -1.466816715550263, time_ll is 3.7044505725555292[0m
[38;20m2026-09-28 09:46:18,342 - tpp_runner.py[pid:24120;line:136:_train_model] - INFO: [ Epoch 276 (test) ]: test loglike is 3.1781977307653024, num_events is 33655, mark_ll is -1.4198185967329335, time_ll is 4.598016349260883[0m
[31;1m2026-09-28 09:46:18,342 - tpp_runner.py[pid:24120;line:140:_train_model] - CRITICAL: current best loglike on valid set is 2.2376 (updated at epoch-276), best updated at this epoch[0m
[38;20m2026-09-28 09:46:18,583 - tpp_runner.py[pid:24120;line:104:_train_model] - INFO: [ Epoch 277 (train) ]: train loglike is 2.630401771067679, num_events is 66675, mark_ll is -1.4255745314550525, time_ll is 4.0559763574475065[0m
[38;20m2026-09-28 09:46:18,621 - tpp_runner.py[pid:24120;line:116:_train_model] - INFO: [ Epoch 277 (valid) ]:  valid loglike is 2.2374089974356197, num_events is 17018, mark_ll is -1.4667901180230123, time_ll is 3.7041992302268185[0m
[38;20m2026-09-28 09:46:18,728 - tpp_runner.py[pid:24120;line:136:_train_model] - INFO: [ Epoch 277 (test) ]: test loglike is 3.178054002992219, num_events is 33655, mark_ll is -1.4196917350110496, time_ll is 4.597745825053855[0m
[31;1m2026-09-28 09:46:18,728 - tpp_runner.py[pid:24120;line:140:_train_model] - CRITICAL: current best loglike on valid set is 2.2376 (updated at epoch-276)[0m
[38;20m2026-09-28 09:46:19,064 - tpp_runner.py[pid:24120;line:104:_train_model] - INFO: [ Epoch 278 (train) ]: train loglike is 2.631716055024372, num_events is 66675, mark_ll is -1.4256504558023997, time_ll is 4.057366554766592[0m
[38;20m2026-09-28 09:46:19,099 - tpp_runner.py[pid:24120;line:116:_train_model] - INFO: [ Epoch 278 (valid) ]:  valid loglike is 2.2368248704037637, num_events is 17018, mark_ll is -1.466758241159177, time_ll is 3.703583168947034[0m
[38;20m2026-09-28 09:46:19,163 - tpp_runner.py[pid:24120;line:136:_train_model] - INFO: [ Epoch 278 (test) ]: test loglike is 3.177983064018162, num_events is 33655, mark_ll is -1.4192885348283595, time_ll is 4.5972716895242165[0m
[31;1m2026-09-28 09:46:19,163 - tpp_runner.py[pid:24120;line:140:_train_model] - CRITICAL: current best loglike on valid set is 2.2376 (updated at epoch-276)[0m
[38;20m2026-09-28 09:46:19,402 - tpp_runner.py[pid:24120;line:104:_train_model] - INFO: [ Epoch 279 (train) ]: train loglike is 2.6321787010510405, num_events is 66675, mark_ll is -1.425592001195163, time_ll is 4.057770683937945[0m
[38;20m2026-09-28 09:46:19,441 - tpp_runner.py[pid:24120;line:116:_train_model] - INFO: [ Epoch 279 (valid) ]:  valid loglike is 2.239070216725948, num_events is 17018, mark_ll is -1.4668312911099644, time_ll is 3.7059013858947143[0m
[38;20m2026-09-28 09:46:19,511 - tpp_runner.py[pid:24120;line:136:_train_model] - INFO: [ Epoch 279 (test) ]: test loglike is 3.1800368412591924, num_events is 33655, mark_ll is -1.4195324541997847, time_ll is 4.59956927369633[0m
[31;1m2026-09-28 09:46:19,513 - tpp_runner.py[pid:24120;line:140:_train_model] - CRITICAL: current best loglike on valid set is 2.2391 (updated at epoch-279), best updated at this epoch[0m
[38;20m2026-09-28 09:46:19,749 - tpp_runner.py[pid:24120;line:104:_train_model] - INFO: [ Epoch 280 (train) ]: train loglike is 2.633015736314211, num_events is 66675, mark_ll is -1.4256012798204911, time_ll is 4.058617067397825[0m
[38;20m2026-09-28 09:46:19,788 - tpp_runner.py[pid:24120;line:116:_train_model] - INFO: [ Epoch 280 (valid) ]:  valid loglike is 2.2398330449973924, num_events is 17018, mark_ll is -1.4669404284824341, time_ll is 3.706773466306815[0m
[38;20m2026-09-28 09:46:19,865 - tpp_runner.py[pid:24120;line:136:_train_model] - INFO: [ Epoch 280 (test) ]: test loglike is 3.180324964193192, num_events is 33655, mark_ll is -1.4197801312548748, time_ll is 4.600104983007726[0m
[31;1m2026-09-28 09:46:19,865 - tpp_runner.py[pid:24120;line:140:_train_model] - CRITICAL: current best loglike on valid set is 2.2398 (updated at epoch-280), best updated at this epoch[0m
[38;20m2026-09-28 09:46:20,103 - tpp_runner.py[pid:24120;line:104:_train_model] - INFO: [ Epoch 281 (train) ]: train loglike is 2.633163169056993, num_events is 66675, mark_ll is -1.4256969221620734, time_ll is 4.058860171775403[0m
[38;20m2026-09-28 09:46:20,138 - tpp_runner.py[pid:24120;line:116:_train_model] - INFO: [ Epoch 281 (valid) ]:  valid loglike is 2.2382657491217937, num_events is 17018, mark_ll is -1.4670385337629641, time_ll is 3.7053042900577697[0m
[38;20m2026-09-28 09:46:20,205 - tpp_runner.py[pid:24120;line:136:_train_model] - INFO: [ Epoch 281 (test) ]: test loglike is 3.177784196952533, num_events is 33655, mark_ll is -1.419916463355185, time_ll is 4.597700834408892[0m
[31;1m2026-09-28 09:46:20,205 - tpp_runner.py[pid:24120;line:140:_train_model] - CRITICAL: current best loglike on valid set is 2.2398 (updated at epoch-280)[0m
[38;20m2026-09-28 09:46:20,422 - tpp_runner.py[pid:24120;line:104:_train_model] - INFO: [ Epoch 282 (train) ]: train loglike is 2.6331917226167043, num_events is 66675, mark_ll is -1.4257654572963536, time_ll is 4.058957176251406[0m
[38;20m2026-09-28 09:46:20,460 - tpp_runner.py[pid:24120;line:116:_train_model] - INFO: [ Epoch 282 (valid) ]:  valid loglike is 2.2402225969148475, num_events is 17018, mark_ll is -1.467071852402144, time_ll is 3.7072944421439797[0m
[38;20m2026-09-28 09:46:20,531 - tpp_runner.py[pid:24120;line:136:_train_model] - INFO: [ Epoch 282 (test) ]: test loglike is 3.181152779002934, num_events is 33655, mark_ll is -1.4198945374886254, time_ll is 4.601047436186117[0m
[31;1m2026-09-28 09:46:20,533 - tpp_runner.py[pid:24120;line:140:_train_model] - CRITICAL: current best loglike on valid set is 2.2402 (updated at epoch-282), best updated at this epoch[0m
[38;20m2026-09-28 09:46:20,757 - tpp_runner.py[pid:24120;line:104:_train_model] - INFO: [ Epoch 283 (train) ]: train loglike is 2.63398702969746, num_events is 66675, mark_ll is -1.4258381996684009, time_ll is 4.059825200072647[0m
[38;20m2026-09-28 09:46:20,797 - tpp_runner.py[pid:24120;line:116:_train_model] - INFO: [ Epoch 283 (valid) ]:  valid loglike is 2.2409899513566516, num_events is 17018, mark_ll is -1.4669534044605343, time_ll is 3.7079434132012796[0m
[38;20m2026-09-28 09:46:20,867 - tpp_runner.py[pid:24120;line:136:_train_model] - INFO: [ Epoch 283 (test) ]: test loglike is 3.181474496209237, num_events is 33655, mark_ll is -1.419678612135084, time_ll is 4.601153057564812[0m
[31;1m2026-09-28 09:46:20,867 - tpp_runner.py[pid:24120;line:140:_train_model] - CRITICAL: current best loglike on valid set is 2.2410 (updated at epoch-283), best updated at this epoch[0m
[38;20m2026-09-28 09:46:21,123 - tpp_runner.py[pid:24120;line:104:_train_model] - INFO: [ Epoch 284 (train) ]: train loglike is 2.6338542545463066, num_events is 66675, mark_ll is -1.425821216927962, time_ll is 4.059675394579584[0m
[38;20m2026-09-28 09:46:21,159 - tpp_runner.py[pid:24120;line:116:_train_model] - INFO: [ Epoch 284 (valid) ]:  valid loglike is 2.2412732637983495, num_events is 17018, mark_ll is -1.4669715736990796, time_ll is 3.7082448518434523[0m
[38;20m2026-09-28 09:46:21,230 - tpp_runner.py[pid:24120;line:136:_train_model] - INFO: [ Epoch 284 (test) ]: test loglike is 3.1818319621898676, num_events is 33655, mark_ll is -1.4196556271530512, time_ll is 4.601487491411008[0m
[31;1m2026-09-28 09:46:21,230 - tpp_runner.py[pid:24120;line:140:_train_model] - CRITICAL: current best loglike on valid set is 2.2413 (updated at epoch-284), best updated at this epoch[0m
[38;20m2026-09-28 09:46:21,599 - tpp_runner.py[pid:24120;line:104:_train_model] - INFO: [ Epoch 285 (train) ]: train loglike is 2.634220130442679, num_events is 66675, mark_ll is -1.425784010885358, time_ll is 4.060004130343082[0m
[38;20m2026-09-28 09:46:21,627 - tpp_runner.py[pid:24120;line:116:_train_model] - INFO: [ Epoch 285 (valid) ]:  valid loglike is 2.2415204386072833, num_events is 17018, mark_ll is -1.4669073537256507, time_ll is 3.708427777986911[0m
[38;20m2026-09-28 09:46:21,704 - tpp_runner.py[pid:24120;line:136:_train_model] - INFO: [ Epoch 285 (test) ]: test loglike is 3.182125416972311, num_events is 33655, mark_ll is -1.4195230092111129, time_ll is 4.601648418929208[0m
[31;1m2026-09-28 09:46:21,704 - tpp_runner.py[pid:24120;line:140:_train_model] - CRITICAL: current best loglike on valid set is 2.2415 (updated at epoch-285), best updated at this epoch[0m
[38;20m2026-09-28 09:46:21,939 - tpp_runner.py[pid:24120;line:104:_train_model] - INFO: [ Epoch 286 (train) ]: train loglike is 2.634602194501078, num_events is 66675, mark_ll is -1.4257611768255531, time_ll is 4.060363382311586[0m
[38;20m2026-09-28 09:46:21,976 - tpp_runner.py[pid:24120;line:116:_train_model] - INFO: [ Epoch 286 (valid) ]:  valid loglike is 2.241800508847709, num_events is 17018, mark_ll is -1.466916018723741, time_ll is 3.708716405630252[0m
[38;20m2026-09-28 09:46:22,053 - tpp_runner.py[pid:24120;line:136:_train_model] - INFO: [ Epoch 286 (test) ]: test loglike is 3.1826999363370043, num_events is 33655, mark_ll is -1.419528435364359, time_ll is 4.602228378955578[0m
[31;1m2026-09-28 09:46:22,053 - tpp_runner.py[pid:24120;line:140:_train_model] - CRITICAL: current best loglike on valid set is 2.2418 (updated at epoch-286), best updated at this epoch[0m
[38;20m2026-09-28 09:46:22,276 - tpp_runner.py[pid:24120;line:104:_train_model] - INFO: [ Epoch 287 (train) ]: train loglike is 2.6346234906671824, num_events is 66675, mark_ll is -1.425831967537261, time_ll is 4.06045553876078[0m
[38;20m2026-09-28 09:46:22,312 - tpp_runner.py[pid:24120;line:116:_train_model] - INFO: [ Epoch 287 (valid) ]:  valid loglike is 2.2413124356150473, num_events is 17018, mark_ll is -1.466932595553697, time_ll is 3.7082449666116393[0m
[38;20m2026-09-28 09:46:22,407 - tpp_runner.py[pid:24120;line:136:_train_model] - INFO: [ Epoch 287 (test) ]: test loglike is 3.182426532206396, num_events is 33655, mark_ll is -1.4196607450021357, time_ll is 4.602087182903729[0m
[31;1m2026-09-28 09:46:22,407 - tpp_runner.py[pid:24120;line:140:_train_model] - CRITICAL: current best loglike on valid set is 2.2418 (updated at epoch-286)[0m
[38;20m2026-09-28 09:46:22,645 - tpp_runner.py[pid:24120;line:104:_train_model] - INFO: [ Epoch 288 (train) ]: train loglike is 2.6350649284073864, num_events is 66675, mark_ll is -1.4258630732681852, time_ll is 4.060928082231909[0m
[38;20m2026-09-28 09:46:22,680 - tpp_runner.py[pid:24120;line:116:_train_model] - INFO: [ Epoch 288 (valid) ]:  valid loglike is 2.241592871679068, num_events is 17018, mark_ll is -1.4669760711773931, time_ll is 3.708568770704181[0m
[38;20m2026-09-28 09:46:22,741 - tpp_runner.py[pid:24120;line:136:_train_model] - INFO: [ Epoch 288 (test) ]: test loglike is 3.1827390293047095, num_events is 33655, mark_ll is -1.4198057640255906, time_ll is 4.602545054482061[0m
[31;1m2026-09-28 09:46:22,741 - tpp_runner.py[pid:24120;line:140:_train_model] - CRITICAL: current best loglike on valid set is 2.2418 (updated at epoch-286)[0m
[38;20m2026-09-28 09:46:22,983 - tpp_runner.py[pid:24120;line:104:_train_model] - INFO: [ Epoch 289 (train) ]: train loglike is 2.6354489770809897, num_events is 66675, mark_ll is -1.4259068812687477, time_ll is 4.061355909612861[0m
[38;20m2026-09-28 09:46:23,009 - tpp_runner.py[pid:24120;line:116:_train_model] - INFO: [ Epoch 289 (valid) ]:  valid loglike is 2.241877389186725, num_events is 17018, mark_ll is -1.4669564816825384, time_ll is 3.70883398563745[0m
[38;20m2026-09-28 09:46:23,080 - tpp_runner.py[pid:24120;line:136:_train_model] - INFO: [ Epoch 289 (test) ]: test loglike is 3.1829997313038554, num_events is 33655, mark_ll is -1.4197645310642921, time_ll is 4.602764204334423[0m
[31;1m2026-09-28 09:46:23,080 - tpp_runner.py[pid:24120;line:140:_train_model] - CRITICAL: current best loglike on valid set is 2.2419 (updated at epoch-289), best updated at this epoch[0m
[38;20m2026-09-28 09:46:23,312 - tpp_runner.py[pid:24120;line:104:_train_model] - INFO: [ Epoch 290 (train) ]: train loglike is 2.6356051099081363, num_events is 66675, mark_ll is -1.4259158889318522, time_ll is 4.061521101366235[0m
[38;20m2026-09-28 09:46:23,348 - tpp_runner.py[pid:24120;line:116:_train_model] - INFO: [ Epoch 290 (valid) ]:  valid loglike is 2.241953889356123, num_events is 17018, mark_ll is -1.4669451554971207, time_ll is 3.7088988153168705[0m
[38;20m2026-09-28 09:46:23,420 - tpp_runner.py[pid:24120;line:136:_train_model] - INFO: [ Epoch 290 (test) ]: test loglike is 3.1831079206748627, num_events is 33655, mark_ll is -1.4197384267695643, time_ll is 4.602846307546241[0m
[31;1m2026-09-28 09:46:23,420 - tpp_runner.py[pid:24120;line:140:_train_model] - CRITICAL: current best loglike on valid set is 2.2420 (updated at epoch-290), best updated at this epoch[0m
[38;20m2026-09-28 09:46:23,657 - tpp_runner.py[pid:24120;line:104:_train_model] - INFO: [ Epoch 291 (train) ]: train loglike is 2.635730569079256, num_events is 66675, mark_ll is -1.4259247318206318, time_ll is 4.061655271606674[0m
[38;20m2026-09-28 09:46:23,699 - tpp_runner.py[pid:24120;line:116:_train_model] - INFO: [ Epoch 291 (valid) ]:  valid loglike is 2.241994101259512, num_events is 17018, mark_ll is -1.4669470635182233, time_ll is 3.7089411073936422[0m
[38;20m2026-09-28 09:46:23,783 - tpp_runner.py[pid:24120;line:136:_train_model] - INFO: [ Epoch 291 (test) ]: test loglike is 3.183174362035266, num_events is 33655, mark_ll is -1.4197466856939904, time_ll is 4.602921098508766[0m
[31;1m2026-09-28 09:46:23,783 - tpp_runner.py[pid:24120;line:140:_train_model] - CRITICAL: current best loglike on valid set is 2.2420 (updated at epoch-291), best updated at this epoch[0m
[38;20m2026-09-28 09:46:24,004 - tpp_runner.py[pid:24120;line:104:_train_model] - INFO: [ Epoch 292 (train) ]: train loglike is 2.635833234468738, num_events is 66675, mark_ll is -1.42593460363353, time_ll is 4.0617678600721785[0m
[38;20m2026-09-28 09:46:24,042 - tpp_runner.py[pid:24120;line:116:_train_model] - INFO: [ Epoch 292 (valid) ]:  valid loglike is 2.242228960007419, num_events is 17018, mark_ll is -1.4669452487462724, time_ll is 3.7091744454630757[0m
[38;20m2026-09-28 09:46:24,114 - tpp_runner.py[pid:24120;line:136:_train_model] - INFO: [ Epoch 292 (test) ]: test loglike is 3.1833422826172746, num_events is 33655, mark_ll is -1.4197405595089418, time_ll is 4.603082838499109[0m
[31;1m2026-09-28 09:46:24,114 - tpp_runner.py[pid:24120;line:140:_train_model] - CRITICAL: current best loglike on valid set is 2.2422 (updated at epoch-292), best updated at this epoch[0m
[38;20m2026-09-28 09:46:24,351 - tpp_runner.py[pid:24120;line:104:_train_model] - INFO: [ Epoch 293 (train) ]: train loglike is 2.6359218208075554, num_events is 66675, mark_ll is -1.4259391404199475, time_ll is 4.061860946580897[0m
[38;20m2026-09-28 09:46:24,388 - tpp_runner.py[pid:24120;line:116:_train_model] - INFO: [ Epoch 293 (valid) ]:  valid loglike is 2.2422728444927795, num_events is 17018, mark_ll is -1.4669440221612777, time_ll is 3.7092168666540575[0m
[38;20m2026-09-28 09:46:24,456 - tpp_runner.py[pid:24120;line:136:_train_model] - INFO: [ Epoch 293 (test) ]: test loglike is 3.183366315833457, num_events is 33655, mark_ll is -1.4197395330374387, time_ll is 4.603105703786585[0m
[31;1m2026-09-28 09:46:24,456 - tpp_runner.py[pid:24120;line:140:_train_model] - CRITICAL: current best loglike on valid set is 2.2423 (updated at epoch-293), best updated at this epoch[0m
[38;20m2026-09-28 09:46:24,826 - tpp_runner.py[pid:24120;line:104:_train_model] - INFO: [ Epoch 294 (train) ]: train loglike is 2.635999242770435, num_events is 66675, mark_ll is -1.4259410920802869, time_ll is 4.0619403751288905[0m
[38;20m2026-09-28 09:46:24,861 - tpp_runner.py[pid:24120;line:116:_train_model] - INFO: [ Epoch 294 (valid) ]:  valid loglike is 2.2422638208441064, num_events is 17018, mark_ll is -1.4669474365148298, time_ll is 3.709211257358936[0m
[38;20m2026-09-28 09:46:24,929 - tpp_runner.py[pid:24120;line:136:_train_model] - INFO: [ Epoch 294 (test) ]: test loglike is 3.1833682309463676, num_events is 33655, mark_ll is -1.4197449736991161, time_ll is 4.603113074069603[0m
[31;1m2026-09-28 09:46:24,929 - tpp_runner.py[pid:24120;line:140:_train_model] - CRITICAL: current best loglike on valid set is 2.2423 (updated at epoch-293)[0m
[38;20m2026-09-28 09:46:25,154 - tpp_runner.py[pid:24120;line:104:_train_model] - INFO: [ Epoch 295 (train) ]: train loglike is 2.6360646764857516, num_events is 66675, mark_ll is -1.4259452517165823, time_ll is 4.062010071006749[0m
[38;20m2026-09-28 09:46:25,186 - tpp_runner.py[pid:24120;line:116:_train_model] - INFO: [ Epoch 295 (valid) ]:  valid loglike is 2.242368618544519, num_events is 17018, mark_ll is -1.466950147913239, time_ll is 3.7093188812259448[0m
[38;20m2026-09-28 09:46:25,249 - tpp_runner.py[pid:24120;line:136:_train_model] - INFO: [ Epoch 295 (test) ]: test loglike is 3.1834722709060688, num_events is 33655, mark_ll is -1.4197498195151166, time_ll is 4.603222177471772[0m
[31;1m2026-09-28 09:46:25,249 - tpp_runner.py[pid:24120;line:140:_train_model] - CRITICAL: current best loglike on valid set is 2.2424 (updated at epoch-295), best updated at this epoch[0m
[38;20m2026-09-28 09:46:25,470 - tpp_runner.py[pid:24120;line:104:_train_model] - INFO: [ Epoch 296 (train) ]: train loglike is 2.6361016005811773, num_events is 66675, mark_ll is -1.4259486277594207, time_ll is 4.062050202709036[0m
[38;20m2026-09-28 09:46:25,502 - tpp_runner.py[pid:24120;line:116:_train_model] - INFO: [ Epoch 296 (valid) ]:  valid loglike is 2.242353583912071, num_events is 17018, mark_ll is -1.4669520128962716, time_ll is 3.7093056685384593[0m
[38;20m2026-09-28 09:46:25,582 - tpp_runner.py[pid:24120;line:136:_train_model] - INFO: [ Epoch 296 (test) ]: test loglike is 3.183470138166691, num_events is 33655, mark_ll is -1.419754418687788, time_ll is 4.6032244988207545[0m
[31;1m2026-09-28 09:46:25,582 - tpp_runner.py[pid:24120;line:140:_train_model] - CRITICAL: current best loglike on valid set is 2.2424 (updated at epoch-295)[0m
[38;20m2026-09-28 09:46:25,802 - tpp_runner.py[pid:24120;line:104:_train_model] - INFO: [ Epoch 297 (train) ]: train loglike is 2.636125694249156, num_events is 66675, mark_ll is -1.4259498214578648, time_ll is 4.062075424165729[0m
[38;20m2026-09-28 09:46:25,833 - tpp_runner.py[pid:24120;line:116:_train_model] - INFO: [ Epoch 297 (valid) ]:  valid loglike is 2.2423457796753805, num_events is 17018, mark_ll is -1.4669525150070881, time_ll is 3.709298409450655[0m
[38;20m2026-09-28 09:46:25,912 - tpp_runner.py[pid:24120;line:136:_train_model] - INFO: [ Epoch 297 (test) ]: test loglike is 3.1834688251536734, num_events is 33655, mark_ll is -1.419755884039333, time_ll is 4.603224759972515[0m
[31;1m2026-09-28 09:46:25,912 - tpp_runner.py[pid:24120;line:140:_train_model] - CRITICAL: current best loglike on valid set is 2.2424 (updated at epoch-295)[0m
[38;20m2026-09-28 09:46:26,148 - tpp_runner.py[pid:24120;line:104:_train_model] - INFO: [ Epoch 298 (train) ]: train loglike is 2.636138191466301, num_events is 66675, mark_ll is -1.4259502938109299, time_ll is 4.06208848161558[0m
[38;20m2026-09-28 09:46:26,180 - tpp_runner.py[pid:24120;line:116:_train_model] - INFO: [ Epoch 298 (valid) ]:  valid loglike is 2.2423472716618065, num_events is 17018, mark_ll is -1.4669526584673214, time_ll is 3.709299944475151[0m
[38;20m2026-09-28 09:46:26,227 - tpp_runner.py[pid:24120;line:136:_train_model] - INFO: [ Epoch 298 (test) ]: test loglike is 3.1834723434482246, num_events is 33655, mark_ll is -1.4197559710899197, time_ll is 4.603228169453833[0m
[31;1m2026-09-28 09:46:26,227 - tpp_runner.py[pid:24120;line:140:_train_model] - CRITICAL: current best loglike on valid set is 2.2424 (updated at epoch-295)[0m
[38;20m2026-09-28 09:46:26,464 - tpp_runner.py[pid:24120;line:104:_train_model] - INFO: [ Epoch 299 (train) ]: train loglike is 2.6361431932824804, num_events is 66675, mark_ll is -1.42595049154012, time_ll is 4.062093585958006[0m
[38;20m2026-09-28 09:46:26,496 - tpp_runner.py[pid:24120;line:116:_train_model] - INFO: [ Epoch 299 (valid) ]:  valid loglike is 2.2423479602709264, num_events is 17018, mark_ll is -1.4669526728133446, time_ll is 3.709300633084271[0m
[38;20m2026-09-28 09:46:26,571 - tpp_runner.py[pid:24120;line:136:_train_model] - INFO: [ Epoch 299 (test) ]: test loglike is 3.183474563238189, num_events is 33655, mark_ll is -1.4197560073609976, time_ll is 4.603230447277522[0m
[31;1m2026-09-28 09:46:26,571 - tpp_runner.py[pid:24120;line:140:_train_model] - CRITICAL: current best loglike on valid set is 2.2424 (updated at epoch-295)[0m
[38;20m2026-09-28 09:46:26,571 - base_runner.py[pid:24120;line:118:train] - INFO: End IntensityFree train! Cost time: 1.746m[0m
RESULT {"model": "IntensityFree", "dataset": "lob_aapl", "seed": 2019, "ll_per_event": 3.1834722709060688, "mark_ll": -1.4197498195151166, "time_ll": 4.603222177471772, "val_ll": 2.242368618544519, "best_epoch": 295, "n_params": 7184, "seconds": 105.59111833572388, "max_epoch": 300, "batch_size": 64}
